{
"type": "FeatureCollection",
"name": "statistiche_zonali_lecce",
"crs": { "type": "name", "properties": { "name": "urn:ogc:def:crs:EPSG::32633" } },
"features": [
{ "type": "Feature", "properties": { "fid": 1.0, "ogc_fid": 1.0, "district": "Centro", "_mean": -5.8121806713298438, "_stdev": 0.82192788696029195, "_min": -9.1139812469482422, "_max": -3.874158620834351 }, "geometry": { "type": "MultiPolygon", "coordinates": [ [ [ [ 769293.913264410337433, 4471020.773532894439995 ], [ 768663.699247361626476, 4471478.462899507954717 ], [ 769174.396872195298783, 4472645.301474992185831 ], [ 769372.155521255917847, 4472504.222304644994438 ], [ 769451.012297264300287, 4472401.758934091776609 ], [ 769577.378009936772287, 4472134.295791488140821 ], [ 769626.288188650505617, 4472125.495373016223311 ], [ 769721.173308243043721, 4472096.65286841057241 ], [ 769787.234607340069488, 4471640.606267605908215 ], [ 769800.967815534910187, 4471584.662098908796906 ], [ 769293.913264410337433, 4471020.773532894439995 ] ] ] ] } },
{ "type": "Feature", "properties": { "fid": 2.0, "ogc_fid": 2.0, "district": "Fraz. Villaconvento", "_mean": -0.85776052950044901, "_stdev": 2.3962503745745689, "_min": -7.1212749481201181, "_max": 4.4111232757568359 }, "geometry": { "type": "MultiPolygon", "coordinates": [ [ [ [ 760739.699262130539864, 4473528.625352584756911 ], [ 760741.129499999806285, 4473531.604499999433756 ], [ 760748.690100000239909, 4473547.394300000742078 ], [ 761181.778930939268321, 4473336.516141864471138 ], [ 762681.245687974966131, 4473005.470587251707911 ], [ 762706.693994451430626, 4472912.915445202961564 ], [ 762707.270100000314415, 4472865.016100000590086 ], [ 762703.020299999974668, 4472868.636900000274181 ], [ 762696.749499999918044, 4472871.277499999850988 ], [ 762672.935100000351667, 4472878.830700000748038 ], [ 762651.864900000393391, 4472885.4101 ], [ 762640.896300000138581, 4472888.465700000524521 ], [ 762630.558500000275671, 4472891.498299999162555 ], [ 762619.565899999812245, 4472895.620899999514222 ], [ 762595.807500000111759, 4472907.854900000616908 ], [ 762587.955699999816716, 4472914.38150000013411 ], [ 762582.752899999730289, 4472918.647299999371171 ], [ 762577.391099999658763, 4472922.3279 ], [ 762571.531299999915063, 4472925.082699999213219 ], [ 762561.777499999850988, 4472928.41950000077486 ], [ 762550.918899999931455, 4472932.684900000691414 ], [ 762539.102300000376999, 4472936.432700000703335 ], [ 762530.319500000216067, 4472938.203299999237061 ], [ 762523.9527000002563, 4472938.488099999725819 ], [ 762518.322900000028312, 4472938.242900000885129 ], [ 762510.199300000444055, 4472936.715900000184774 ], [ 762508.017300000414252, 4472936.353700000792742 ], [ 762503.334499999880791, 4472934.811699999496341 ], [ 762497.884700000286102, 4472932.989499999210238 ], [ 762491.916899999603629, 4472930.740499999374151 ], [ 762484.757299999706447, 4472927.4123 ], [ 762474.993700000457466, 4472921.851299999281764 ], [ 762468.478900000452995, 4472918.30210000090301 ], [ 762459.760300000198185, 4472914.377100000157952 ], [ 762445.576899999752641, 4472908.835899999365211 ], [ 762411.679100000299513, 4472896.754300000146031 ], [ 762384.082299999892712, 4472886.061899999156594 ], [ 762379.23450000025332, 4472884.465700000524521 ], [ 762378.290300000458956, 4472884.177699999883771 ], [ 762379.980499999597669, 4472865.158700000494719 ], [ 762384.361899999901652, 4472813.612500000745058 ], [ 762387.543499999679625, 4472734.046700000762939 ], [ 762343.852699999697506, 4472745.57289999909699 ], [ 762291.74349999986589, 4472759.561699999496341 ], [ 762236.201299999840558, 4472773.5581 ], [ 762221.965099999681115, 4472777.481899999082088 ], [ 762204.494099999777973, 4472706.995899999514222 ], [ 762185.188099999912083, 4472633.6645 ], [ 762177.098100000061095, 4472606.028100000694394 ], [ 762174.163099999539554, 4472598.188699999824166 ], [ 762164.638299999758601, 4472602.761099999770522 ], [ 762138.091500000096858, 4472612.6557 ], [ 762111.727500000037253, 4472625.904100000858307 ], [ 762089.030899999663234, 4472638.610500000417233 ], [ 762086.091300000436604, 4472640.724300000816584 ], [ 762059.7977, 4472611.881699999794364 ], [ 762027.375300000421703, 4472599.110300000756979 ], [ 762021.964499999769032, 4472594.747300000861287 ], [ 762006.453099999576807, 4472582.122099999338388 ], [ 761995.993700000457466, 4472573.55210000090301 ], [ 761978.27350000012666, 4472558.3311 ], [ 761970.501899999566376, 4472550.991100000217557 ], [ 761953.963499999605119, 4472534.584100000560284 ], [ 761937.145299999974668, 4472517.8581000007689 ], [ 761919.440299999900162, 4472499.460100000724196 ], [ 761901.61809999961406, 4472481.255300000309944 ], [ 761895.218299999833107, 4472474.407299999147654 ], [ 761891.367499999701977, 4472467.824300000444055 ], [ 761889.732699999585748, 4472462.822499999776483 ], [ 761889.7807, 4472456.22069999948144 ], [ 761892.278900000266731, 4472441.062100000679493 ], [ 761893.200899999588728, 4472434.25730000063777 ], [ 761893.704900000244379, 4472429.374500000849366 ], [ 761894.577899999916553, 4472426.681700000539422 ], [ 761896.128899999894202, 4472424.24070000089705 ], [ 761897.622899999842048, 4472423.147700000554323 ], [ 761902.566700000315905, 4472423.061899999156594 ], [ 761905.249699999578297, 4472423.16190000064671 ], [ 761909.688500000163913, 4472423.019099999219179 ], [ 761916.629099999554455, 4472422.587300000712276 ], [ 761943.97829999960959, 4472423.304099999368191 ], [ 761948.111100000329316, 4472423.393100000917912 ], [ 761954.924899999983609, 4472423.539300000295043 ], [ 761974.091099999845028, 4472423.298900000751019 ], [ 761979.343100000172853, 4472423.409900000318885 ], [ 761982.118900000117719, 4472423.468100000172853 ], [ 762002.90610000025481, 4472423.907500000670552 ], [ 762027.161299999803305, 4472424.1151 ], [ 762051.377500000409782, 4472424.113900000229478 ], [ 762071.590699999593198, 4472423.840299999341369 ], [ 762096.588899999856949, 4472424.298900000751019 ], [ 762119.840900000184774, 4472425.056700000539422 ], [ 762141.610299999825656, 4472423.608300000429153 ], [ 762171.173299999907613, 4472420.351099999621511 ], [ 762180.098899999633431, 4472418.58530000038445 ], [ 762186.087700000032783, 4472415.73369999974966 ], [ 762188.073699999600649, 4472413.425699999555945 ], [ 762188.911700000055134, 4472411.548900000751019 ], [ 762189.027700000442564, 4472408.302899999544024 ], [ 762188.806900000199676, 4472404.015900000929832 ], [ 762186.98589999973774, 4472400.8421 ], [ 762182.418100000359118, 4472396.162100000306964 ], [ 762166.063900000415742, 4472379.197100000455976 ], [ 762155.626299999654293, 4472368.020099999383092 ], [ 762141.370099999941885, 4472353.128100000321865 ], [ 762128.045699999667704, 4472337.994300000369549 ], [ 762109.377700000070035, 4472316.093299999833107 ], [ 762083.463899999856949, 4472286.99349999986589 ], [ 762064.053899999707937, 4472265.550499999895692 ], [ 762055.054299999959767, 4472254.165699999779463 ], [ 762038.748100000433624, 4472233.440899999812245 ], [ 762025.13370000012219, 4472216.557900000363588 ], [ 762019.2511, 4472210.263900000602007 ], [ 762011.337500000372529, 4472200.883099999278784 ], [ 762005.974700000137091, 4472192.895099999383092 ], [ 762002.230899999849498, 4472186.54109999909997 ], [ 761999.114099999889731, 4472182.975299999117851 ], [ 761992.266499999910593, 4472175.90430000051856 ], [ 761986.489699999801815, 4472171.04109999909997 ], [ 761981.433899999596179, 4472168.769099999219179 ], [ 761973.958300000056624, 4472165.3421 ], [ 761971.714300000108778, 4472164.253100000321865 ], [ 761963.939699999988079, 4472161.899900000542402 ], [ 761952.674100000411272, 4472158.49970000050962 ], [ 761945.419300000183284, 4472155.97749999910593 ], [ 761936.408699999563396, 4472152.32149999961257 ], [ 761926.981100000441074, 4472147.314300000667572 ], [ 761914.1727, 4472139.640100000426173 ], [ 761908.328900000080466, 4472135.789100000634789 ], [ 761903.754099999554455, 4472131.210100000724196 ], [ 761901.973100000061095, 4472128.9551 ], [ 761898.576299999840558, 4472125.908099999651313 ], [ 761897.706500000320375, 4472123.714299999177456 ], [ 761895.830500000156462, 4472121.350299999117851 ], [ 761885.979899999685585, 4472110.518300000578165 ], [ 761865.981900000013411, 4472090.25730000063777 ], [ 761856.08530000038445, 4472078.6075 ], [ 761849.822700000368059, 4472074.932299999520183 ], [ 761826.056699999608099, 4472056.249299999326468 ], [ 761824.431900000199676, 4472054.894300000742078 ], [ 761809.201500000432134, 4472042.200300000607967 ], [ 761800.239900000393391, 4472036.309100000187755 ], [ 761797.080900000408292, 4472034.8761 ], [ 761787.321299999952316, 4472031.779899999499321 ], [ 761780.889700000174344, 4472029.11089999973774 ], [ 761775.969899999909103, 4472026.643699999898672 ], [ 761762.913499999791384, 4472016.613700000569224 ], [ 761743.028300000354648, 4471999.207699999213219 ], [ 761734.931699999608099, 4471991.035700000822544 ], [ 761732.070899999700487, 4471988.199699999764562 ], [ 761726.254099999554455, 4471983.94370000064373 ], [ 761717.528500000014901, 4471979.085699999704957 ], [ 761708.694899999536574, 4471974.322499999776483 ], [ 761703.546099999919534, 4471970.7215 ], [ 761698.043300000019372, 4471968.8915 ], [ 761679.463700000196695, 4471984.275499999523163 ], [ 761677.367899999953806, 4471985.995300000533462 ], [ 761668.678100000135601, 4471993.126900000497699 ], [ 761653.35149999987334, 4472005.704299999400973 ], [ 761651.521499999798834, 4472007.2061 ], [ 761624.624099999666214, 4472029.14670000039041 ], [ 761616.270299999974668, 4472036.019300000742078 ], [ 761599.708700000308454, 4472049.679500000551343 ], [ 761588.229100000113249, 4472059.046900000423193 ], [ 761581.401300000026822, 4472064.61769999936223 ], [ 761578.410299999639392, 4472067.058499999344349 ], [ 761557.884899999946356, 4472083.472500000149012 ], [ 761535.360500000417233, 4472100.96030000038445 ], [ 761533.655500000342727, 4472102.283299999311566 ], [ 761519.176900000311434, 4472112.709699999541044 ], [ 761507.817300000227988, 4472120.88910000026226 ], [ 761476.837100000120699, 4472142.203700000420213 ], [ 761468.532300000078976, 4472147.706299999728799 ], [ 761455.630699999630451, 4472156.256699999794364 ], [ 761450.165900000371039, 4472159.878499999642372 ], [ 761441.990100000053644, 4472165.2961 ], [ 761406.593100000172853, 4472189.0625 ], [ 761369.166899999603629, 4472214.42090000025928 ], [ 761364.525100000202656, 4472217.532500000670552 ], [ 761337.586900000460446, 4472235.595300000160933 ], [ 761305.476700000464916, 4472257.140699999406934 ], [ 761279.172100000083447, 4472275.1075 ], [ 761245.855700000189245, 4472299.616699999198318 ], [ 761222.122100000269711, 4472317.039300000295043 ], [ 761218.002299999818206, 4472320.270099999383092 ], [ 761205.374499999918044, 4472330.172499999403954 ], [ 761186.201899999752641, 4472345.206299999728799 ], [ 761181.357900000177324, 4472349.009099999442697 ], [ 761172.519100000150502, 4472355.95549999922514 ], [ 761168.794099999591708, 4472358.883300000801682 ], [ 761159.955299999564886, 4472365.829900000244379 ], [ 761153.98450000025332, 4472370.52250000089407 ], [ 761127.542899999767542, 4472390.609099999070168 ], [ 761123.869900000281632, 4472394.440899999812245 ], [ 761113.287100000306964, 4472402.956299999728799 ], [ 761108.876299999654293, 4472406.278100000694394 ], [ 761089.943500000052154, 4472421.399900000542402 ], [ 761085.984699999913573, 4472424.561699999496341 ], [ 761067.499900000169873, 4472439.3257 ], [ 761063.731100000441074, 4472442.336500000208616 ], [ 761054.349100000225008, 4472450.265900000929832 ], [ 761048.446299999952316, 4472455.254699999466538 ], [ 761022.141699999570847, 4472477.486099999397993 ], [ 761018.884899999946356, 4472480.238900000229478 ], [ 761004.935100000351667, 4472492.028100000694394 ], [ 760925.930499999783933, 4472561.79450000077486 ], [ 760866.058500000275671, 4472614.377100000157952 ], [ 760854.824699999764562, 4472625.001299999654293 ], [ 760842.659900000318885, 4472636.50650000013411 ], [ 760799.694500000216067, 4472677.140900000929832 ], [ 760791.593700000084937, 4472684.802500000223517 ], [ 760783.116899999789894, 4472692.818900000303984 ], [ 760777.939899999648333, 4472697.715700000524521 ], [ 760770.478099999949336, 4472704.772299999371171 ], [ 760732.081699999980628, 4472740.629899999126792 ], [ 760692.445299999788404, 4472774.551699999719858 ], [ 760618.859699999913573, 4472829.287499999627471 ], [ 760618.678700000047684, 4472832.101500000804663 ], [ 760635.441300000064075, 4472828.542099999263883 ], [ 760640.944299999624491, 4472827.3553 ], [ 760641.6727, 4472828.176699999719858 ], [ 760652.888299999758601, 4472831.38910000026226 ], [ 760679.978500000201166, 4472868.627100000157952 ], [ 760659.701700000092387, 4472873.130300000309944 ], [ 760666.395499999634922, 4472881.555299999192357 ], [ 760670.017699999734759, 4472886.114299999549985 ], [ 760672.465699999593198, 4472889.195299999788404 ], [ 760678.329900000244379, 4472895.308900000527501 ], [ 760676.707899999804795, 4472898.677500000223517 ], [ 760674.83629999961704, 4472897.554700000211596 ], [ 760671.342899999581277, 4472900.673900000751019 ], [ 760668.246899999678135, 4472898.285499999299645 ], [ 760666.976099999621511, 4472897.305099999532104 ], [ 760664.480700000189245, 4472900.9233 ], [ 760665.354100000113249, 4472902.670099999755621 ], [ 760665.130499999970198, 4472902.905099999159575 ], [ 760662.85869999974966, 4472905.290300000458956 ], [ 760679.548499999567866, 4472917.807700000703335 ], [ 760687.265700000338256, 4472923.595300000160933 ], [ 760689.309299999848008, 4472925.128100000321865 ], [ 760692.431900000199676, 4472927.590099999681115 ], [ 760702.285099999979138, 4472935.359099999070168 ], [ 760699.484299999661744, 4472939.653899999335408 ], [ 760698.542100000195205, 4472941.098300000652671 ], [ 760689.822300000116229, 4472955.945699999108911 ], [ 760683.772499999962747, 4472966.246500000357628 ], [ 760680.076500000432134, 4472972.53969999961555 ], [ 760668.690700000151992, 4472988.208499999716878 ], [ 760666.47690000012517, 4472991.254699999466538 ], [ 760665.306499999947846, 4472992.331900000572205 ], [ 760656.229100000113249, 4473000.684699999168515 ], [ 760650.319899999536574, 4473006.122300000861287 ], [ 760646.044099999591708, 4473010.056900000199676 ], [ 760640.142699999734759, 4473015.487299999222159 ], [ 760639.901499999687076, 4473015.709100000560284 ], [ 760615.572100000455976, 4473037.418500000610948 ], [ 760612.951899999752641, 4473037.418500000610948 ], [ 760613.247100000269711, 4473051.363700000569224 ], [ 760613.450899999588728, 4473060.999500000849366 ], [ 760610.4227, 4473098.311699999496341 ], [ 760609.957499999552965, 4473104.044099999591708 ], [ 760638.404299999587238, 4473154.574899999424815 ], [ 760658.866100000217557, 4473190.133500000461936 ], [ 760688.387699999846518, 4473327.061699999496341 ], [ 760689.197100000455976, 4473331.916500000283122 ], [ 760689.769100000150502, 4473335.347500000149012 ], [ 760695.263700000010431, 4473359.829900000244379 ], [ 760709.099700000137091, 4473414.262700000777841 ], [ 760731.749900000169873, 4473505.91190000064671 ], [ 760736.267699999734759, 4473521.47749999910593 ], [ 760739.699262130539864, 4473528.625352584756911 ] ] ] ] } },
{ "type": "Feature", "properties": { "fid": 3.0, "ogc_fid": 3.0, "district": "San Ligorio", "_mean": -2.0289776801101622, "_stdev": 0.92885818169798995, "_min": -3.4981744289398189, "_max": 0.511163949966431 }, "geometry": { "type": "MultiPolygon", "coordinates": [ [ [ [ 772778.405000775703229, 4474640.566874583251774 ], [ 772785.019700773991644, 4474653.55647458229214 ], [ 772828.541300761047751, 4474685.676674570888281 ], [ 772927.978113208897412, 4474760.254710900597274 ], [ 772949.182100726291537, 4474775.248474543914199 ], [ 772956.942850778112188, 4474726.560953924432397 ], [ 773105.373671097680926, 4474721.604426097124815 ], [ 773098.830863232375123, 4474707.913258959539235 ], [ 773041.674800117732957, 4474640.673115394078195 ], [ 773147.912425173446536, 4474544.162567533552647 ], [ 773065.608400685479864, 4474465.074874554760754 ], [ 773010.312800702638924, 4474519.144274557940662 ], [ 772957.811100717284717, 4474472.2050745729357 ], [ 772921.240600728662685, 4474530.718174571171403 ], [ 772934.518008379149251, 4474538.873015098273754 ], [ 772882.662855758448131, 4474586.609742264263332 ], [ 772881.75885215587914, 4474596.755053801462054 ], [ 772885.48606564803049, 4474609.674588690511882 ], [ 772778.405000775703229, 4474640.566874583251774 ] ] ] ] } },
{ "type": "Feature", "properties": { "fid": 4.0, "ogc_fid": 4.0, "district": "Fraz. Torre Chianca - Spiaggiabella - Torre Rinalda", "_mean": -3.8835173011934669, "_stdev": 5.16183639089284, "_min": -17.573579788208008, "_max": 7.0566692352294922 }, "geometry": { "type": "MultiPolygon", "coordinates": [ [ [ [ 772572.650018255691975, 4483733.066700700670481 ], [ 772517.018506282242015, 4483688.778693028725684 ], [ 772458.416579481214285, 4483589.649846274405718 ], [ 772328.870606488664635, 4483329.843062949366868 ], [ 772294.858250719262287, 4483342.93050585873425 ], [ 771969.6184182286961, 4483337.744767354801297 ], [ 771315.177240293589421, 4483322.083907229825854 ], [ 770857.770744313602336, 4483316.218338118866086 ], [ 770788.26255451887846, 4483298.358675436116755 ], [ 770745.995898075867444, 4483240.086613733321428 ], [ 770647.194818935124204, 4483106.660364433191717 ], [ 770565.834042748552747, 4482932.999395194463432 ], [ 770442.948993493919261, 4482490.071646019816399 ], [ 770357.563815945293754, 4482222.999938664957881 ], [ 770306.296683168620802, 4482141.213910069316626 ], [ 770420.483955453848466, 4482226.510848342441022 ], [ 770624.251795093296096, 4481968.898809153586626 ], [ 770497.442533402587287, 4481832.313323177397251 ], [ 770533.593741883058101, 4481773.229894489049911 ], [ 770577.012644860427827, 4481597.992751928977668 ], [ 770812.100778823485598, 4481654.827938525006175 ], [ 771042.222056627855636, 4481409.676103530451655 ], [ 771053.862523266579956, 4481387.910919909365475 ], [ 771064.890932835871354, 4481382.173468193970621 ], [ 771045.202843856299296, 4481346.953997459262609 ], [ 771016.161688064457849, 4481345.219997293315828 ], [ 770899.713852350600064, 4481257.454618240706623 ], [ 770882.788009103387594, 4481243.428787999786437 ], [ 770735.689590062131174, 4481105.391913254745305 ], [ 770799.150758769945242, 4481038.183345747180283 ], [ 770607.809791774721816, 4480857.511131279170513 ], [ 770676.611546414438635, 4480783.33836614061147 ], [ 770627.451843307469971, 4480739.114034953527153 ], [ 770621.395862362813205, 4480742.80466437805444 ], [ 770225.917685304302722, 4481186.638975746929646 ], [ 770091.474592125276104, 4481296.628724005073309 ], [ 770005.908267890568823, 4481445.273292266763747 ], [ 769628.201066705863923, 4481648.339580093510449 ], [ 769422.571875005029142, 4481735.118629691191018 ], [ 768909.768877062480897, 4481780.233549579046667 ], [ 768386.22762689832598, 4481887.67929972242564 ], [ 768005.877331482479349, 4482026.251177459955215 ], [ 767769.172120050759986, 4482135.13778349198401 ], [ 767418.643355536274612, 4482310.933938718400896 ], [ 767057.480830769985914, 4482686.39107439853251 ], [ 766571.061335005797446, 4483186.048069438897073 ], [ 765969.452541884267703, 4483351.203687699511647 ], [ 765524.525441921316087, 4483464.911771348677576 ], [ 765451.125856536673382, 4483524.097439087927341 ], [ 764850.800283618271351, 4483851.214625581167638 ], [ 764539.911466117831878, 4483895.623085873201489 ], [ 764299.908036008360796, 4483940.160646078176796 ], [ 764314.716178512433544, 4484002.639981434680521 ], [ 764338.80146769748535, 4484073.662149885669351 ], [ 764351.543281266232952, 4484122.137836804613471 ], [ 764377.48401907691732, 4484187.75776846986264 ], [ 764399.657676453702152, 4484264.206414056010544 ], [ 764431.814556759316474, 4484358.891420066356659 ], [ 764458.700517396908253, 4484450.307744872756302 ], [ 764523.944918292807415, 4484619.238343658857048 ], [ 764557.260323185822926, 4484736.035592780448496 ], [ 764616.442471679067239, 4484875.70643424987793 ], [ 764731.880767350783572, 4485216.520659241825342 ], [ 764821.378300352836959, 4485500.691346337087452 ], [ 764970.643805081606843, 4485942.956882492639124 ], [ 765037.101278700167313, 4486079.550832933746278 ], [ 765058.130731139332056, 4486132.13133751694113 ], [ 765048.061888405121863, 4486138.16943643335253 ], [ 765033.36328385095112, 4486172.768692716024816 ], [ 765076.70421814545989, 4486186.114685143344104 ], [ 765088.925649733399041, 4486207.694834436289966 ], [ 765030.756587120355107, 4486240.637571253813803 ], [ 765047.013187848497182, 4486277.305420083925128 ], [ 765076.541944806231186, 4486262.704051145352423 ], [ 765104.3750184122473, 4486319.202763321809471 ], [ 765142.94879188016057, 4486337.354591864161193 ], [ 765197.415096519747749, 4486317.463632296770811 ], [ 765299.24236491182819, 4486264.376163478009403 ], [ 765438.568804354523309, 4486191.961917162872851 ], [ 765608.493829431710765, 4486122.090198986232281 ], [ 766022.10918433428742, 4485973.142002927139401 ], [ 766056.222445936058648, 4486022.249010584317148 ], [ 766241.107337756780908, 4485927.341447128914297 ], [ 766395.117222398519516, 4486134.790493934415281 ], [ 766415.494748797034845, 4486147.265268132090569 ], [ 766429.714189279126003, 4486129.479116380214691 ], [ 766522.384457269217819, 4486508.455648768693209 ], [ 766522.449819708592258, 4486508.722194231115282 ], [ 766530.625, 4486506.105000000447035 ], [ 766534.581000000238419, 4486504.91300000064075 ], [ 766538.385999999940395, 4486503.849999999627471 ], [ 766542.120000000111759, 4486502.891000000759959 ], [ 766545.899000000208616, 4486501.993000000715256 ], [ 766563.90500000026077, 4486498.040999999269843 ], [ 766567.002999999560416, 4486497.265000000596046 ], [ 766569.438000000081956, 4486496.552999999374151 ], [ 766570.458999999798834, 4486496.21199999935925 ], [ 766572.214999999850988, 4486495.537000000476837 ], [ 766573.739000000059605, 4486494.846000000834465 ], [ 766577.059000000357628, 4486493.205 ], [ 766581.212000000290573, 4486491.404999999329448 ], [ 766585.457000000402331, 4486489.768999999389052 ], [ 766593.706000000238419, 4486486.801999999210238 ], [ 766607.197999999858439, 4486482.156999999657273 ], [ 766615.701999999582767, 4486479.353000000119209 ], [ 766619.592000000178814, 4486478.166999999433756 ], [ 766626.264000000432134, 4486476.225999999791384 ], [ 766631.248999999836087, 4486474.596999999135733 ], [ 766639.109000000171363, 4486472.545 ], [ 766642.617999999783933, 4486471.451999999582767 ], [ 766647.142, 4486469.811000000685453 ], [ 766661.052000000141561, 4486464.448999999091029 ], [ 766664.951999999582767, 4486463.109999999403954 ], [ 766667.878999999724329, 4486462.264000000432134 ], [ 766671.093000000342727, 4486461.482999999076128 ], [ 766676.252000000327826, 4486460.421 ], [ 766686.393000000156462, 4486458.507999999448657 ], [ 766689.421000000089407, 4486457.857999999076128 ], [ 766692.196999999694526, 4486457.157999999821186 ], [ 766693.476999999955297, 4486456.779999999329448 ], [ 766695.821000000461936, 4486455.96199999935925 ], [ 766702.076000000350177, 4486453.370999999344349 ], [ 766705.341000000014901, 4486452.242000000551343 ], [ 766707.532999999821186, 4486451.612999999895692 ], [ 766709.634999999776483, 4486451.104000000283122 ], [ 766711.563000000081956, 4486450.73200000077486 ], [ 766715.885999999940395, 4486450.018999999389052 ], [ 766717.691999999806285, 4486449.566999999806285 ], [ 766718.661000000312924, 4486449.261 ], [ 766720.722000000067055, 4486448.506999999284744 ], [ 766726.24100000038743, 4486446.256999999284744 ], [ 766728.445000000298023, 4486445.405999999493361 ], [ 766730.608, 4486444.639000000432134 ], [ 766732.724999999627471, 4486443.963999999687076 ], [ 766735.802000000141561, 4486443.144999999552965 ], [ 766742.548999999649823, 4486441.71199999935925 ], [ 766747.868999999947846, 4486440.291999999433756 ], [ 766749.492999999783933, 4486439.927999999374151 ], [ 766751.769000000320375, 4486439.61600000038743 ], [ 766756.25800000037998, 4486439.369000000879169 ], [ 766759.519000000320375, 4486439.130000000819564 ], [ 766764.549999999813735, 4486438.675000000745058 ], [ 766767.281000000424683, 4486438.343000000342727 ], [ 766770.467000000178814, 4486437.824999999254942 ], [ 766779.274000000208616, 4486436.096999999135733 ], [ 766782.96100000012666, 4486435.434000000357628 ], [ 766787.810999999754131, 4486434.718000000342727 ], [ 766791.639999999664724, 4486434.286000000312924 ], [ 766795.791000000201166, 4486433.915999999269843 ], [ 766800.375, 4486433.576999999582767 ], [ 766810.591000000014901, 4486432.972999999299645 ], [ 766817.020999999716878, 4486432.75 ], [ 766827.233, 4486432.587999999523163 ], [ 766830.415000000037253, 4486432.427999999374151 ], [ 766833.63300000037998, 4486432.095000000670552 ], [ 766842.324000000022352, 4486430.708000000566244 ], [ 766851.376000000163913, 4486429.565999999642372 ], [ 766854.911000000312924, 4486428.975999999791384 ], [ 766856.809999999590218, 4486428.587999999523163 ], [ 766858.798999999649823, 4486428.125 ], [ 766862.946999999694526, 4486427.023 ], [ 766867.11600000038743, 4486425.786000000312924 ], [ 766872.871000000275671, 4486423.94400000013411 ], [ 766889.308000000193715, 4486418.318 ], [ 766896.182000000029802, 4486416.114 ], [ 766898.973000000230968, 4486415.310000000521541 ], [ 766901.963000000454485, 4486414.53999999910593 ], [ 766905.309999999590218, 4486413.791999999433756 ], [ 766909.16399999987334, 4486413.051000000908971 ], [ 766915.824000000022352, 4486411.948000000789762 ], [ 766927.817999999970198, 4486410.187999999150634 ], [ 766934.871000000275671, 4486409.282999999821186 ], [ 766939.552000000141561, 4486408.847999999299645 ], [ 766944.279000000096858, 4486408.617000000551343 ], [ 766949.05599999986589, 4486408.623999999836087 ], [ 766953.674999999813735, 4486408.799000000581145 ], [ 766962.843999999575317, 4486409.342000000178814 ], [ 766966.083999999798834, 4486409.425000000745058 ], [ 766968.390999999828637, 4486409.376000000163913 ], [ 766974.605000000447035, 4486409.123999999836087 ], [ 766977.86600000038743, 4486408.903000000864267 ], [ 766980.152999999932945, 4486408.660000000149012 ], [ 766982.156999999657273, 4486408.33500000089407 ], [ 766984.200000000186265, 4486407.829 ], [ 766996.763000000268221, 4486404.100999999791384 ], [ 767003.571999999694526, 4486402.137000000104308 ], [ 767009.532999999821186, 4486400.505999999120831 ], [ 767014.501000000163913, 4486399.29700000025332 ], [ 767019.132000000216067, 4486398.370999999344349 ], [ 767023.956000000238419, 4486397.612999999895692 ], [ 767028.968000000342727, 4486397.013000000268221 ], [ 767032.34499999973923, 4486396.709000000730157 ], [ 767035.714999999850988, 4486396.481000000610948 ], [ 767053.411999999545515, 4486395.591 ], [ 767057.507000000216067, 4486395.485999999567866 ], [ 767061.99100000038743, 4486395.523 ], [ 767064.406999999657273, 4486395.610999999567866 ], [ 767069.61600000038743, 4486395.91300000064075 ], [ 767092.070000000298023, 4486397.656999999657273 ], [ 767106.173000000417233, 4486398.596999999135733 ], [ 767112.283999999985099, 4486398.928999999538064 ], [ 767117.282999999821186, 4486399.132999999448657 ], [ 767121.334999999962747, 4486399.228000000119209 ], [ 767126.271999999880791, 4486399.237999999895692 ], [ 767130.677000000141561, 4486399.17 ], [ 767133.59499999973923, 4486399.073999999091029 ], [ 767136.593000000342727, 4486398.904999999329448 ], [ 767139.747000000439584, 4486398.630000000819564 ], [ 767144.853000000119209, 4486397.995999999344349 ], [ 767155.576000000350177, 4486396.42200000025332 ], [ 767159.11600000038743, 4486395.956000000238419 ], [ 767162.752999999560416, 4486395.558000000193715 ], [ 767166.608, 4486395.243000000715256 ], [ 767170.79700000025332, 4486395.025000000372529 ], [ 767177.707000000402331, 4486394.884999999776483 ], [ 767182.603000000119209, 4486394.903000000864267 ], [ 767190.150999999605119, 4486395.079 ], [ 767197.661000000312924, 4486395.406999999657273 ], [ 767202.480000000447035, 4486395.696000000461936 ], [ 767207.031999999657273, 4486396.029999999329448 ], [ 767213.283999999985099, 4486396.623999999836087 ], [ 767219.240000000223517, 4486397.41499999910593 ], [ 767223.307000000029802, 4486398.108999999240041 ], [ 767227.58600000012666, 4486398.959000000730157 ], [ 767244.424999999813735, 4486402.716 ], [ 767251.453999999910593, 4486404.161000000312924 ], [ 767257.803000000305474, 4486405.278999999165535 ], [ 767260.902999999932945, 4486405.729000000283122 ], [ 767264.087000000290573, 4486406.110999999567866 ], [ 767269.24199999962002, 4486406.560000000521541 ], [ 767274.75899999961257, 4486406.879000000655651 ], [ 767282.934000000357628, 4486407.200999999418855 ], [ 767287.480000000447035, 4486407.29700000025332 ], [ 767290.13399999961257, 4486407.227 ], [ 767292.504999999888241, 4486407.0 ], [ 767294.608, 4486406.61600000038743 ], [ 767296.384999999776483, 4486406.083000000566244 ], [ 767296.906000000424683, 4486405.869999999180436 ], [ 767297.88399999961257, 4486405.370999999344349 ], [ 767298.832999999634922, 4486404.753000000491738 ], [ 767299.81900000013411, 4486403.989 ], [ 767301.523000000044703, 4486402.435000000521541 ], [ 767302.916000000201166, 4486400.92200000025332 ], [ 767303.717000000178814, 4486399.966 ], [ 767305.578999999910593, 4486397.553999999538064 ], [ 767306.651999999769032, 4486396.072000000625849 ], [ 767313.736999999731779, 4486385.789000000804663 ], [ 767315.717000000178814, 4486383.00899999961257 ], [ 767317.337000000290573, 4486380.91300000064075 ], [ 767318.737999999895692, 4486379.322000000625849 ], [ 767320.06900000013411, 4486378.046 ], [ 767321.473000000230968, 4486376.898 ], [ 767322.970999999903142, 4486375.79700000025332 ], [ 767326.99199999962002, 4486373.045 ], [ 767328.269999999552965, 4486372.074999999254942 ], [ 767328.881000000052154, 4486371.526000000536442 ], [ 767329.351999999955297, 4486371.012000000104308 ], [ 767329.722000000067055, 4486370.502000000327826 ], [ 767330.002999999560416, 4486369.989 ], [ 767330.201999999582767, 4486369.473999999463558 ], [ 767330.356999999843538, 4486368.691999999806285 ], [ 767330.349000000394881, 4486368.030999999493361 ], [ 767330.206000000238419, 4486366.974999999627471 ], [ 767327.139999999664724, 4486351.82799999974668 ], [ 767326.604000000283122, 4486348.744000000879169 ], [ 767326.28899999987334, 4486346.359999999403954 ], [ 767326.16399999987334, 4486344.497999999672174 ], [ 767326.190999999642372, 4486342.962999999523163 ], [ 767326.338000000454485, 4486341.565999999642372 ], [ 767326.609000000171363, 4486340.173000000417233 ], [ 767327.050999999977648, 4486338.709000000730157 ], [ 767327.351999999955297, 4486337.927999999374151 ], [ 767328.140999999828637, 4486336.221999999135733 ], [ 767329.190000000409782, 4486334.29700000025332 ], [ 767332.716000000014901, 4486328.301000000908971 ], [ 767333.592000000178814, 4486326.628000000491738 ], [ 767334.517, 4486324.475999999791384 ], [ 767334.935999999754131, 4486323.186000000685453 ], [ 767335.368999999947846, 4486321.313999999314547 ], [ 767335.57799999974668, 4486320.03800000064075 ], [ 767336.377000000327826, 4486313.994000000879169 ], [ 767336.678999999538064, 4486312.235999999567866 ], [ 767337.05599999986589, 4486310.436000000685453 ], [ 767337.523000000044703, 4486308.612999999895692 ], [ 767338.105000000447035, 4486306.732999999076128 ], [ 767338.828999999910593, 4486304.751000000163913 ], [ 767339.722000000067055, 4486302.619999999180436 ], [ 767340.796000000089407, 4486300.311000000685453 ], [ 767342.661999999545515, 4486296.619999999180436 ], [ 767345.360000000335276, 4486291.60700000077486 ], [ 767347.361999999731779, 4486288.036000000312924 ], [ 767349.268000000156462, 4486284.808000000193715 ], [ 767350.457999999634922, 4486282.92200000025332 ], [ 767351.609000000171363, 4486281.213999999687076 ], [ 767353.42200000025332, 4486278.712999999523163 ], [ 767357.209999999962747, 4486273.786000000312924 ], [ 767359.841000000014901, 4486270.504000000655651 ], [ 767362.417000000365078, 4486267.482999999076128 ], [ 767364.794999999925494, 4486264.926000000908971 ], [ 767368.497000000439584, 4486261.278999999165535 ], [ 767372.078999999910593, 4486257.986999999731779 ], [ 767374.864000000059605, 4486255.698000000789762 ], [ 767376.233, 4486254.697000000625849 ], [ 767377.592000000178814, 4486253.79700000025332 ], [ 767378.949000000022352, 4486252.998999999836087 ], [ 767380.309000000357628, 4486252.301000000908971 ], [ 767384.523000000044703, 4486250.403999999165535 ], [ 767391.121000000275671, 4486247.299000000581145 ], [ 767394.186999999918044, 4486246.011 ], [ 767402.938000000081956, 4486242.549000000581145 ], [ 767408.247000000439584, 4486240.376000000163913 ], [ 767413.683000000193715, 4486238.018999999389052 ], [ 767418.544999999925494, 4486235.795 ], [ 767424.938000000081956, 4486232.743000000715256 ], [ 767429.591000000014901, 4486230.381999999284744 ], [ 767430.824000000022352, 4486229.690999999642372 ], [ 767432.285000000149012, 4486228.777000000700355 ], [ 767433.127999999560416, 4486228.184000000357628 ], [ 767434.259999999776483, 4486227.299000000581145 ], [ 767435.55599999986589, 4486226.140000000596046 ], [ 767436.621000000275671, 4486224.973999999463558 ], [ 767437.246000000275671, 4486224.01799999922514 ], [ 767437.708999999798834, 4486222.91499999910593 ], [ 767437.939000000245869, 4486222.050000000745058 ], [ 767438.183000000193715, 4486220.475999999791384 ], [ 767438.337000000290573, 4486218.528999999165535 ], [ 767438.627999999560416, 4486212.926000000908971 ], [ 767438.786999999545515, 4486211.572000000625849 ], [ 767439.048000000417233, 4486210.149000000208616 ], [ 767439.699000000022352, 4486207.777000000700355 ], [ 767440.274000000208616, 4486206.108999999240041 ], [ 767440.900000000372529, 4486204.494999999180436 ], [ 767441.525000000372529, 4486203.045 ], [ 767442.111999999731779, 4486201.834000000730157 ], [ 767443.003999999724329, 4486200.353000000119209 ], [ 767444.067999999970198, 4486199.040999999269843 ], [ 767445.467000000178814, 4486197.67200000025332 ], [ 767447.313000000081956, 4486196.188999999314547 ], [ 767449.70299999974668, 4486194.575999999418855 ], [ 767451.666000000201166, 4486193.471000000834465 ], [ 767452.781000000424683, 4486192.940999999642372 ], [ 767453.997000000439584, 4486192.443 ], [ 767455.320000000298023, 4486191.985999999567866 ], [ 767456.759999999776483, 4486191.584000000730157 ], [ 767458.325000000186265, 4486191.247999999672174 ], [ 767461.595999999903142, 4486190.220000000670552 ], [ 767463.889999999664724, 4486189.92 ], [ 767466.347000000067055, 4486190.388000000268221 ], [ 767467.527999999932945, 4486189.286000000312924 ], [ 767467.597000000067055, 4486187.380999999120831 ], [ 767466.185999999754131, 4486184.279999999329448 ], [ 767465.889000000432134, 4486181.981000000610948 ], [ 767466.052000000141561, 4486180.08 ], [ 767470.826999999582767, 4486171.667999999597669 ], [ 767473.868999999947846, 4486166.437000000849366 ], [ 767475.485000000335276, 4486163.823999999091029 ], [ 767481.894999999552965, 4486154.899000000208616 ], [ 767487.067999999970198, 4486151.26799999922514 ], [ 767496.36699999962002, 4486143.971000000834465 ], [ 767502.855999999679625, 4486140.768999999389052 ], [ 767505.88399999961257, 4486138.587999999523163 ], [ 767508.408999999985099, 4486137.152000000700355 ], [ 767510.919999999925494, 4486136.096999999135733 ], [ 767513.716000000014901, 4486135.051999999210238 ], [ 767520.673000000417233, 4486132.057 ], [ 767527.398000000044703, 4486130.198000000789762 ], [ 767533.432000000029802, 4486129.076999999582767 ], [ 767539.559999999590218, 4486127.96000000089407 ], [ 767542.531999999657273, 4486127.301999999210238 ], [ 767551.510999999940395, 4486123.617000000551343 ], [ 767559.498999999836087, 4486121.03999999910593 ], [ 767568.612999999895692, 4486118.88399999961257 ], [ 767580.313000000081956, 4486116.247999999672174 ], [ 767590.566999999806285, 4486114.132999999448657 ], [ 767599.660000000149012, 4486112.548000000417233 ], [ 767611.549999999813735, 4486109.918999999761581 ], [ 767621.213000000454485, 4486108.355000000447035 ], [ 767630.407999999821186, 4486106.583000000566244 ], [ 767635.518000000156462, 4486104.666999999433756 ], [ 767644.489000000059605, 4486101.17200000025332 ], [ 767654.776999999769032, 4486098.105000000447035 ], [ 767662.356999999843538, 4486096.277000000700355 ], [ 767674.25899999961257, 4486093.267000000923872 ], [ 767686.962000000290573, 4486089.141000000759959 ], [ 767698.267, 4486086.872999999672174 ], [ 767705.894000000320375, 4486086.380999999120831 ], [ 767715.462000000290573, 4486087.48200000077486 ], [ 767721.773000000044703, 4486086.562000000849366 ], [ 767726.591000000014901, 4486084.825999999418855 ], [ 767729.671000000089407, 4486083.790999999269843 ], [ 767733.714999999850988, 4486082.410000000149012 ], [ 767736.822999999858439, 4486080.612999999895692 ], [ 767738.38399999961257, 4486079.525000000372529 ], [ 767741.544999999925494, 4486076.206000000238419 ], [ 767742.589999999850988, 4486073.573999999091029 ], [ 767744.027999999932945, 4486070.574999999254942 ], [ 767747.177000000141561, 4486067.636 ], [ 767752.496000000275671, 4486062.486999999731779 ], [ 767760.217000000178814, 4486053.993000000715256 ], [ 767762.834999999962747, 4486049.892000000923872 ], [ 767762.752999999560416, 4486046.839999999850988 ], [ 767762.440999999642372, 4486044.92200000025332 ], [ 767765.61600000038743, 4486041.222999999299645 ], [ 767769.536999999545515, 4486037.93099999986589 ], [ 767774.138000000268221, 4486036.949999999254942 ], [ 767777.326999999582767, 4486038.207000000402331 ], [ 767782.144000000320375, 4486036.471000000834465 ], [ 767785.060999999754131, 4486034.668999999761581 ], [ 767786.417000000365078, 4486028.618000000715256 ], [ 767790.161999999545515, 4486024.938999999314547 ], [ 767790.894000000320375, 4486020.390000000596046 ], [ 767790.337000000290573, 4486014.653000000864267 ], [ 767791.271999999880791, 4486009.731000000610948 ], [ 767794.269999999552965, 4486005.644999999552965 ], [ 767797.213999999687076, 4486003.081000000238419 ], [ 767803.075000000186265, 4485998.714999999850988 ], [ 767807.145999999716878, 4485996.572000000625849 ], [ 767818.529000000096858, 4485992.019999999552965 ], [ 767826.207999999634922, 4485984.668999999761581 ], [ 767833.207000000402331, 4485975.007999999448657 ], [ 767836.747999999672174, 4485971.704 ], [ 767840.438000000081956, 4485969.548000000417233 ], [ 767845.593999999575317, 4485968.968000000342727 ], [ 767849.230000000447035, 4485968.334000000730157 ], [ 767852.146999999880791, 4485966.531999999657273 ], [ 767857.300999999977648, 4485960.617000000551343 ], [ 767863.151999999769032, 4485957.515000000596046 ], [ 767869.972000000067055, 4485954.254000000655651 ], [ 767876.791000000201166, 4485952.771999999880791 ], [ 767883.018000000156462, 4485950.104000000283122 ], [ 767888.947999999858439, 4485948.918999999761581 ], [ 767901.993999999947846, 4485946.54700000025332 ], [ 767921.860000000335276, 4485942.398 ], [ 767950.917000000365078, 4485940.91499999910593 ], [ 767973.166000000201166, 4485938.043999999761581 ], [ 767986.353000000119209, 4485936.223999999463558 ], [ 767997.071000000461936, 4485934.316999999806285 ], [ 768020.989000000059605, 4485930.21000000089407 ], [ 768032.985000000335276, 4485927.66300000064075 ], [ 768049.946999999694526, 4485925.678999999538064 ], [ 768066.828999999910593, 4485925.98200000077486 ], [ 768096.294999999925494, 4485924.886 ], [ 768107.509999999776483, 4485924.576999999582767 ], [ 768117.060999999754131, 4485923.054999999701977 ], [ 768126.612999999895692, 4485921.532999999821186 ], [ 768132.140999999828637, 4485920.993000000715256 ], [ 768141.082999999634922, 4485920.592000000178814 ], [ 768151.017, 4485919.08500000089407 ], [ 768172.158999999985099, 4485917.650000000372529 ], [ 768188.084999999962747, 4485918.676000000908971 ], [ 768204.177000000141561, 4485920.472999999299645 ], [ 768222.576999999582767, 4485921.599999999627471 ], [ 768232.639000000432134, 4485922.007999999448657 ], [ 768259.025000000372529, 4485925.769999999552965 ], [ 768271.775000000372529, 4485927.548000000417233 ], [ 768284.228000000119209, 4485928.733999999240041 ], [ 768302.315000000409782, 4485931.994000000879169 ], [ 768337.302000000141561, 4485930.809000000357628 ], [ 768360.53899999987334, 4485926.421 ], [ 768362.024000000208616, 4485926.69400000013411 ], [ 768362.845999999903142, 4485926.560000000521541 ], [ 768363.051900000311434, 4485926.569399999454618 ], [ 768363.850999999791384, 4485926.606000000610948 ], [ 768364.661999999545515, 4485926.722999999299645 ], [ 768366.128999999724329, 4485926.81900000013411 ], [ 768367.751000000163913, 4485927.053999999538064 ], [ 768369.231999999843538, 4485927.262000000104308 ], [ 768371.064000000245869, 4485927.536000000312924 ], [ 768372.377999999560416, 4485927.676000000908971 ], [ 768373.370000000111759, 4485927.790999999269843 ], [ 768375.007000000216067, 4485928.137000000104308 ], [ 768376.140999999828637, 4485928.46000000089407 ], [ 768378.493999999947846, 4485929.231000000610948 ], [ 768380.25899999961257, 4485929.855000000447035 ], [ 768382.247000000439584, 4485930.448999999091029 ], [ 768384.333999999798834, 4485931.096999999135733 ], [ 768386.196000000461936, 4485931.594000000506639 ], [ 768388.002999999560416, 4485932.189999999478459 ], [ 768390.396999999880791, 4485932.932 ], [ 768392.061999999918044, 4485933.320000000298023 ], [ 768393.798999999649823, 4485933.902000000700355 ], [ 768395.520999999716878, 4485934.372999999672174 ], [ 768396.30599999986589, 4485934.630000000819564 ], [ 768398.853000000119209, 4485935.329 ], [ 768402.253999999724329, 4485936.117000000551343 ], [ 768406.463000000454485, 4485936.841 ], [ 768409.90500000026077, 4485937.600999999791384 ], [ 768413.974000000394881, 4485938.299000000581145 ], [ 768415.804999999701977, 4485938.573000000789762 ], [ 768416.644999999552965, 4485938.73200000077486 ], [ 768418.74100000038743, 4485938.947000000625849 ], [ 768421.144999999552965, 4485939.256999999284744 ], [ 768423.228000000119209, 4485939.542999999597669 ], [ 768426.134999999776483, 4485939.876000000163913 ], [ 768429.178999999538064, 4485940.052999999374151 ], [ 768432.531999999657273, 4485940.325999999418855 ], [ 768435.004999999888241, 4485940.467000000178814 ], [ 768436.260999999940395, 4485940.524000000208616 ], [ 768438.677000000141561, 4485940.583000000566244 ], [ 768440.478000000119209, 4485940.63399999961257 ], [ 768442.79700000025332, 4485940.81900000013411 ], [ 768445.38300000037998, 4485941.127000000327826 ], [ 768448.400999999605119, 4485941.445000000298023 ], [ 768450.243999999947846, 4485941.468000000342727 ], [ 768452.645999999716878, 4485941.596000000834465 ], [ 768455.231999999843538, 4485941.903999999165535 ], [ 768456.112999999895692, 4485942.035000000149012 ], [ 768458.726999999955297, 4485942.38399999961257 ], [ 768463.071999999694526, 4485942.771999999880791 ], [ 768467.109000000171363, 4485943.064999999478459 ], [ 768470.154000000096858, 4485943.243000000715256 ], [ 768472.082000000402331, 4485943.390000000596046 ], [ 768473.283999999985099, 4485943.545 ], [ 768475.390999999828637, 4485943.509999999776483 ], [ 768479.775000000372529, 4485943.505999999120831 ], [ 768482.707999999634922, 4485943.698999999091029 ], [ 768485.889000000432134, 4485943.53999999910593 ], [ 768488.665000000037253, 4485943.41300000064075 ], [ 768490.11699999962002, 4485943.398 ], [ 768494.63399999961257, 4485942.877000000327826 ], [ 768498.620000000111759, 4485942.290999999269843 ], [ 768502.722000000067055, 4485942.052999999374151 ], [ 768506.05599999986589, 4485941.850999999791384 ], [ 768507.536000000312924, 4485941.877000000327826 ], [ 768510.80599999986589, 4485943.546 ], [ 768514.158999999985099, 4485943.81900000013411 ], [ 768518.567999999970198, 4485943.675000000745058 ], [ 768522.906000000424683, 4485943.33699999935925 ], [ 768524.00800000037998, 4485943.255999999120831 ], [ 768525.179999999701977, 4485943.187999999150634 ], [ 768528.292999999597669, 4485943.197000000625849 ], [ 768529.910000000149012, 4485943.06900000013411 ], [ 768533.38300000037998, 4485942.710999999195337 ], [ 768537.184999999590218, 4485941.946000000461936 ], [ 768540.277999999932945, 4485941.300000000745058 ], [ 768543.036999999545515, 4485940.880000000819564 ], [ 768545.74199999962002, 4485940.559000000357628 ], [ 768547.178000000305474, 4485940.432 ], [ 768550.696000000461936, 4485940.410000000149012 ], [ 768554.489000000059605, 4485940.076999999582767 ], [ 768559.552000000141561, 4485939.73200000077486 ], [ 768564.33600000012666, 4485939.333000000566244 ], [ 768565.549999999813735, 4485939.235999999567866 ], [ 768568.81900000013411, 4485939.564999999478459 ], [ 768572.476999999955297, 4485939.56900000013411 ], [ 768577.291000000201166, 4485939.393999999389052 ], [ 768582.298999999649823, 4485939.145999999716878 ], [ 768585.536999999545515, 4485939.071000000461936 ], [ 768586.416000000201166, 4485939.019999999552965 ], [ 768588.00899999961257, 4485939.21199999935925 ], [ 768591.360000000335276, 4485939.302999999374151 ], [ 768596.803999999538064, 4485939.246999999508262 ], [ 768599.776999999769032, 4485939.230000000447035 ], [ 768602.03899999987334, 4485939.332000000402331 ], [ 768604.16399999987334, 4485939.588999999687076 ], [ 768605.213000000454485, 4485939.78800000064075 ], [ 768608.483, 4485940.11600000038743 ], [ 768611.942999999970198, 4485940.011 ], [ 768615.627000000327826, 4485939.875 ], [ 768619.785000000149012, 4485939.720000000670552 ], [ 768622.753999999724329, 4485939.339999999850988 ], [ 768624.00899999961257, 4485939.214999999850988 ], [ 768626.525000000372529, 4485939.509999999776483 ], [ 768630.292000000365078, 4485939.318 ], [ 768633.986999999731779, 4485938.929999999701977 ], [ 768636.521999999880791, 4485938.358999999240041 ], [ 768640.259999999776483, 4485938.125 ], [ 768644.150000000372529, 4485937.665999999269843 ], [ 768645.083999999798834, 4485937.517000000923872 ], [ 768649.067999999970198, 4485936.748999999836087 ], [ 768654.196000000461936, 4485935.872999999672174 ], [ 768657.347000000067055, 4485935.49100000038743 ], [ 768658.809000000357628, 4485935.223999999463558 ], [ 768660.747000000439584, 4485934.938999999314547 ], [ 768664.296000000089407, 4485933.981000000610948 ], [ 768667.666000000201166, 4485933.206000000238419 ], [ 768669.921000000089407, 4485932.582000000402331 ], [ 768672.298999999649823, 4485931.691999999806285 ], [ 768673.983, 4485931.213999999687076 ], [ 768674.96999999973923, 4485930.785000000149012 ], [ 768677.557000000029802, 4485929.935000000521541 ], [ 768681.103000000119209, 4485928.612999999895692 ], [ 768683.717000000178814, 4485927.622999999672174 ], [ 768687.696000000461936, 4485926.312000000849366 ], [ 768692.146999999880791, 4485924.800000000745058 ], [ 768695.832000000402331, 4485923.505000000819564 ], [ 768698.877000000327826, 4485922.343000000342727 ], [ 768699.668999999761581, 4485921.984999999403954 ], [ 768701.739000000059605, 4485921.001000000163913 ], [ 768704.001000000163913, 4485919.763000000268221 ], [ 768706.012000000104308, 4485918.514000000432134 ], [ 768707.75899999961257, 4485917.323000000789762 ], [ 768709.794999999925494, 4485915.752000000327826 ], [ 768711.830000000074506, 4485914.182 ], [ 768712.881000000052154, 4485913.221999999135733 ], [ 768713.96999999973923, 4485911.869999999180436 ], [ 768715.251000000163913, 4485910.266000000759959 ], [ 768716.226999999955297, 4485908.747999999672174 ], [ 768717.167999999597669, 4485906.643999999389052 ], [ 768718.46100000012666, 4485904.78800000064075 ], [ 768720.970999999903142, 4485901.858999999240041 ], [ 768722.265999999828637, 4485900.184000000357628 ], [ 768722.718999999575317, 4485899.50899999961257 ], [ 768723.406999999657273, 4485897.212999999523163 ], [ 768725.377000000327826, 4485894.652000000700355 ], [ 768727.809000000357628, 4485890.982999999076128 ], [ 768729.549999999813735, 4485887.907999999821186 ], [ 768731.59499999973923, 4485884.564999999478459 ], [ 768733.743999999947846, 4485881.821000000461936 ], [ 768734.611999999731779, 4485880.68099999986589 ], [ 768738.370000000111759, 4485876.901000000536442 ], [ 768742.239000000059605, 4485873.106000000610948 ], [ 768745.017, 4485870.480000000447035 ], [ 768746.093999999575317, 4485869.380000000819564 ], [ 768748.543999999761581, 4485867.345000000670552 ], [ 768750.675999999977648, 4485865.648 ], [ 768754.127000000327826, 4485863.295 ], [ 768757.025000000372529, 4485861.380000000819564 ], [ 768757.773000000044703, 4485860.869999999180436 ], [ 768759.393000000156462, 4485859.583000000566244 ], [ 768762.896999999880791, 4485856.949999999254942 ], [ 768765.968999999575317, 4485854.308000000193715 ], [ 768768.911999999545515, 4485851.388000000268221 ], [ 768771.612999999895692, 4485849.362999999895692 ], [ 768772.803999999538064, 4485848.429999999701977 ], [ 768774.260999999940395, 4485847.619000000879169 ], [ 768777.656999999657273, 4485845.364 ], [ 768778.349000000394881, 4485844.770999999716878 ], [ 768780.387000000104308, 4485843.381999999284744 ], [ 768783.157999999821186, 4485841.370999999344349 ], [ 768784.735999999567866, 4485840.111999999731779 ], [ 768787.298999999649823, 4485838.243000000715256 ], [ 768789.917999999597669, 4485836.457000000402331 ], [ 768791.276999999769032, 4485835.591 ], [ 768793.112999999895692, 4485834.888000000268221 ], [ 768796.958999999798834, 4485832.936000000685453 ], [ 768800.359000000171363, 4485831.043999999761581 ], [ 768802.832000000402331, 4485829.845000000670552 ], [ 768806.290000000037253, 4485828.218000000342727 ], [ 768809.442999999970198, 4485826.677999999374151 ], [ 768810.347000000067055, 4485826.30599999986589 ], [ 768811.277999999932945, 4485825.974999999627471 ], [ 768814.195000000298023, 4485824.535000000149012 ], [ 768818.050999999977648, 4485822.149000000208616 ], [ 768820.919999999925494, 4485820.193 ], [ 768822.748999999836087, 4485818.946000000461936 ], [ 768823.622999999672174, 4485818.350999999791384 ], [ 768825.161000000312924, 4485817.301999999210238 ], [ 768827.769000000320375, 4485815.767000000923872 ], [ 768830.826000000350177, 4485814.353000000119209 ], [ 768833.035000000149012, 4485813.394999999552965 ], [ 768835.524000000208616, 4485812.490000000223517 ], [ 768837.317999999970198, 4485811.814999999478459 ], [ 768838.167000000365078, 4485811.540999999269843 ], [ 768839.497000000439584, 4485810.63399999961257 ], [ 768841.216000000014901, 4485809.402000000700355 ], [ 768843.041000000201166, 4485807.790999999269843 ], [ 768844.696999999694526, 4485805.93099999986589 ], [ 768845.936999999918044, 4485804.355000000447035 ], [ 768847.45299999974668, 4485802.469000000506639 ], [ 768848.455000000074506, 4485800.811000000685453 ], [ 768850.093000000342727, 4485798.659 ], [ 768851.80599999986589, 4485796.881999999284744 ], [ 768852.468999999575317, 4485796.246999999508262 ], [ 768854.043999999761581, 4485794.625 ], [ 768856.115000000223517, 4485792.48200000077486 ], [ 768856.68099999986589, 4485791.791999999433756 ], [ 768858.929999999701977, 4485789.284 ], [ 768860.087000000290573, 4485787.765000000596046 ], [ 768861.075000000186265, 4485786.176999999210238 ], [ 768861.716000000014901, 4485784.705 ], [ 768862.178999999538064, 4485783.596999999135733 ], [ 768862.689000000245869, 4485781.66499999910593 ], [ 768862.927000000141561, 4485780.406999999657273 ], [ 768863.122000000439584, 4485778.994999999180436 ], [ 768863.167999999597669, 4485777.989 ], [ 768863.406000000424683, 4485776.730000000447035 ], [ 768863.769000000320375, 4485775.387000000104308 ], [ 768864.166000000201166, 4485774.629000000655651 ], [ 768865.768000000156462, 4485773.049000000581145 ], [ 768866.987999999895692, 4485772.156999999657273 ], [ 768868.485000000335276, 4485771.136 ], [ 768870.646999999880791, 4485769.662000000476837 ], [ 768873.417999999597669, 4485767.651000000536442 ], [ 768875.260999999940395, 4485766.333000000566244 ], [ 768876.118999999947846, 4485765.627000000327826 ], [ 768877.264000000432134, 4485764.357999999076128 ], [ 768878.423000000417233, 4485763.019999999552965 ], [ 768879.05599999986589, 4485762.162000000476837 ], [ 768879.716000000014901, 4485761.164000000804663 ], [ 768880.537999999709427, 4485759.689999999478459 ], [ 768881.347000000067055, 4485758.286000000312924 ], [ 768882.012000000104308, 4485756.492000000551343 ], [ 768882.582999999634922, 4485755.005999999120831 ], [ 768883.564000000245869, 4485752.693 ], [ 768884.331000000238419, 4485751.316999999806285 ], [ 768884.924999999813735, 4485750.668999999761581 ], [ 768885.74100000038743, 4485749.990000000223517 ], [ 768887.099999999627471, 4485747.785000000149012 ], [ 768888.690000000409782, 4485744.934000000357628 ], [ 768889.980999999679625, 4485742.896999999880791 ], [ 768890.627000000327826, 4485741.969000000506639 ], [ 768892.967000000178814, 4485738.78999999910593 ], [ 768894.183000000193715, 4485737.535000000149012 ], [ 768895.54700000025332, 4485735.873999999836087 ], [ 768898.11600000038743, 4485733.209000000730157 ], [ 768899.938000000081956, 4485731.235999999567866 ], [ 768900.639000000432134, 4485730.209000000730157 ], [ 768901.25899999961257, 4485729.421 ], [ 768903.610999999567866, 4485727.331000000238419 ], [ 768904.605000000447035, 4485726.287000000476837 ], [ 768906.265999999828637, 4485724.971999999135733 ], [ 768908.259999999776483, 4485723.429999999701977 ], [ 768909.837000000290573, 4485721.990000000223517 ], [ 768911.052000000141561, 4485720.734999999403954 ], [ 768913.487999999895692, 4485718.768999999389052 ], [ 768914.525999999605119, 4485717.879000000655651 ], [ 768915.408999999985099, 4485716.850999999791384 ], [ 768916.860000000335276, 4485715.494999999180436 ], [ 768918.43099999986589, 4485713.511 ], [ 768919.167999999597669, 4485711.912000000476837 ], [ 768920.308000000193715, 4485710.098999999463558 ], [ 768921.475999999791384, 4485708.32799999974668 ], [ 768922.792999999597669, 4485706.151000000536442 ], [ 768923.285000000149012, 4485705.08500000089407 ], [ 768923.682000000029802, 4485704.326999999582767 ], [ 768924.49100000038743, 4485701.583000000566244 ], [ 768926.05599999986589, 4485699.053999999538064 ], [ 768926.947999999858439, 4485697.593000000342727 ], [ 768927.701999999582767, 4485696.287000000476837 ], [ 768928.182000000029802, 4485695.471999999135733 ], [ 768929.310999999754131, 4485693.911000000312924 ], [ 768930.842000000178814, 4485692.137000000104308 ], [ 768932.360999999567866, 4485690.612999999895692 ], [ 768933.065999999642372, 4485689.949999999254942 ], [ 768934.908999999985099, 4485688.631999999284744 ], [ 768936.889999999664724, 4485687.160000000149012 ], [ 768939.00899999961257, 4485685.532999999821186 ], [ 768940.631000000052154, 4485684.426999999210238 ], [ 768943.263000000268221, 4485682.571000000461936 ], [ 768944.924999999813735, 4485681.255999999120831 ], [ 768945.71100000012666, 4485680.354000000283122 ], [ 768948.49199999962002, 4485677.910000000149012 ], [ 768951.950000000186265, 4485674.943 ], [ 768953.939000000245869, 4485672.85700000077486 ], [ 768954.916000000201166, 4485671.519999999552965 ], [ 768956.321999999694526, 4485669.831000000238419 ], [ 768957.411000000312924, 4485668.479000000283122 ], [ 768959.360000000335276, 4485666.602 ], [ 768960.501000000163913, 4485664.971000000834465 ], [ 768960.842000000178814, 4485664.130000000819564 ], [ 768961.212000000290573, 4485663.792999999597669 ], [ 768961.666000000201166, 4485663.119999999180436 ], [ 768962.286000000312924, 4485662.516000000759959 ], [ 768962.739000000059605, 4485661.843000000342727 ], [ 768963.425999999977648, 4485660.890000000596046 ], [ 768964.264999999664724, 4485659.712999999523163 ], [ 768964.786000000312924, 4485658.871999999508262 ], [ 768965.279000000096858, 4485657.99100000038743 ], [ 768965.951999999582767, 4485657.10700000077486 ], [ 768966.734000000171363, 4485655.846999999135733 ], [ 768967.764999999664724, 4485654.416999999433756 ], [ 768968.342000000178814, 4485653.660000000149012 ], [ 768968.916000000201166, 4485652.540999999269843 ], [ 768969.765999999828637, 4485651.111999999731779 ], [ 768970.935999999754131, 4485649.709000000730157 ], [ 768971.997000000439584, 4485648.502000000327826 ], [ 768973.291000000201166, 4485647.014000000432134 ], [ 768974.49100000038743, 4485645.833000000566244 ], [ 768976.274000000208616, 4485644.437999999150634 ], [ 768977.74199999962002, 4485643.561000000685453 ], [ 768978.599999999627471, 4485643.03800000064075 ], [ 768980.44400000013411, 4485642.26799999922514 ], [ 768982.093999999575317, 4485641.571000000461936 ], [ 768984.131000000052154, 4485640.549000000581145 ], [ 768985.584999999962747, 4485639.742000000551343 ], [ 768987.395999999716878, 4485638.388000000268221 ], [ 768988.593000000342727, 4485636.845000000670552 ], [ 768989.589999999850988, 4485634.831000000238419 ], [ 768989.951999999582767, 4485633.310000000521541 ], [ 768990.105999999679625, 4485631.929999999701977 ], [ 768990.53899999987334, 4485630.603000000119209 ], [ 768991.997999999672174, 4485628.822000000625849 ], [ 768994.337000000290573, 4485627.352 ], [ 768995.125, 4485626.814999999478459 ], [ 768996.36699999962002, 4485625.606000000610948 ], [ 768997.358, 4485624.384999999776483 ], [ 768997.820000000298023, 4485623.280999999493361 ], [ 769011.123999999836087, 4485617.907999999821186 ], [ 769023.082999999634922, 4485612.262000000104308 ], [ 769035.042999999597669, 4485606.284 ], [ 769044.678000000305474, 4485600.970000000670552 ], [ 769056.637000000104308, 4485594.32799999974668 ], [ 769065.939000000245869, 4485587.685000000521541 ], [ 769070.923000000417233, 4485581.042999999597669 ], [ 769077.235000000335276, 4485571.411000000312924 ], [ 769080.415000000037253, 4485568.175000000745058 ], [ 769082.032999999821186, 4485567.073999999091029 ], [ 769082.876000000163913, 4485566.439999999478459 ], [ 769084.264999999664724, 4485564.644999999552965 ], [ 769084.917000000365078, 4485562.926000000908971 ], [ 769085.121000000275671, 4485560.904999999329448 ], [ 769085.186999999918044, 4485559.039000000804663 ], [ 769085.242999999783933, 4485557.605000000447035 ], [ 769085.188000000081956, 4485556.185000000521541 ], [ 769085.13399999961257, 4485554.946000000461936 ], [ 769085.135999999940395, 4485553.609999999403954 ], [ 769085.20299999974668, 4485551.925000000745058 ], [ 769085.13300000037998, 4485550.393999999389052 ], [ 769085.004999999888241, 4485548.598999999463558 ], [ 769084.890999999828637, 4485546.915999999269843 ], [ 769084.916000000201166, 4485545.07799999974668 ], [ 769084.957999999634922, 4485543.712999999523163 ], [ 769084.975999999791384, 4485542.668999999761581 ], [ 769085.399000000208616, 4485540.255999999120831 ], [ 769087.197999999858439, 4485536.118000000715256 ], [ 769088.855999999679625, 4485533.28999999910593 ], [ 769090.980000000447035, 4485529.720000000670552 ], [ 769092.349999999627471, 4485527.450999999418855 ], [ 769092.924999999813735, 4485526.332000000402331 ], [ 769094.054999999701977, 4485525.138000000268221 ], [ 769096.726999999955297, 4485522.106000000610948 ], [ 769099.735999999567866, 4485517.872999999672174 ], [ 769101.343999999575317, 4485515.686000000685453 ], [ 769102.267, 4485514.632999999448657 ], [ 769104.40500000026077, 4485512.509999999776483 ], [ 769107.071000000461936, 4485510.270999999716878 ], [ 769109.433000000193715, 4485508.300000000745058 ], [ 769111.49100000038743, 4485506.596000000834465 ], [ 769112.872000000439584, 4485505.41300000064075 ], [ 769113.563000000081956, 4485504.822000000625849 ], [ 769116.087000000290573, 4485502.376000000163913 ], [ 769119.591000000014901, 4485498.96000000089407 ], [ 769122.625, 4485495.924000000581145 ], [ 769125.228000000119209, 4485492.878000000491738 ], [ 769125.993999999947846, 4485491.505999999120831 ], [ 769126.559000000357628, 4485490.81900000013411 ], [ 769127.921000000089407, 4485489.16300000064075 ], [ 769129.462000000290573, 4485487.143999999389052 ], [ 769130.782999999821186, 4485485.516000000759959 ], [ 769132.309999999590218, 4485483.566999999806285 ], [ 769133.548999999649823, 4485482.176999999210238 ], [ 769134.15500000026077, 4485481.460999999195337 ], [ 769136.165000000037253, 4485479.061000000685453 ], [ 769138.353000000119209, 4485476.298000000417233 ], [ 769140.831000000238419, 4485473.33699999935925 ], [ 769142.814000000245869, 4485471.076999999582767 ], [ 769143.763000000268221, 4485469.88399999961257 ], [ 769145.745000000111759, 4485467.443 ], [ 769148.237999999895692, 4485464.593000000342727 ], [ 769151.324000000022352, 4485461.096999999135733 ], [ 769153.156000000424683, 4485459.061000000685453 ], [ 769153.734000000171363, 4485458.303999999538064 ], [ 769154.74100000038743, 4485457.376000000163913 ], [ 769156.584999999962747, 4485455.088999999687076 ], [ 769158.498999999836087, 4485452.814999999478459 ], [ 769160.010999999940395, 4485450.755000000819564 ], [ 769160.877000000327826, 4485449.619000000879169 ], [ 769162.814000000245869, 4485446.844000000506639 ], [ 769164.747000000439584, 4485443.707000000402331 ], [ 769166.229000000283122, 4485441.424000000581145 ], [ 769167.408999999985099, 4485439.588999999687076 ], [ 769168.728000000119209, 4485437.779999999329448 ], [ 769169.59499999973923, 4485436.643999999389052 ], [ 769172.665000000037253, 4485433.037000000476837 ], [ 769174.591000000014901, 4485430.513000000268221 ], [ 769176.498999999836087, 4485427.697000000625849 ], [ 769177.813000000081956, 4485425.345000000670552 ], [ 769179.536000000312924, 4485421.987999999895692 ], [ 769180.311999999918044, 4485420.184000000357628 ], [ 769180.708999999798834, 4485419.428999999538064 ], [ 769181.740000000223517, 4485417.998999999836087 ], [ 769185.377000000327826, 4485412.549000000581145 ], [ 769185.95299999974668, 4485411.610999999567866 ], [ 769186.906000000424683, 4485409.263000000268221 ], [ 769188.372999999672174, 4485406.868000000715256 ], [ 769190.156999999657273, 4485404.136 ], [ 769191.790000000037253, 4485401.629000000655651 ], [ 769193.395999999716878, 4485399.261 ], [ 769194.649000000208616, 4485397.801000000908971 ], [ 769195.213999999687076, 4485397.112999999895692 ], [ 769196.595999999903142, 4485396.111999999731779 ], [ 769197.566999999806285, 4485395.755000000819564 ], [ 769198.80599999986589, 4485395.700999999418855 ], [ 769200.072999999858439, 4485395.688999999314547 ], [ 769201.033999999985099, 4485395.764000000432134 ], [ 769201.934000000357628, 4485395.21199999935925 ], [ 769202.790000000037253, 4485394.507999999448657 ], [ 769203.45299999974668, 4485393.875 ], [ 769204.044999999925494, 4485393.229000000283122 ], [ 769204.731999999843538, 4485392.276000000536442 ], [ 769205.184000000357628, 4485391.42200000025332 ], [ 769205.552000000141561, 4485390.625 ], [ 769206.178000000305474, 4485389.046 ], [ 769206.529000000096858, 4485387.957000000402331 ], [ 769207.092000000178814, 4485387.088999999687076 ], [ 769207.713000000454485, 4485386.483999999240041 ], [ 769209.197999999858439, 4485384.562999999150634 ], [ 769210.628999999724329, 4485382.739 ], [ 769211.879999999888241, 4485381.097999999299645 ], [ 769212.979000000283122, 4485379.501000000163913 ], [ 769213.966000000014901, 4485377.917999999597669 ], [ 769215.120000000111759, 4485376.222999999299645 ], [ 769216.162999999709427, 4485374.722999999299645 ], [ 769216.684999999590218, 4485373.882999999448657 ], [ 769218.151999999769032, 4485371.489 ], [ 769219.358, 4485369.514000000432134 ], [ 769220.166000000201166, 4485368.114 ], [ 769220.701000000350177, 4485367.204 ], [ 769221.441999999806285, 4485366.153000000864267 ], [ 769222.281000000424683, 4485364.975999999791384 ], [ 769223.643000000156462, 4485363.320000000298023 ], [ 769225.240000000223517, 4485361.38399999961257 ], [ 769225.816999999806285, 4485360.626000000163913 ], [ 769226.787999999709427, 4485358.752000000327826 ], [ 769227.870000000111759, 4485356.861999999731779 ], [ 769228.691999999806285, 4485355.392000000923872 ], [ 769229.553000000305474, 4485353.712999999523163 ], [ 769230.06900000013411, 4485352.33 ], [ 769231.009999999776483, 4485350.232999999076128 ], [ 769232.20299999974668, 4485348.32799999974668 ], [ 769232.748999999836087, 4485347.167999999597669 ], [ 769232.583999999798834, 4485345.94400000013411 ], [ 769232.139999999664724, 4485343.150000000372529 ], [ 769231.701000000350177, 4485340.899000000208616 ], [ 769231.11699999962002, 4485338.07799999974668 ], [ 769230.862999999895692, 4485336.187000000849366 ], [ 769230.372000000439584, 4485334.395999999716878 ], [ 769229.861999999731779, 4485333.468000000342727 ], [ 769229.313000000081956, 4485332.748999999836087 ], [ 769228.639999999664724, 4485332.296 ], [ 769227.841000000014901, 4485331.745999999344349 ], [ 769226.847000000067055, 4485331.087999999523163 ], [ 769226.035000000149012, 4485330.607999999076128 ], [ 769224.650000000372529, 4485329.911000000312924 ], [ 769223.019000000320375, 4485329.745999999344349 ], [ 769221.571999999694526, 4485329.75899999961257 ], [ 769220.057000000029802, 4485330.121999999508262 ], [ 769218.558000000193715, 4485330.595000000670552 ], [ 769217.449000000022352, 4485331.10700000077486 ], [ 769216.599000000394881, 4485331.017000000923872 ], [ 769215.634999999776483, 4485330.581000000238419 ], [ 769214.417000000365078, 4485329.951999999582767 ], [ 769213.592000000178814, 4485329.541999999433756 ], [ 769212.58600000012666, 4485329.13399999961257 ], [ 769211.706000000238419, 4485328.822000000625849 ], [ 769210.434000000357628, 4485328.290999999269843 ], [ 769209.275000000372529, 4485327.926000000908971 ], [ 769208.353000000119209, 4485327.64299999922514 ], [ 769207.093000000342727, 4485326.860999999567866 ], [ 769205.775999999605119, 4485325.996999999508262 ], [ 769204.907999999821186, 4485325.434000000357628 ], [ 769204.177000000141561, 4485324.717000000178814 ], [ 769203.081000000238419, 4485323.641000000759959 ], [ 769201.940999999642372, 4485322.41300000064075 ], [ 769200.928000000305474, 4485321.280999999493361 ], [ 769199.96999999973923, 4485320.051000000908971 ], [ 769199.040000000037253, 4485318.861999999731779 ], [ 769198.361999999731779, 4485317.86600000038743 ], [ 769197.542999999597669, 4485316.66300000064075 ], [ 769197.076000000350177, 4485315.888000000268221 ], [ 769196.567999999970198, 4485315.141000000759959 ], [ 769196.099999999627471, 4485314.185000000521541 ], [ 769195.753999999724329, 4485312.962999999523163 ], [ 769195.468000000342727, 4485312.186000000685453 ], [ 769195.16399999987334, 4485310.936000000685453 ], [ 769194.911000000312924, 4485309.225999999791384 ], [ 769194.770999999716878, 4485307.682 ], [ 769194.571000000461936, 4485305.693 ], [ 769194.510999999940395, 4485303.730000000447035 ], [ 769194.496000000275671, 4485302.100999999791384 ], [ 769194.434999999590218, 4485300.139000000432134 ], [ 769194.519999999552965, 4485298.745999999344349 ], [ 769194.665000000037253, 4485296.460999999195337 ], [ 769194.959999999962747, 4485293.771999999880791 ], [ 769195.064000000245869, 4485291.515000000596046 ], [ 769195.173000000417233, 4485289.801999999210238 ], [ 769195.447999999858439, 4485287.974999999627471 ], [ 769196.298999999649823, 4485285.210999999195337 ], [ 769196.923000000417233, 4485283.450999999418855 ], [ 769197.385999999940395, 4485282.346000000834465 ], [ 769197.851999999955297, 4485280.08699999935925 ], [ 769198.787999999709427, 4485276.109999999403954 ], [ 769199.760999999940395, 4485272.899000000208616 ], [ 769200.087000000290573, 4485272.130000000819564 ], [ 769200.68099999986589, 4485270.146999999880791 ], [ 769200.96100000012666, 4485268.864 ], [ 769201.367999999783933, 4485267.676000000908971 ], [ 769201.953999999910593, 4485266.307 ], [ 769202.56900000013411, 4485265.159 ], [ 769203.390999999828637, 4485263.688999999314547 ], [ 769203.867999999783933, 4485262.696000000461936 ], [ 769204.582000000402331, 4485261.604000000283122 ], [ 769205.364000000059605, 4485260.343000000342727 ], [ 769206.064000000245869, 4485259.320000000298023 ], [ 769206.96999999973923, 4485257.974999999627471 ], [ 769207.49100000038743, 4485257.134999999776483 ], [ 769208.314000000245869, 4485255.846000000834465 ], [ 769209.152999999932945, 4485254.668999999761581 ], [ 769210.087000000290573, 4485253.365000000223517 ], [ 769210.718999999575317, 4485252.509999999776483 ], [ 769211.337000000290573, 4485251.543999999761581 ], [ 769212.245000000111759, 4485250.380000000819564 ], [ 769212.821999999694526, 4485249.621999999508262 ], [ 769213.275000000372529, 4485248.949999999254942 ], [ 769214.044999999925494, 4485247.939999999478459 ], [ 769214.826999999582767, 4485246.679999999701977 ], [ 769215.622999999672174, 4485245.530999999493361 ], [ 769216.571000000461936, 4485244.156999999657273 ], [ 769217.024000000208616, 4485243.484999999403954 ], [ 769217.849000000394881, 4485242.377000000327826 ], [ 769218.427000000141561, 4485241.619999999180436 ], [ 769219.182000000029802, 4485240.498999999836087 ], [ 769220.156000000424683, 4485238.985999999567866 ], [ 769220.703999999910593, 4485238.005999999120831 ], [ 769221.859000000171363, 4485236.492000000551343 ], [ 769222.889000000432134, 4485235.062000000849366 ], [ 769223.588000000454485, 4485233.857999999076128 ], [ 769224.480999999679625, 4485232.583000000566244 ], [ 769225.03000000026077, 4485231.784 ], [ 769225.638000000268221, 4485231.248999999836087 ], [ 769226.439000000245869, 4485230.64299999922514 ], [ 769227.559999999590218, 4485229.880999999120831 ], [ 769228.208999999798834, 4485229.316999999806285 ], [ 769228.84499999973923, 4485228.823999999091029 ], [ 769229.549999999813735, 4485228.344000000506639 ], [ 769230.463000000454485, 4485227.722999999299645 ], [ 769231.349999999627471, 4485227.24100000038743 ], [ 769232.127000000327826, 4485226.955 ], [ 769232.957999999634922, 4485226.572000000625849 ], [ 769233.787999999709427, 4485226.006999999284744 ], [ 769234.673000000417233, 4485225.344000000506639 ], [ 769235.792999999597669, 4485224.582000000402331 ], [ 769236.584999999962747, 4485224.406999999657273 ], [ 769237.245000000111759, 4485224.929999999701977 ], [ 769238.026999999769032, 4485225.187000000849366 ], [ 769238.661000000312924, 4485224.513000000268221 ], [ 769239.029000000096858, 4485223.716 ], [ 769239.256000000052154, 4485222.896999999880791 ], [ 769239.247000000439584, 4485221.992000000551343 ], [ 769239.191999999806285, 4485220.572000000625849 ], [ 769239.649000000208616, 4485217.407999999821186 ], [ 769239.747000000439584, 4485216.767000000923872 ], [ 769240.224499999545515, 4485215.9551 ], [ 769241.487999999895692, 4485213.807 ], [ 769244.456000000238419, 4485209.344000000506639 ], [ 769247.311999999918044, 4485205.612999999895692 ], [ 769249.014000000432134, 4485202.849999999627471 ], [ 769249.911000000312924, 4485200.252000000327826 ], [ 769251.368999999947846, 4485198.280999999493361 ], [ 769252.576000000350177, 4485197.304999999701977 ], [ 769253.010999999940395, 4485196.244000000879169 ], [ 769254.402999999932945, 4485193.831000000238419 ], [ 769257.561999999918044, 4485189.011 ], [ 769261.031000000424683, 4485184.958000000566244 ], [ 769265.950000000186265, 4485178.964999999850988 ], [ 769270.032999999821186, 4485173.643999999389052 ], [ 769274.576999999582767, 4485168.502000000327826 ], [ 769277.543999999761581, 4485166.439999999478459 ], [ 769281.197999999858439, 4485163.861999999731779 ], [ 769284.896999999880791, 4485161.824999999254942 ], [ 769288.063000000081956, 4485160.230000000447035 ], [ 769293.759999999776483, 4485156.605000000447035 ], [ 769297.169999999925494, 4485153.705 ], [ 769303.162999999709427, 4485149.623999999836087 ], [ 769306.296000000089407, 4485148.622999999672174 ], [ 769309.916000000201166, 4485147.838999999687076 ], [ 769312.375, 4485146.256999999284744 ], [ 769313.25899999961257, 4485144.753000000491738 ], [ 769313.338999999687076, 4485143.843000000342727 ], [ 769315.276999999769032, 4485143.151000000536442 ], [ 769316.918999999761581, 4485141.543999999761581 ], [ 769316.925999999977648, 4485139.881999999284744 ], [ 769318.502999999560416, 4485138.432 ], [ 769320.275999999605119, 4485137.535000000149012 ], [ 769322.57799999974668, 4485137.08699999935925 ], [ 769325.393000000156462, 4485135.954 ], [ 769327.417999999597669, 4485133.975999999791384 ], [ 769327.998999999836087, 4485132.446000000461936 ], [ 769327.95299999974668, 4485130.706000000238419 ], [ 769328.117999999783933, 4485128.68099999986589 ], [ 769329.377999999560416, 4485126.155999999493361 ], [ 769331.065999999642372, 4485124.316999999806285 ], [ 769332.463999999687076, 4485123.671 ], [ 769334.614000000059605, 4485123.296 ], [ 769336.955000000074506, 4485123.079 ], [ 769338.762000000104308, 4485122.275000000372529 ], [ 769340.435999999754131, 4485121.016000000759959 ], [ 769341.841000000014901, 4485118.966 ], [ 769342.855999999679625, 4485117.660000000149012 ], [ 769343.951000000350177, 4485116.388000000268221 ], [ 769345.791000000201166, 4485115.504000000655651 ], [ 769347.314000000245869, 4485115.004000000655651 ], [ 769349.536000000312924, 4485113.83699999935925 ], [ 769351.541000000201166, 4485112.043999999761581 ], [ 769352.418999999761581, 4485110.487999999895692 ], [ 769352.787999999709427, 4485108.728000000119209 ], [ 769353.401999999769032, 4485106.777000000700355 ], [ 769355.003999999724329, 4485104.594000000506639 ], [ 769358.162999999709427, 4485101.489 ], [ 769362.713999999687076, 4485098.199999999254942 ], [ 769368.497000000439584, 4485094.487999999895692 ], [ 769373.00800000037998, 4485091.56900000013411 ], [ 769378.639000000432134, 4485088.358999999240041 ], [ 769382.997000000439584, 4485086.026000000536442 ], [ 769388.536999999545515, 4485083.019999999552965 ], [ 769398.593000000342727, 4485076.975999999791384 ], [ 769404.71999999973923, 4485073.093000000342727 ], [ 769409.798000000417233, 4485069.223999999463558 ], [ 769413.247000000439584, 4485066.812000000849366 ], [ 769416.384999999776483, 4485064.50899999961257 ], [ 769417.907999999821186, 4485063.391000000759959 ], [ 769422.787999999709427, 4485059.910000000149012 ], [ 769427.523000000044703, 4485056.812000000849366 ], [ 769431.907999999821186, 4485054.346999999135733 ], [ 769438.752999999560416, 4485051.156999999657273 ], [ 769444.853000000119209, 4485047.57799999974668 ], [ 769450.253999999724329, 4485044.322000000625849 ], [ 769454.876000000163913, 4485041.013000000268221 ], [ 769458.121000000275671, 4485038.850999999791384 ], [ 769464.00899999961257, 4485035.812999999150634 ], [ 769468.724000000394881, 4485034.098999999463558 ], [ 769473.927000000141561, 4485031.573999999091029 ], [ 769481.24100000038743, 4485026.472999999299645 ], [ 769492.067999999970198, 4485020.256999999284744 ], [ 769498.668999999761581, 4485016.831000000238419 ], [ 769503.851999999955297, 4485014.49100000038743 ], [ 769513.987999999895692, 4485010.107999999076128 ], [ 769521.339999999850988, 4485007.380000000819564 ], [ 769529.429999999701977, 4485004.731000000610948 ], [ 769538.504999999888241, 4485000.020999999716878 ], [ 769542.314000000245869, 4484998.309000000357628 ], [ 769549.523000000044703, 4484995.03800000064075 ], [ 769555.865000000223517, 4484992.217000000178814 ], [ 769563.548000000417233, 4484989.938999999314547 ], [ 769572.63300000037998, 4484988.247999999672174 ], [ 769577.588000000454485, 4484987.036000000312924 ], [ 769582.156000000424683, 4484985.708000000566244 ], [ 769587.354000000283122, 4484983.347999999299645 ], [ 769593.125, 4484980.302999999374151 ], [ 769599.826000000350177, 4484977.164000000804663 ], [ 769605.087000000290573, 4484975.073999999091029 ], [ 769608.915000000037253, 4484973.435000000521541 ], [ 769613.970999999903142, 4484972.552999999374151 ], [ 769620.114000000059605, 4484971.559000000357628 ], [ 769625.813000000081956, 4484969.75 ], [ 769630.024000000208616, 4484967.917999999597669 ], [ 769633.509999999776483, 4484965.709000000730157 ], [ 769636.781000000424683, 4484963.300000000745058 ], [ 769640.330000000074506, 4484960.229000000283122 ], [ 769644.916000000201166, 4484956.796 ], [ 769648.526999999769032, 4484954.562000000849366 ], [ 769655.320000000298023, 4484951.477 ], [ 769660.237999999895692, 4484948.33699999935925 ], [ 769663.610000000335276, 4484946.17200000025332 ], [ 769671.521999999880791, 4484941.849999999627471 ], [ 769675.839999999850988, 4484939.440999999642372 ], [ 769683.084999999962747, 4484936.400000000372529 ], [ 769685.230999999679625, 4484935.740000000223517 ], [ 769690.900000000372529, 4484933.667999999597669 ], [ 769696.658999999985099, 4484930.605000000447035 ], [ 769700.775000000372529, 4484926.79700000025332 ], [ 769703.269999999552965, 4484923.761 ], [ 769704.684999999590218, 4484922.019999999552965 ], [ 769707.541000000201166, 4484919.71199999935925 ], [ 769712.468000000342727, 4484916.368000000715256 ], [ 769717.69400000013411, 4484913.877000000327826 ], [ 769722.553999999538064, 4484912.301999999210238 ], [ 769726.75, 4484910.790999999269843 ], [ 769732.109000000171363, 4484907.025000000372529 ], [ 769735.542999999597669, 4484905.216 ], [ 769743.673999999649823, 4484899.054999999701977 ], [ 769750.502000000327826, 4484894.023 ], [ 769755.377999999560416, 4484891.079 ], [ 769762.583999999798834, 4484887.5 ], [ 769767.03899999987334, 4484885.17 ], [ 769774.656000000424683, 4484881.179999999701977 ], [ 769783.065000000409782, 4484875.969000000506639 ], [ 769789.440999999642372, 4484871.937999999150634 ], [ 769795.467000000178814, 4484868.58699999935925 ], [ 769801.33600000012666, 4484865.650000000372529 ], [ 769807.281999999657273, 4484863.396999999880791 ], [ 769815.082000000402331, 4484859.119000000879169 ], [ 769821.91399999987334, 4484854.877000000327826 ], [ 769832.06900000013411, 4484848.303999999538064 ], [ 769844.541000000201166, 4484839.291999999433756 ], [ 769853.69400000013411, 4484831.787000000476837 ], [ 769858.268000000156462, 4484828.247999999672174 ], [ 769862.058000000193715, 4484825.333000000566244 ], [ 769867.223000000230968, 4484821.918999999761581 ], [ 769873.143000000156462, 4484818.58 ], [ 769878.381000000052154, 4484815.628000000491738 ], [ 769883.251000000163913, 4484812.54700000025332 ], [ 769890.315999999642372, 4484809.793999999761581 ], [ 769895.900000000372529, 4484808.200999999418855 ], [ 769901.911000000312924, 4484806.132999999448657 ], [ 769907.798000000417233, 4484802.78800000064075 ], [ 769918.662999999709427, 4484798.440999999642372 ], [ 769924.440999999642372, 4484796.099999999627471 ], [ 769933.401999999769032, 4484793.132999999448657 ], [ 769939.919999999925494, 4484790.451999999582767 ], [ 769945.507000000216067, 4484788.037000000476837 ], [ 769949.933000000193715, 4484786.404999999329448 ], [ 769955.088000000454485, 4484783.846000000834465 ], [ 769964.438000000081956, 4484778.08 ], [ 769968.639000000432134, 4484774.925000000745058 ], [ 769972.06900000013411, 4484772.41300000064075 ], [ 769975.33600000012666, 4484770.346000000834465 ], [ 769979.78899999987334, 4484767.621999999508262 ], [ 769984.123999999836087, 4484766.0 ], [ 769989.65500000026077, 4484763.872999999672174 ], [ 769995.291000000201166, 4484760.979000000283122 ], [ 770000.065000000409782, 4484757.78800000064075 ], [ 770006.731999999843538, 4484753.81900000013411 ], [ 770010.514999999664724, 4484752.210999999195337 ], [ 770015.376000000163913, 4484750.621999999508262 ], [ 770022.349000000394881, 4484748.732999999076128 ], [ 770027.418999999761581, 4484746.365000000223517 ], [ 770033.514000000432134, 4484744.106000000610948 ], [ 770038.104000000283122, 4484741.425000000745058 ], [ 770041.746000000275671, 4484739.371999999508262 ], [ 770053.665000000037253, 4484734.83 ], [ 770071.224999999627471, 4484728.822000000625849 ], [ 770079.746000000275671, 4484726.627000000327826 ], [ 770088.303999999538064, 4484724.269999999552965 ], [ 770092.860000000335276, 4484723.040999999269843 ], [ 770102.376000000163913, 4484719.403000000864267 ], [ 770110.955000000074506, 4484716.414000000804663 ], [ 770117.394999999552965, 4484714.301999999210238 ], [ 770123.123999999836087, 4484712.975999999791384 ], [ 770130.404000000096858, 4484712.634999999776483 ], [ 770137.808000000193715, 4484712.046 ], [ 770141.713000000454485, 4484712.494000000879169 ], [ 770146.309000000357628, 4484712.925000000745058 ], [ 770151.417000000365078, 4484712.301000000908971 ], [ 770155.495000000111759, 4484710.673000000417233 ], [ 770159.46999999973923, 4484707.596000000834465 ], [ 770163.917999999597669, 4484702.870999999344349 ], [ 770167.152999999932945, 4484700.485999999567866 ], [ 770172.084999999962747, 4484698.120999999344349 ], [ 770178.192999999970198, 4484696.10700000077486 ], [ 770185.945000000298023, 4484694.427999999374151 ], [ 770191.593999999575317, 4484693.46199999935925 ], [ 770204.825000000186265, 4484690.504000000655651 ], [ 770211.331000000238419, 4484688.630000000819564 ], [ 770215.71999999973923, 4484686.69400000013411 ], [ 770219.379999999888241, 4484684.713999999687076 ], [ 770223.078999999910593, 4484683.550000000745058 ], [ 770225.678999999538064, 4484684.066999999806285 ], [ 770229.247999999672174, 4484684.782999999821186 ], [ 770234.033999999985099, 4484685.28999999910593 ], [ 770237.956000000238419, 4484684.744000000879169 ], [ 770240.673999999649823, 4484683.584000000730157 ], [ 770242.907999999821186, 4484682.367000000551343 ], [ 770244.767, 4484680.824999999254942 ], [ 770246.731999999843538, 4484678.962999999523163 ], [ 770249.364000000059605, 4484676.735999999567866 ], [ 770252.149000000208616, 4484675.589999999850988 ], [ 770258.873999999836087, 4484675.262000000104308 ], [ 770282.24930000025779, 4484672.880000000819564 ], [ 770294.521999999880791, 4484671.30599999986589 ], [ 770298.739000000059605, 4484669.982999999076128 ], [ 770304.950000000186265, 4484668.354000000283122 ], [ 770309.212000000290573, 4484667.059000000357628 ], [ 770311.577200000174344, 4484666.511900000274181 ], [ 770323.817400000058115, 4484664.179199999198318 ], [ 770327.53899999987334, 4484663.682 ], [ 770336.682000000029802, 4484663.312000000849366 ], [ 770348.514000000432134, 4484662.755000000819564 ], [ 770352.929999999701977, 4484661.925000000745058 ], [ 770360.259999999776483, 4484661.354000000283122 ], [ 770367.497000000439584, 4484661.123999999836087 ], [ 770373.283999999985099, 4484660.773 ], [ 770377.513000000268221, 4484660.005000000819564 ], [ 770382.373999999836087, 4484660.099999999627471 ], [ 770388.548000000417233, 4484659.165999999269843 ], [ 770396.083999999798834, 4484656.612999999895692 ], [ 770400.989000000059605, 4484654.825999999418855 ], [ 770407.103000000119209, 4484652.86600000038743 ], [ 770412.885999999940395, 4484650.691999999806285 ], [ 770418.492999999783933, 4484648.994999999180436 ], [ 770424.951999999582767, 4484646.869999999180436 ], [ 770430.078999999910593, 4484645.478000000119209 ], [ 770436.736999999731779, 4484643.845000000670552 ], [ 770442.492999999783933, 4484642.559000000357628 ], [ 770447.57799999974668, 4484641.810000000521541 ], [ 770452.776999999769032, 4484641.467000000178814 ], [ 770458.082999999634922, 4484641.110999999567866 ], [ 770461.992999999783933, 4484640.768999999389052 ], [ 770467.67200000025332, 4484641.048000000417233 ], [ 770472.689000000245869, 4484642.364 ], [ 770477.161000000312924, 4484643.041999999433756 ], [ 770482.718000000342727, 4484643.707000000402331 ], [ 770488.418999999761581, 4484643.887000000104308 ], [ 770499.173000000417233, 4484642.469000000506639 ], [ 770505.584999999962747, 4484641.244999999180436 ], [ 770511.377000000327826, 4484640.948000000789762 ], [ 770517.362999999895692, 4484640.69400000013411 ], [ 770523.165000000037253, 4484639.969000000506639 ], [ 770525.309000000357628, 4484639.45299999974668 ], [ 770534.415000000037253, 4484637.871999999508262 ], [ 770536.30599999986589, 4484637.364 ], [ 770540.725999999791384, 4484635.890000000596046 ], [ 770543.956000000238419, 4484635.125 ], [ 770547.425999999977648, 4484634.654999999329448 ], [ 770550.103000000119209, 4484634.344000000506639 ], [ 770554.82799999974668, 4484634.232999999076128 ], [ 770561.870000000111759, 4484634.861999999731779 ], [ 770567.798999999649823, 4484635.205 ], [ 770573.139000000432134, 4484635.298000000417233 ], [ 770578.55599999986589, 4484634.602 ], [ 770582.137000000104308, 4484633.877000000327826 ], [ 770587.343999999575317, 4484633.011 ], [ 770592.657999999821186, 4484631.597999999299645 ], [ 770596.43099999986589, 4484630.324999999254942 ], [ 770599.349999999627471, 4484629.166999999433756 ], [ 770602.473000000230968, 4484627.803999999538064 ], [ 770605.894000000320375, 4484625.876000000163913 ], [ 770609.052000000141561, 4484624.196000000461936 ], [ 770614.418999999761581, 4484622.246999999508262 ], [ 770619.359000000171363, 4484620.926999999210238 ], [ 770624.552000000141561, 4484619.630999999120831 ], [ 770628.362999999895692, 4484619.062999999150634 ], [ 770639.196000000461936, 4484617.790999999269843 ], [ 770645.95299999974668, 4484617.450999999418855 ], [ 770652.582999999634922, 4484616.852 ], [ 770658.474000000394881, 4484616.081000000238419 ], [ 770663.593999999575317, 4484615.949999999254942 ], [ 770672.001000000163913, 4484615.744999999180436 ], [ 770677.411000000312924, 4484615.405999999493361 ], [ 770684.347000000067055, 4484614.70299999974668 ], [ 770690.013000000268221, 4484613.537000000476837 ], [ 770697.114000000059605, 4484612.981000000610948 ], [ 770705.269000000320375, 4484611.608999999240041 ], [ 770710.906999999657273, 4484611.01799999922514 ], [ 770715.372000000439584, 4484610.626000000163913 ], [ 770719.338999999687076, 4484610.562000000849366 ], [ 770724.599000000394881, 4484611.034 ], [ 770728.582000000402331, 4484610.66499999910593 ], [ 770733.870000000111759, 4484610.236999999731779 ], [ 770740.091000000014901, 4484610.049000000581145 ], [ 770744.485000000335276, 4484610.497999999672174 ], [ 770749.093000000342727, 4484610.266000000759959 ], [ 770756.843999999575317, 4484609.800000000745058 ], [ 770761.523000000044703, 4484608.93099999986589 ], [ 770768.433000000193715, 4484608.599999999627471 ], [ 770775.658999999985099, 4484609.037000000476837 ], [ 770780.825000000186265, 4484609.254000000655651 ], [ 770786.859000000171363, 4484609.581000000238419 ], [ 770795.656000000424683, 4484609.389000000432134 ], [ 770805.536000000312924, 4484608.625 ], [ 770813.771999999880791, 4484607.487999999895692 ], [ 770820.32799999974668, 4484607.234999999403954 ], [ 770828.75, 4484606.725999999791384 ], [ 770834.722000000067055, 4484606.597999999299645 ], [ 770840.919999999925494, 4484606.86600000038743 ], [ 770846.059999999590218, 4484607.130000000819564 ], [ 770851.546000000089407, 4484607.997999999672174 ], [ 770858.620000000111759, 4484609.365000000223517 ], [ 770862.872000000439584, 4484610.26799999922514 ], [ 770867.480999999679625, 4484611.059000000357628 ], [ 770872.140999999828637, 4484611.346999999135733 ], [ 770877.773000000044703, 4484610.909 ], [ 770883.064000000245869, 4484610.566999999806285 ], [ 770887.783999999985099, 4484610.490000000223517 ], [ 770892.58600000012666, 4484611.671 ], [ 770898.098000000230968, 4484611.434000000357628 ], [ 770901.979000000283122, 4484610.96199999935925 ], [ 770905.543999999761581, 4484610.747999999672174 ], [ 770907.941999999806285, 4484610.579 ], [ 770907.57799999974668, 4484613.417999999597669 ], [ 770911.726999999955297, 4484614.219000000506639 ], [ 770912.139000000432134, 4484612.956000000238419 ], [ 770916.553000000305474, 4484614.534 ], [ 770919.752999999560416, 4484615.401000000536442 ], [ 770923.178999999538064, 4484615.724999999627471 ], [ 770927.400000000372529, 4484615.037000000476837 ], [ 770931.247000000439584, 4484614.151000000536442 ], [ 770936.178000000305474, 4484613.717000000178814 ], [ 770941.118999999947846, 4484613.539000000804663 ], [ 770948.65500000026077, 4484613.549000000581145 ], [ 770954.668999999761581, 4484613.275000000372529 ], [ 770960.44400000013411, 4484613.200999999418855 ], [ 770968.174999999813735, 4484613.687000000849366 ], [ 770974.459999999962747, 4484614.974999999627471 ], [ 770978.578999999910593, 4484615.856000000610948 ], [ 770982.042000000365078, 4484616.886 ], [ 770992.307000000029802, 4484620.209000000730157 ], [ 770999.157999999821186, 4484621.796 ], [ 771006.419999999925494, 4484622.646999999880791 ], [ 771012.282999999821186, 4484622.979000000283122 ], [ 771017.473000000230968, 4484623.559000000357628 ], [ 771021.338999999687076, 4484624.005999999120831 ], [ 771030.593000000342727, 4484625.186000000685453 ], [ 771035.479000000283122, 4484625.341 ], [ 771041.129999999888241, 4484626.234999999403954 ], [ 771044.705000000074506, 4484627.623999999836087 ], [ 771049.451000000350177, 4484629.66499999910593 ], [ 771053.082999999634922, 4484631.012000000104308 ], [ 771057.83600000012666, 4484631.879000000655651 ], [ 771063.274000000208616, 4484632.721000000834465 ], [ 771067.933000000193715, 4484633.947000000625849 ], [ 771071.821999999694526, 4484635.08 ], [ 771075.96100000012666, 4484636.152000000700355 ], [ 771080.394999999552965, 4484636.454 ], [ 771083.817999999970198, 4484636.896999999880791 ], [ 771087.666000000201166, 4484637.768999999389052 ], [ 771090.955000000074506, 4484638.718000000342727 ], [ 771093.286000000312924, 4484639.68099999986589 ], [ 771095.229000000283122, 4484641.03999999910593 ], [ 771096.53899999987334, 4484642.824999999254942 ], [ 771097.593999999575317, 4484644.293999999761581 ], [ 771097.682000000029802, 4484646.518999999389052 ], [ 771098.509999999776483, 4484656.312000000849366 ], [ 771098.575000000186265, 4484661.020999999716878 ], [ 771097.951999999582767, 4484669.392000000923872 ], [ 771098.343000000342727, 4484677.79700000025332 ], [ 771098.785000000149012, 4484684.087999999523163 ], [ 771099.179999999701977, 4484686.894999999552965 ], [ 771099.635999999940395, 4484689.043999999761581 ], [ 771100.080000000074506, 4484690.61600000038743 ], [ 771100.916000000201166, 4484691.987999999895692 ], [ 771102.178999999538064, 4484692.850999999791384 ], [ 771103.646999999880791, 4484693.119999999180436 ], [ 771105.076999999582767, 4484692.278000000864267 ], [ 771105.855000000447035, 4484690.990000000223517 ], [ 771106.338999999687076, 4484688.501000000163913 ], [ 771106.510999999940395, 4484684.20299999974668 ], [ 771106.820000000298023, 4484681.088999999687076 ], [ 771107.25899999961257, 4484677.591 ], [ 771107.808000000193715, 4484673.004000000655651 ], [ 771108.560999999754131, 4484666.519999999552965 ], [ 771107.875, 4484656.884999999776483 ], [ 771107.361999999731779, 4484643.400000000372529 ], [ 771112.364000000059605, 4484641.188999999314547 ], [ 771116.933000000193715, 4484639.774000000208616 ], [ 771126.696000000461936, 4484637.75 ], [ 771132.048000000417233, 4484636.91300000064075 ], [ 771136.743999999947846, 4484636.91499999910593 ], [ 771144.485999999567866, 4484636.718000000342727 ], [ 771150.984000000171363, 4484637.800000000745058 ], [ 771158.417000000365078, 4484638.891000000759959 ], [ 771166.361999999731779, 4484639.970000000670552 ], [ 771171.628999999724329, 4484640.209000000730157 ], [ 771181.617999999783933, 4484640.980000000447035 ], [ 771189.832999999634922, 4484640.710999999195337 ], [ 771197.735999999567866, 4484640.370999999344349 ], [ 771205.184999999590218, 4484639.220000000670552 ], [ 771212.57799999974668, 4484638.977 ], [ 771216.622000000439584, 4484638.13399999961257 ], [ 771220.222000000067055, 4484637.979000000283122 ], [ 771227.341000000014901, 4484638.91499999910593 ], [ 771233.71100000012666, 4484639.855000000447035 ], [ 771238.678000000305474, 4484640.737999999895692 ], [ 771241.603000000119209, 4484641.435000000521541 ], [ 771249.483, 4484642.298000000417233 ], [ 771256.575000000186265, 4484642.123999999836087 ], [ 771263.087000000290573, 4484641.862999999895692 ], [ 771268.81900000013411, 4484641.774000000208616 ], [ 771273.625, 4484641.727 ], [ 771279.321000000461936, 4484641.460999999195337 ], [ 771284.214999999850988, 4484641.78800000064075 ], [ 771289.759999999776483, 4484642.584000000730157 ], [ 771295.736999999731779, 4484644.698000000789762 ], [ 771300.580000000074506, 4484647.176000000908971 ], [ 771305.13300000037998, 4484649.365000000223517 ], [ 771308.447999999858439, 4484650.454 ], [ 771318.167000000365078, 4484654.344000000506639 ], [ 771328.910000000149012, 4484658.496999999508262 ], [ 771339.49199999962002, 4484662.995999999344349 ], [ 771345.243999999947846, 4484665.529999999329448 ], [ 771347.603000000119209, 4484667.030999999493361 ], [ 771347.781000000424683, 4484670.778999999165535 ], [ 771347.696000000461936, 4484675.552999999374151 ], [ 771347.907999999821186, 4484696.612999999895692 ], [ 771348.036999999545515, 4484698.201999999582767 ], [ 771349.290000000037253, 4484699.630000000819564 ], [ 771351.066999999806285, 4484699.98200000077486 ], [ 771352.751000000163913, 4484699.281999999657273 ], [ 771354.20299999974668, 4484697.44400000013411 ], [ 771354.956000000238419, 4484693.433000000193715 ], [ 771355.002000000327826, 4484687.58699999935925 ], [ 771355.529000000096858, 4484683.204 ], [ 771356.150000000372529, 4484674.642000000923872 ], [ 771355.770999999716878, 4484667.10700000077486 ], [ 771360.218999999575317, 4484664.104000000283122 ], [ 771363.74199999962002, 4484661.36600000038743 ], [ 771364.851999999955297, 4484657.530999999493361 ], [ 771366.254999999888241, 4484655.03800000064075 ], [ 771368.123999999836087, 4484652.546 ], [ 771370.150000000372529, 4484650.520999999716878 ], [ 771373.889999999664724, 4484647.561000000685453 ], [ 771377.317999999970198, 4484645.068 ], [ 771380.434000000357628, 4484642.265000000596046 ], [ 771384.798000000417233, 4484641.641000000759959 ], [ 771390.095999999903142, 4484639.149000000208616 ], [ 771396.951999999582767, 4484636.501000000163913 ], [ 771405.152999999932945, 4484634.744000000879169 ], [ 771407.776999999769032, 4484632.869999999180436 ], [ 771410.588000000454485, 4484631.386 ], [ 771413.281999999657273, 4484630.478000000119209 ], [ 771415.392, 4484633.892000000923872 ], [ 771416.257000000216067, 4484635.081000000238419 ], [ 771416.947999999858439, 4484635.899000000208616 ], [ 771417.911999999545515, 4484636.032999999821186 ], [ 771419.429999999701977, 4484635.719000000506639 ], [ 771420.592000000178814, 4484635.105000000447035 ], [ 771420.743999999947846, 4484634.332000000402331 ], [ 771419.483, 4484631.219000000506639 ], [ 771418.980000000447035, 4484629.515000000596046 ], [ 771425.092000000178814, 4484625.68099999986589 ], [ 771428.662999999709427, 4484624.329 ], [ 771433.28000000026077, 4484622.734999999403954 ], [ 771437.184999999590218, 4484621.612999999895692 ], [ 771445.439000000245869, 4484620.534 ], [ 771456.587000000290573, 4484620.315999999642372 ], [ 771467.38300000037998, 4484619.392000000923872 ], [ 771470.216000000014901, 4484618.559000000357628 ], [ 771474.15500000026077, 4484617.441999999806285 ], [ 771477.849000000394881, 4484615.771999999880791 ], [ 771482.00800000037998, 4484612.701999999582767 ], [ 771485.088000000454485, 4484608.50899999961257 ], [ 771487.007000000216067, 4484604.232999999076128 ], [ 771488.406999999657273, 4484600.206000000238419 ], [ 771490.132000000216067, 4484596.559000000357628 ], [ 771492.576000000350177, 4484593.072000000625849 ], [ 771495.252000000327826, 4484590.901000000536442 ], [ 771498.269000000320375, 4484590.287000000476837 ], [ 771500.348000000230968, 4484591.14299999922514 ], [ 771503.463000000454485, 4484591.03999999910593 ], [ 771507.311999999918044, 4484588.971999999135733 ], [ 771510.446000000461936, 4484584.856000000610948 ], [ 771513.389999999664724, 4484579.193 ], [ 771517.065000000409782, 4484573.826999999582767 ], [ 771520.218000000342727, 4484570.481000000610948 ], [ 771522.889000000432134, 4484567.849999999627471 ], [ 771525.776999999769032, 4484566.312000000849366 ], [ 771527.881000000052154, 4484565.470000000670552 ], [ 771528.979000000283122, 4484564.146999999880791 ], [ 771532.542999999597669, 4484559.612999999895692 ], [ 771535.459999999962747, 4484556.83699999935925 ], [ 771538.129999999888241, 4484555.48200000077486 ], [ 771541.565000000409782, 4484554.227 ], [ 771543.902999999932945, 4484552.235999999567866 ], [ 771546.833999999798834, 4484550.551999999210238 ], [ 771548.269000000320375, 4484549.652000000700355 ], [ 771553.003999999724329, 4484544.243000000715256 ], [ 771553.800999999977648, 4484541.625 ], [ 771554.010999999940395, 4484538.956000000238419 ], [ 771555.233, 4484537.604000000283122 ], [ 771557.985999999567866, 4484537.727 ], [ 771560.173999999649823, 4484539.23200000077486 ], [ 771562.381000000052154, 4484540.722999999299645 ], [ 771565.390999999828637, 4484540.634999999776483 ], [ 771568.287999999709427, 4484538.655999999493361 ], [ 771570.549999999813735, 4484536.515000000596046 ], [ 771572.32799999974668, 4484533.932 ], [ 771573.356999999843538, 4484530.860999999567866 ], [ 771573.722000000067055, 4484528.083000000566244 ], [ 771574.628999999724329, 4484524.345000000670552 ], [ 771576.11600000038743, 4484521.473999999463558 ], [ 771578.939000000245869, 4484519.142000000923872 ], [ 771580.447999999858439, 4484517.907999999821186 ], [ 771581.299999999813735, 4484515.946000000461936 ], [ 771582.731999999843538, 4484514.562000000849366 ], [ 771585.149000000208616, 4484512.023 ], [ 771589.15500000026077, 4484508.075999999418855 ], [ 771592.191999999806285, 4484504.31900000013411 ], [ 771594.567999999970198, 4484500.649000000208616 ], [ 771596.810999999754131, 4484497.245999999344349 ], [ 771599.564000000245869, 4484492.876000000163913 ], [ 771602.458999999798834, 4484488.667999999597669 ], [ 771605.080000000074506, 4484485.636 ], [ 771610.934999999590218, 4484481.723999999463558 ], [ 771615.512000000104308, 4484478.795 ], [ 771618.270999999716878, 4484476.701999999582767 ], [ 771620.326000000350177, 4484475.831000000238419 ], [ 771627.96999999973923, 4484471.744000000879169 ], [ 771641.722000000067055, 4484457.505000000819564 ], [ 771651.546000000089407, 4484444.737999999895692 ], [ 771658.271999999880791, 4484437.392000000923872 ], [ 771662.88399999961257, 4484431.349999999627471 ], [ 771668.595999999903142, 4484424.644999999552965 ], [ 771669.908999999985099, 4484423.339999999850988 ], [ 771672.200000000186265, 4484421.489 ], [ 771685.275999999605119, 4484405.404999999329448 ], [ 771685.294999999925494, 4484404.404999999329448 ], [ 771686.656999999657273, 4484402.223999999463558 ], [ 771688.263000000268221, 4484400.30599999986589 ], [ 771705.214999999850988, 4484383.83500000089407 ], [ 771707.013000000268221, 4484381.49100000038743 ], [ 771709.843000000342727, 4484378.389000000432134 ], [ 771713.377000000327826, 4484375.051999999210238 ], [ 771720.514999999664724, 4484368.269999999552965 ], [ 771727.549999999813735, 4484363.068 ], [ 771735.609000000171363, 4484357.057 ], [ 771738.581000000238419, 4484354.812999999150634 ], [ 771740.84499999973923, 4484351.937000000849366 ], [ 771742.728000000119209, 4484348.604000000283122 ], [ 771744.916000000201166, 4484346.072000000625849 ], [ 771747.781999999657273, 4484344.541999999433756 ], [ 771750.771999999880791, 4484342.98200000077486 ], [ 771751.63399999961257, 4484342.025000000372529 ], [ 771754.185999999754131, 4484339.352 ], [ 771755.230000000447035, 4484336.844000000506639 ], [ 771756.286000000312924, 4484335.75 ], [ 771758.86699999962002, 4484334.884999999776483 ], [ 771761.490000000223517, 4484333.380000000819564 ], [ 771764.229000000283122, 4484329.820000000298023 ], [ 771764.358, 4484327.784 ], [ 771764.418999999761581, 4484326.638000000268221 ], [ 771765.953999999910593, 4484325.032999999821186 ], [ 771768.950000000186265, 4484321.959000000730157 ], [ 771770.650000000372529, 4484320.873999999836087 ], [ 771773.218999999575317, 4484319.786000000312924 ], [ 771776.709999999962747, 4484317.290999999269843 ], [ 771779.003999999724329, 4484314.82799999974668 ], [ 771780.740000000223517, 4484311.860999999567866 ], [ 771780.877000000327826, 4484311.357999999076128 ], [ 771787.088999999687076, 4484301.457000000402331 ], [ 771792.347000000067055, 4484296.205 ], [ 771801.313000000081956, 4484287.697000000625849 ], [ 771803.963000000454485, 4484285.736999999731779 ], [ 771808.0, 4484283.234999999403954 ], [ 771812.979000000283122, 4484280.095000000670552 ], [ 771816.270999999716878, 4484278.263000000268221 ], [ 771823.071000000461936, 4484277.002000000327826 ], [ 771827.118999999947846, 4484275.91300000064075 ], [ 771832.188000000081956, 4484274.625 ], [ 771838.260999999940395, 4484272.744999999180436 ], [ 771848.242999999783933, 4484268.511 ], [ 771855.169999999925494, 4484265.416999999433756 ], [ 771863.96100000012666, 4484261.879000000655651 ], [ 771871.024000000208616, 4484259.676000000908971 ], [ 771877.826000000350177, 4484257.018999999389052 ], [ 771880.968999999575317, 4484255.756999999284744 ], [ 771884.394999999552965, 4484253.33699999935925 ], [ 771886.229000000283122, 4484251.373999999836087 ], [ 771889.45299999974668, 4484249.446000000461936 ], [ 771899.178999999538064, 4484245.014000000432134 ], [ 771903.800999999977648, 4484243.46199999935925 ], [ 771909.36600000038743, 4484241.070000000298023 ], [ 771912.91399999987334, 4484238.737999999895692 ], [ 771915.282999999821186, 4484237.81900000013411 ], [ 771918.674999999813735, 4484236.99100000038743 ], [ 771927.815999999642372, 4484234.770999999716878 ], [ 771932.906999999657273, 4484233.062999999150634 ], [ 771939.262000000104308, 4484230.432 ], [ 771947.283999999985099, 4484227.559000000357628 ], [ 771950.867999999783933, 4484226.240000000223517 ], [ 771953.934999999590218, 4484224.649000000208616 ], [ 771956.217000000178814, 4484222.656999999657273 ], [ 771958.105000000447035, 4484220.891000000759959 ], [ 771960.418999999761581, 4484218.820000000298023 ], [ 771961.271999999880791, 4484218.057 ], [ 771962.282100000418723, 4484217.345000000670552 ], [ 771963.328999999910593, 4484216.60700000077486 ], [ 771968.178000000305474, 4484213.793999999761581 ], [ 771970.479000000283122, 4484212.724999999627471 ], [ 771972.333999999798834, 4484211.684000000357628 ], [ 771974.091000000014901, 4484210.507999999448657 ], [ 771975.535000000149012, 4484209.791999999433756 ], [ 771977.043999999761581, 4484209.612999999895692 ], [ 771978.714999999850988, 4484209.17200000025332 ], [ 771979.79700000025332, 4484208.277000000700355 ], [ 771980.375, 4484207.860999999567866 ], [ 771982.828999999910593, 4484207.207000000402331 ], [ 771986.643000000156462, 4484206.045 ], [ 771989.237999999895692, 4484204.529999999329448 ], [ 771991.678000000305474, 4484203.857999999076128 ], [ 771994.322999999858439, 4484203.184000000357628 ], [ 772003.645999999716878, 4484199.435000000521541 ], [ 772010.057000000029802, 4484197.573999999091029 ], [ 772013.893000000156462, 4484196.687999999150634 ], [ 772018.985000000335276, 4484195.921 ], [ 772022.88300000037998, 4484195.07799999974668 ], [ 772031.373999999836087, 4484194.323000000789762 ], [ 772046.252000000327826, 4484192.281999999657273 ], [ 772053.879999999888241, 4484191.096000000834465 ], [ 772069.252000000327826, 4484187.178999999538064 ], [ 772075.650999999605119, 4484185.179999999701977 ], [ 772084.356999999843538, 4484183.744999999180436 ], [ 772092.024000000208616, 4484182.736999999731779 ], [ 772098.271999999880791, 4484182.396999999880791 ], [ 772103.174999999813735, 4484182.059000000357628 ], [ 772114.777999999932945, 4484182.255000000819564 ], [ 772122.677000000141561, 4484182.015000000596046 ], [ 772128.540000000037253, 4484181.629000000655651 ], [ 772132.463000000454485, 4484180.94400000013411 ], [ 772140.251000000163913, 4484179.087999999523163 ], [ 772147.940000000409782, 4484175.54700000025332 ], [ 772154.862999999895692, 4484171.79700000025332 ], [ 772159.21999999973923, 4484168.665999999269843 ], [ 772168.456000000238419, 4484163.048000000417233 ], [ 772175.958999999798834, 4484159.08699999935925 ], [ 772182.644000000320375, 4484155.653999999165535 ], [ 772188.899000000208616, 4484153.290999999269843 ], [ 772196.521999999880791, 4484150.676000000908971 ], [ 772202.25, 4484149.043999999761581 ], [ 772211.338999999687076, 4484145.784 ], [ 772217.775000000372529, 4484143.876000000163913 ], [ 772223.475999999791384, 4484142.614 ], [ 772229.035000000149012, 4484141.073000000789762 ], [ 772236.873999999836087, 4484138.799000000581145 ], [ 772246.173000000417233, 4484135.505999999120831 ], [ 772254.501000000163913, 4484133.057 ], [ 772260.328999999910593, 4484132.052999999374151 ], [ 772269.798999999649823, 4484129.484999999403954 ], [ 772276.830000000074506, 4484127.471000000834465 ], [ 772283.54700000025332, 4484125.301999999210238 ], [ 772288.423999999649823, 4484124.399000000208616 ], [ 772297.912999999709427, 4484121.289000000804663 ], [ 772303.479000000283122, 4484119.392000000923872 ], [ 772308.058000000193715, 4484118.439999999478459 ], [ 772311.734000000171363, 4484117.698000000789762 ], [ 772318.697999999858439, 4484117.662000000476837 ], [ 772324.351999999955297, 4484117.514000000432134 ], [ 772329.597000000067055, 4484116.755999999120831 ], [ 772334.381000000052154, 4484116.210999999195337 ], [ 772338.13300000037998, 4484115.005000000819564 ], [ 772350.541000000201166, 4484111.112999999895692 ], [ 772353.810999999754131, 4484110.048000000417233 ], [ 772356.946999999694526, 4484109.489 ], [ 772358.855000000447035, 4484108.849999999627471 ], [ 772359.213000000454485, 4484107.597999999299645 ], [ 772358.983, 4484105.570000000298023 ], [ 772359.279000000096858, 4484103.134999999776483 ], [ 772359.792000000365078, 4484099.579 ], [ 772360.275000000372529, 4484096.102 ], [ 772359.821000000461936, 4484092.014000000432134 ], [ 772359.132000000216067, 4484088.940999999642372 ], [ 772358.392, 4484087.017000000923872 ], [ 772356.148000000044703, 4484079.829 ], [ 772355.50899999961257, 4484074.994999999180436 ], [ 772355.355000000447035, 4484069.17 ], [ 772356.593999999575317, 4484062.107999999076128 ], [ 772360.627000000327826, 4484049.092000000178814 ], [ 772368.634999999776483, 4484029.239 ], [ 772372.265999999828637, 4484021.073000000789762 ], [ 772378.010999999940395, 4484005.596000000834465 ], [ 772383.390999999828637, 4483990.061000000685453 ], [ 772385.361999999731779, 4483985.399000000208616 ], [ 772387.929999999701977, 4483980.511 ], [ 772391.135999999940395, 4483975.048000000417233 ], [ 772393.730999999679625, 4483969.059000000357628 ], [ 772396.540000000037253, 4483959.057 ], [ 772398.584999999962747, 4483953.93099999986589 ], [ 772400.502999999560416, 4483950.212999999523163 ], [ 772403.563000000081956, 4483944.708000000566244 ], [ 772405.916000000201166, 4483940.092000000178814 ], [ 772408.010999999940395, 4483933.937000000849366 ], [ 772410.169999999925494, 4483930.513000000268221 ], [ 772413.807000000029802, 4483926.054999999701977 ], [ 772417.671000000089407, 4483921.464999999850988 ], [ 772421.86600000038743, 4483916.196000000461936 ], [ 772425.723000000230968, 4483910.5 ], [ 772428.58600000012666, 4483906.511 ], [ 772436.40500000026077, 4483895.83 ], [ 772441.466000000014901, 4483888.595000000670552 ], [ 772446.870000000111759, 4483880.820000000298023 ], [ 772454.865000000223517, 4483871.76799999922514 ], [ 772458.79700000025332, 4483867.801000000908971 ], [ 772463.492999999783933, 4483863.107999999076128 ], [ 772466.424999999813735, 4483858.903999999165535 ], [ 772469.765999999828637, 4483853.443 ], [ 772473.371000000275671, 4483850.826999999582767 ], [ 772475.584999999962747, 4483849.645999999716878 ], [ 772478.294999999925494, 4483848.546 ], [ 772480.246000000275671, 4483847.933000000193715 ], [ 772482.683000000193715, 4483846.940999999642372 ], [ 772484.685999999754131, 4483845.912000000476837 ], [ 772489.411000000312924, 4483844.123999999836087 ], [ 772490.74100000038743, 4483845.242000000551343 ], [ 772494.609000000171363, 4483848.255999999120831 ], [ 772496.156999999657273, 4483849.46199999935925 ], [ 772500.367999999783933, 4483852.254000000655651 ], [ 772503.484000000171363, 4483853.92 ], [ 772505.792999999597669, 4483854.358999999240041 ], [ 772508.126000000163913, 4483854.353000000119209 ], [ 772510.588000000454485, 4483852.789000000804663 ], [ 772511.540000000037253, 4483850.039000000804663 ], [ 772511.338000000454485, 4483847.912000000476837 ], [ 772510.510999999940395, 4483846.031999999657273 ], [ 772509.481999999843538, 4483844.548000000417233 ], [ 772507.975999999791384, 4483843.426999999210238 ], [ 772506.332999999634922, 4483842.293999999761581 ], [ 772504.933000000193715, 4483841.357999999076128 ], [ 772503.809999999590218, 4483840.164000000804663 ], [ 772502.609000000171363, 4483838.862999999895692 ], [ 772501.207999999634922, 4483837.498999999836087 ], [ 772499.786999999545515, 4483836.685000000521541 ], [ 772497.822999999858439, 4483835.514000000432134 ], [ 772495.662999999709427, 4483834.649000000208616 ], [ 772497.808000000193715, 4483831.814999999478459 ], [ 772498.875, 4483831.312000000849366 ], [ 772500.307000000029802, 4483831.071000000461936 ], [ 772502.081000000238419, 4483831.43099999986589 ], [ 772504.059000000357628, 4483831.78999999910593 ], [ 772505.398000000044703, 4483831.704 ], [ 772505.992999999783933, 4483830.868000000715256 ], [ 772506.53899999987334, 4483829.92200000025332 ], [ 772506.451000000350177, 4483828.905999999493361 ], [ 772505.775000000372529, 4483828.166999999433756 ], [ 772504.889999999664724, 4483827.66499999910593 ], [ 772504.166000000201166, 4483826.901000000536442 ], [ 772504.574000000022352, 4483825.966 ], [ 772505.230999999679625, 4483825.174000000581145 ], [ 772506.243999999947846, 4483825.001000000163913 ], [ 772507.354000000283122, 4483825.166999999433756 ], [ 772508.269999999552965, 4483824.450999999418855 ], [ 772509.042000000365078, 4483823.780999999493361 ], [ 772510.04700000025332, 4483823.75899999961257 ], [ 772511.025999999605119, 4483824.10700000077486 ], [ 772512.036000000312924, 4483824.051999999210238 ], [ 772512.725999999791384, 4483823.266000000759959 ], [ 772513.152999999932945, 4483822.316999999806285 ], [ 772513.365000000223517, 4483821.23200000077486 ], [ 772513.321999999694526, 4483820.154999999329448 ], [ 772512.46100000012666, 4483819.606000000610948 ], [ 772511.523000000044703, 4483820.046 ], [ 772510.474000000394881, 4483820.128000000491738 ], [ 772511.040000000037253, 4483818.64299999922514 ], [ 772511.393000000156462, 4483817.630999999120831 ], [ 772511.917000000365078, 4483816.614 ], [ 772512.245000000111759, 4483815.649000000208616 ], [ 772512.540000000037253, 4483814.678999999538064 ], [ 772513.093999999575317, 4483813.785000000149012 ], [ 772514.150000000372529, 4483812.735999999567866 ], [ 772514.907999999821186, 4483812.046 ], [ 772515.49199999962002, 4483811.072000000625849 ], [ 772515.731999999843538, 4483810.025000000372529 ], [ 772516.132000000216067, 4483809.03800000064075 ], [ 772516.611999999731779, 4483808.081000000238419 ], [ 772517.682000000029802, 4483807.459000000730157 ], [ 772518.592000000178814, 4483806.981000000610948 ], [ 772519.467000000178814, 4483806.411000000312924 ], [ 772520.428999999538064, 4483805.924000000581145 ], [ 772521.146999999880791, 4483805.176000000908971 ], [ 772521.717000000178814, 4483804.183000000193715 ], [ 772522.339999999850988, 4483803.386 ], [ 772523.342000000178814, 4483803.074999999254942 ], [ 772524.355000000447035, 4483802.902000000700355 ], [ 772525.427000000141561, 4483802.892000000923872 ], [ 772526.218000000342727, 4483802.207000000402331 ], [ 772526.669999999925494, 4483801.21199999935925 ], [ 772527.012000000104308, 4483800.266000000759959 ], [ 772527.338000000454485, 4483799.216 ], [ 772528.283999999985099, 4483798.829 ], [ 772529.375, 4483799.007999999448657 ], [ 772530.334999999962747, 4483798.639000000432134 ], [ 772530.781999999657273, 4483797.676999999210238 ], [ 772531.043999999761581, 4483796.700999999418855 ], [ 772531.359000000171363, 4483795.717000000178814 ], [ 772532.384999999776483, 4483795.359999999403954 ], [ 772533.442999999970198, 4483795.534 ], [ 772534.270999999716878, 4483794.938999999314547 ], [ 772534.75, 4483793.982999999076128 ], [ 772535.393000000156462, 4483793.171 ], [ 772536.311999999918044, 4483792.744999999180436 ], [ 772537.425999999977648, 4483792.470000000670552 ], [ 772538.478000000119209, 4483792.268999999389052 ], [ 772539.355000000447035, 4483791.785000000149012 ], [ 772540.081000000238419, 4483791.088999999687076 ], [ 772541.122999999672174, 4483790.224999999627471 ], [ 772542.856999999843538, 4483787.725999999791384 ], [ 772542.526999999769032, 4483786.534 ], [ 772541.876000000163913, 4483785.013000000268221 ], [ 772541.449699999764562, 4483780.459699999541044 ], [ 772541.333999999798834, 4483779.224999999627471 ], [ 772545.765999999828637, 4483772.399000000208616 ], [ 772548.257000000216067, 4483770.871999999508262 ], [ 772551.044999999925494, 4483768.987999999895692 ], [ 772554.28899999987334, 4483766.396999999880791 ], [ 772556.235000000335276, 4483763.541999999433756 ], [ 772555.966000000014901, 4483761.664000000804663 ], [ 772554.916000000201166, 4483760.200999999418855 ], [ 772554.050999999977648, 4483758.956000000238419 ], [ 772553.809000000357628, 4483756.709000000730157 ], [ 772555.833999999798834, 4483753.477 ], [ 772558.389000000432134, 4483750.535000000149012 ], [ 772560.468999999575317, 4483747.380000000819564 ], [ 772561.401999999769032, 4483744.902000000700355 ], [ 772562.69400000013411, 4483742.516000000759959 ], [ 772564.767, 4483741.057 ], [ 772566.019999999552965, 4483742.315999999642372 ], [ 772568.515999999828637, 4483740.144999999552965 ], [ 772567.24199999962002, 4483738.493000000715256 ], [ 772567.57799999974668, 4483737.173000000417233 ], [ 772568.300999999977648, 4483735.458000000566244 ], [ 772569.871000000275671, 4483734.273 ], [ 772572.230999999679625, 4483733.13399999961257 ], [ 772572.650018255691975, 4483733.066700700670481 ] ] ] ] } },
{ "type": "Feature", "properties": { "fid": 5.0, "ogc_fid": 5.0, "district": "Fraz. San Cataldo", "_mean": -5.4541773081202862, "_stdev": 4.194138111290318, "_min": -18.40416145324707, "_max": 3.2353231906890869 }, "geometry": { "type": "MultiPolygon", "coordinates": [ [ [ [ 775174.71443877951242, 4476472.071697331033647 ], [ 775178.727345407474786, 4476473.654099971055984 ], [ 775331.269684300757945, 4476528.753887998871505 ], [ 775467.145216978620738, 4476576.797649615444243 ], [ 775537.079422525595874, 4476639.820814162492752 ], [ 775616.025769808795303, 4476680.818891503848135 ], [ 775696.23458368727006, 4476784.045492651872337 ], [ 775696.234340435359627, 4476872.198207568377256 ], [ 775826.443661435274407, 4476964.563963658176363 ], [ 775889.449127858970314, 4477031.726617586798966 ], [ 776145.654907692340203, 4476784.046733571216464 ], [ 776372.472537544206716, 4476624.519483294337988 ], [ 776628.67781927913893, 4476557.347257355228066 ], [ 776895.425935117993504, 4476561.152996491640806 ], [ 777179.5667358643841, 4476622.190624506212771 ], [ 777362.791242738487199, 4476656.697487681172788 ], [ 777471.662165318615735, 4476680.583588464185596 ], [ 777596.458172179060057, 4476683.239072210155427 ], [ 777702.677407905110158, 4476760.20704479329288 ], [ 778140.828114350209944, 4476967.225492072291672 ], [ 778341.79272504511755, 4476988.895746489986777 ], [ 778616.163906823378056, 4477033.720272458158433 ], [ 778835.247334926505573, 4477070.777840740978718 ], [ 779141.957662269240245, 4477180.266596209257841 ], [ 779310.607996717328206, 4477373.143526405096054 ], [ 779321.597000000067055, 4477368.378000000491738 ], [ 779325.065000000409782, 4477366.779999999329448 ], [ 779328.353000000119209, 4477365.110999999567866 ], [ 779329.933000000193715, 4477364.244999999180436 ], [ 779332.890999999828637, 4477362.512000000104308 ], [ 779336.604000000283122, 4477360.111999999731779 ], [ 779338.425999999977648, 4477358.798000000417233 ], [ 779339.729000000283122, 4477357.734999999403954 ], [ 779341.059000000357628, 4477356.414000000804663 ], [ 779343.714999999850988, 4477353.222999999299645 ], [ 779345.075000000186265, 4477351.665999999269843 ], [ 779346.081000000238419, 4477350.594000000506639 ], [ 779347.200000000186265, 4477349.50899999961257 ], [ 779348.470999999903142, 4477348.424000000581145 ], [ 779349.932000000029802, 4477347.352 ], [ 779351.608, 4477346.307 ], [ 779352.519000000320375, 4477345.801000000908971 ], [ 779354.464999999850988, 4477344.842000000178814 ], [ 779356.543999999761581, 4477343.971000000834465 ], [ 779357.622000000439584, 4477343.575999999418855 ], [ 779359.825000000186265, 4477342.875 ], [ 779366.322999999858439, 4477341.149000000208616 ], [ 779371.303000000305474, 4477339.696000000461936 ], [ 779373.560999999754131, 4477339.093000000342727 ], [ 779375.544400000013411, 4477338.651200000196695 ], [ 779377.63300000037998, 4477338.186000000685453 ], [ 779384.785000000149012, 4477336.801000000908971 ], [ 779387.822999999858439, 4477336.139000000432134 ], [ 779389.231999999843538, 4477335.739 ], [ 779390.400999999605119, 4477335.312999999150634 ], [ 779392.867999999783933, 4477334.191999999806285 ], [ 779398.093999999575317, 4477331.575999999418855 ], [ 779402.580000000074506, 4477329.232999999076128 ], [ 779406.11600000038743, 4477327.266000000759959 ], [ 779408.392, 4477325.900000000372529 ], [ 779412.777999999932945, 4477323.028999999165535 ], [ 779422.614000000059605, 4477316.285000000149012 ], [ 779433.440999999642372, 4477308.653000000864267 ], [ 779436.58600000012666, 4477306.648 ], [ 779438.230999999679625, 4477305.696000000461936 ], [ 779440.911999999545515, 4477304.259999999776483 ], [ 779450.072999999858439, 4477299.751000000163913 ], [ 779453.13399999961257, 4477298.187999999150634 ], [ 779456.173000000417233, 4477296.51799999922514 ], [ 779458.196999999694526, 4477295.315999999642372 ], [ 779461.247999999672174, 4477293.35700000077486 ], [ 779464.334999999962747, 4477291.191999999806285 ], [ 779474.019000000320375, 4477283.822000000625849 ], [ 779486.351999999955297, 4477274.971999999135733 ], [ 779488.145999999716878, 4477273.798000000417233 ], [ 779490.208999999798834, 4477272.537000000476837 ], [ 779501.389000000432134, 4477266.112999999895692 ], [ 779505.120000000111759, 4477263.853000000119209 ], [ 779508.525999999605119, 4477261.579 ], [ 779511.493999999947846, 4477259.329 ], [ 779514.035000000149012, 4477257.164000000804663 ], [ 779516.184000000357628, 4477255.134999999776483 ], [ 779516.918800000101328, 4477254.372999999672174 ], [ 779524.36699999962002, 4477246.645899999886751 ], [ 779527.30350000038743, 4477243.325300000607967 ], [ 779533.376799999736249, 4477235.972999999299645 ], [ 779536.80559999961406, 4477232.048800000920892 ], [ 779538.848399999551475, 4477229.8114 ], [ 779542.118400000035763, 4477228.084499999880791 ], [ 779545.8454, 4477225.86769999936223 ], [ 779548.948400000110269, 4477223.799900000914931 ], [ 779552.032399999909103, 4477221.307 ], [ 779555.623399999924004, 4477218.987199999392033 ], [ 779560.403500000014901, 4477215.044399999082088 ], [ 779564.116499999538064, 4477211.5526 ], [ 779569.00650000013411, 4477208.843900000676513 ], [ 779573.802500000223517, 4477206.128100000321865 ], [ 779578.532599999569356, 4477201.47440000064671 ], [ 779581.386599999852479, 4477196.6546 ], [ 779586.399699999950826, 4477190.508899999782443 ], [ 779590.777700000442564, 4477186.211100000888109 ], [ 779595.111700000241399, 4477184.079299999400973 ], [ 779598.400700000114739, 4477181.316500000655651 ], [ 779602.071800000034273, 4477176.264699999243021 ], [ 779605.690799999982119, 4477172.7668999992311 ], [ 779611.782800000160933, 4477168.955199999734759 ], [ 779617.671799999661744, 4477165.365499999374151 ], [ 779622.602900000289083, 4477159.780799999833107 ], [ 779627.63289999961853, 4477154.862999999895692 ], [ 779631.598000000230968, 4477149.642300000414252 ], [ 779635.483, 4477144.180500000715256 ], [ 779639.796099999919534, 4477136.432800000533462 ], [ 779643.975200000219047, 4477130.801100000739098 ], [ 779649.875199999660254, 4477125.5614 ], [ 779654.239199999719858, 4477122.959599999710917 ], [ 779657.626199999824166, 4477119.400800000876188 ], [ 779660.781299999915063, 4477115.778999999165535 ], [ 779663.795300000347197, 4477112.1491 ], [ 779666.41330000013113, 4477108.069299999624491 ], [ 779671.893400000408292, 4477102.000600000843406 ], [ 779675.746399999596179, 4477100.027799999341369 ], [ 779685.157399999909103, 4477099.681199999526143 ], [ 779688.8443, 4477098.830299999564886 ], [ 779696.203300000168383, 4477096.607599999755621 ], [ 779701.082399999722838, 4477093.331900000572205 ], [ 779703.916400000452995, 4477090.303999999538064 ], [ 779706.950400000438094, 4477084.882200000807643 ], [ 779711.948499999940395, 4477079.726500000804663 ], [ 779715.450500000268221, 4477078.061699999496341 ], [ 779719.774500000290573, 4477074.608899999409914 ], [ 779722.817499999888241, 4477072.018100000917912 ], [ 779725.555499999783933, 4477070.493200000375509 ], [ 779727.488499999977648, 4477070.521299999207258 ], [ 779731.001500000245869, 4477070.178400000557303 ], [ 779735.844499999657273, 4477068.221599999815226 ], [ 779740.455500000156462, 4477065.44679999910295 ], [ 779747.614500000141561, 4477061.1842 ], [ 779753.776600000448525, 4477057.753499999642372 ], [ 779759.268600000068545, 4477055.2237 ], [ 779767.788599999621511, 4477052.556099999696016 ], [ 779775.036500000394881, 4477050.610400000587106 ], [ 779780.261599999852479, 4477047.828600000590086 ], [ 779786.751600000075996, 4477042.956000000238419 ], [ 779793.395600000396371, 4477039.3673 ], [ 779800.151600000448525, 4477035.502599999308586 ], [ 779809.03760000038892, 4477031.53800000064075 ], [ 779821.099600000306964, 4477025.839600000530481 ], [ 779829.63370000012219, 4477021.474999999627471 ], [ 779836.4057, 4477016.620300000533462 ], [ 779841.316700000315905, 4477012.827600000426173 ], [ 779847.935700000263751, 4477008.906899999827147 ], [ 779855.757699999958277, 4477004.591199999675155 ], [ 779861.992700000293553, 4477002.250499999150634 ], [ 779874.041699999943376, 4476999.005000000819564 ], [ 779881.35010000038892, 4476996.768200000748038 ], [ 779883.61670000012964, 4476996.074400000274181 ], [ 779892.859699999913573, 4476992.414899999275804 ], [ 779901.94469999987632, 4476989.028300000354648 ], [ 779909.379700000397861, 4476985.6316 ], [ 779918.766699999570847, 4476981.934000000357628 ], [ 779929.058699999935925, 4476975.887499999254942 ], [ 779936.623800000175834, 4476971.177899999544024 ], [ 779946.558799999766052, 4476965.533399999141693 ], [ 779967.237900000065565, 4476951.937400000169873 ], [ 779986.100899999961257, 4476939.452299999073148 ], [ 780007.112999999895692, 4476930.2652000002563 ], [ 780014.611999999731779, 4476926.589600000530481 ], [ 780022.049999999813735, 4476922.390900000929832 ], [ 780029.66399999987334, 4476918.392300000414252 ], [ 780035.924999999813735, 4476916.38260000012815 ], [ 780039.906000000424683, 4476915.361700000241399 ], [ 780043.225700000301003, 4476914.950799999758601 ], [ 780044.185999999754131, 4476914.831900000572205 ], [ 780054.202899999916553, 4476916.080299999564886 ], [ 780063.935800000093877, 4476917.3586 ], [ 780067.749800000339746, 4476918.969699999317527 ], [ 780069.559799999929965, 4476920.924799999222159 ], [ 780070.891699999570847, 4476922.990800000727177 ], [ 780072.240699999965727, 4476924.774800000712276 ], [ 780075.089700000360608, 4476925.238900000229478 ], [ 780078.973699999973178, 4476923.503100000321865 ], [ 780083.543700000271201, 4476923.605200000107288 ], [ 780089.276600000448525, 4476923.968499999493361 ], [ 780094.410600000061095, 4476924.105699999257922 ], [ 780098.739599999971688, 4476921.31389999948442 ], [ 780102.905600000172853, 4476920.352 ], [ 780108.816599999554455, 4476919.406300000846386 ], [ 780114.138600000180304, 4476919.555500000715256 ], [ 780119.69649999961257, 4476918.209699999541044 ], [ 780120.347599999979138, 4476916.127800000831485 ], [ 780120.147599999792874, 4476913.331800000742078 ], [ 780118.743700000457466, 4476910.930800000205636 ], [ 780116.281700000166893, 4476908.084799999371171 ], [ 780113.946700000204146, 4476907.7007 ], [ 780111.464700000360608, 4476908.156600000336766 ], [ 780108.192800000309944, 4476907.665500000119209 ], [ 780105.364799999631941, 4476907.627299999818206 ], [ 780102.017799999564886, 4476909.066199999302626 ], [ 780099.857800000347197, 4476910.392100000753999 ], [ 780098.267699999734759, 4476911.659 ], [ 780095.517699999734759, 4476912.616900000721216 ], [ 780091.519799999892712, 4476912.410700000822544 ], [ 780085.827800000086427, 4476912.143500000238419 ], [ 780079.8597999997437, 4476911.7643 ], [ 780071.589900000020862, 4476911.240000000223517 ], [ 780061.722000000067055, 4476910.613600000739098 ], [ 780056.632000000216067, 4476909.771500000730157 ], [ 780051.046000000089407, 4476909.322300000116229 ], [ 780046.65610000025481, 4476908.619100000709295 ], [ 780043.693099999800324, 4476907.722999999299645 ], [ 780041.356100000441074, 4476906.630899999290705 ], [ 780038.51630000025034, 4476904.334899999201298 ], [ 780040.571299999952316, 4476891.86119999922812 ], [ 780046.588200000114739, 4476894.767300000414252 ], [ 780051.345200000330806, 4476895.635500000789762 ], [ 780057.114199999719858, 4476895.435699999332428 ], [ 780061.667200000025332, 4476895.06389999948442 ], [ 780065.413200000301003, 4476894.028100000694394 ], [ 780067.461199999786913, 4476892.223200000822544 ], [ 780069.260200000368059, 4476891.394300000742078 ], [ 780071.373100000433624, 4476893.0373 ], [ 780075.959099999628961, 4476895.121500000357628 ], [ 780078.629099999554455, 4476894.6776 ], [ 780078.825100000016391, 4476893.0866 ], [ 780079.354100000113249, 4476892.176599999889731 ], [ 780080.47510000038892, 4476893.096699999645352 ], [ 780082.714100000448525, 4476892.766699999570847 ], [ 780083.77309999987483, 4476890.94679999910295 ], [ 780084.335099999792874, 4476889.519899999722838 ], [ 780085.69510000012815, 4476889.653899999335408 ], [ 780087.779099999926984, 4476891.013000000268221 ], [ 780088.200100000016391, 4476891.083000000566244 ], [ 780091.005099999718368, 4476890.765100000426173 ], [ 780093.2171, 4476890.037200000137091 ], [ 780095.849100000225008, 4476888.57630000077188 ], [ 780096.700100000016391, 4476885.978399999439716 ], [ 780095.896099999547005, 4476884.2804000005126 ], [ 780096.414200000464916, 4476882.60840000025928 ], [ 780098.483199999667704, 4476881.91950000077486 ], [ 780102.1091, 4476882.119699999690056 ], [ 780105.060100000351667, 4476882.5658 ], [ 780108.239099999889731, 4476883.165899999439716 ], [ 780113.924100000411272, 4476883.716099999845028 ], [ 780118.349999999627471, 4476883.109300000593066 ], [ 780119.654099999926984, 4476880.017400000244379 ], [ 780118.559100000187755, 4476876.744400000199676 ], [ 780114.566200000233948, 4476874.635299999266863 ], [ 780109.325199999846518, 4476872.882099999114871 ], [ 780102.802299999631941, 4476871.246899999678135 ], [ 780098.114299999549985, 4476869.760700000450015 ], [ 780095.273400000296533, 4476867.276900000870228 ], [ 780094.193400000222027, 4476866.332599999383092 ], [ 780092.596400000154972, 4476862.74860000051558 ], [ 780091.633500000461936, 4476856.224700000137091 ], [ 780093.864599999971688, 4476850.018899999558926 ], [ 780096.517699999734759, 4476844.7331000007689 ], [ 780097.859699999913573, 4476843.796299999579787 ], [ 780100.594700000248849, 4476841.887299999594688 ], [ 780103.908699999563396, 4476840.0395 ], [ 780107.901700000278652, 4476835.299699999392033 ], [ 780113.016800000332296, 4476831.613900000229478 ], [ 780115.644799999892712, 4476828.500099999830127 ], [ 780120.2489, 4476822.093399999663234 ], [ 780128.490899999625981, 4476813.101800000295043 ], [ 780133.480000000447035, 4476807.425100000575185 ], [ 780140.410099999979138, 4476799.966499999165535 ], [ 780149.094100000336766, 4476792.368000000715256 ], [ 780157.311200000345707, 4476785.547399999573827 ], [ 780170.754200000315905, 4476775.614099999889731 ], [ 780178.686300000175834, 4476769.674499999731779 ], [ 780187.536299999803305, 4476764.210899999365211 ], [ 780194.352300000376999, 4476760.5252 ], [ 780201.846400000154972, 4476756.5456000007689 ], [ 780208.668300000019372, 4476754.4649 ], [ 780213.275299999862909, 4476754.861099999397993 ], [ 780215.175300000235438, 4476756.383099999278784 ], [ 780219.216199999675155, 4476760.1952 ], [ 780222.302099999971688, 4476765.041200000792742 ], [ 780227.206000000238419, 4476772.916300000622869 ], [ 780231.352900000289083, 4476779.947300000116229 ], [ 780234.054800000041723, 4476784.914300000295043 ], [ 780236.622700000181794, 4476788.881400000303984 ], [ 780240.598699999973178, 4476792.170399999246001 ], [ 780243.533599999733269, 4476792.89949999935925 ], [ 780245.801599999889731, 4476791.182700000703335 ], [ 780246.425699999555945, 4476787.579700000584126 ], [ 780244.798799999989569, 4476783.663799999281764 ], [ 780241.708899999968708, 4476777.16469999961555 ], [ 780236.419999999925494, 4476772.00760000012815 ], [ 780226.426199999637902, 4476759.648499999195337 ], [ 780225.281200000084937, 4476757.270500000566244 ], [ 780224.652300000190735, 4476754.11849999986589 ], [ 780226.540400000289083, 4476747.279699999839067 ], [ 780229.4704, 4476739.552899999544024 ], [ 780230.910500000230968, 4476736.562000000849366 ], [ 780236.401499999687076, 4476731.1963 ], [ 780242.411600000225008, 4476725.8597 ], [ 780247.913599999621511, 4476721.156899999827147 ], [ 780253.169700000435114, 4476714.92820000089705 ], [ 780259.344700000248849, 4476707.4276 ], [ 780266.824799999594688, 4476696.835100000724196 ], [ 780273.052000000141561, 4476685.842499999329448 ], [ 780275.858, 4476682.0767 ], [ 780279.955000000074506, 4476678.003900000825524 ], [ 780284.594100000336766, 4476672.686200000345707 ], [ 780288.422100000083447, 4476669.213400000706315 ], [ 780294.351099999621511, 4476665.335699999704957 ], [ 780300.116200000047684, 4476661.874900000169873 ], [ 780305.724200000055134, 4476660.3892 ], [ 780312.094100000336766, 4476659.654400000348687 ], [ 780318.874099999666214, 4476658.3277000002563 ], [ 780327.444099999964237, 4476656.250099999830127 ], [ 780335.901100000366569, 4476653.645400000736117 ], [ 780341.331100000068545, 4476651.111700000241399 ], [ 780347.268099999986589, 4476647.943 ], [ 780351.900100000202656, 4476645.317199999466538 ], [ 780358.93709999974817, 4476643.627499999478459 ], [ 780363.797100000083447, 4476643.706700000911951 ], [ 780367.620799999684095, 4476645.248999999836087 ], [ 780368.002100000157952, 4476645.402799999341369 ], [ 780388.790500000119209, 4476677.014000000432134 ], [ 780393.277400000020862, 4476683.0241 ], [ 780395.365399999544024, 4476684.556099999696016 ], [ 780398.644299999810755, 4476685.918199999257922 ], [ 780403.00829999987036, 4476687.292400000616908 ], [ 780406.123300000093877, 4476685.622500000521541 ], [ 780404.607400000095367, 4476681.429500000551343 ], [ 780401.162399999797344, 4476677.932499999180436 ], [ 780380.475999999791384, 4476646.1842 ], [ 780378.154000000096858, 4476642.042199999094009 ], [ 780377.103099999949336, 4476638.819199999794364 ], [ 780377.107099999673665, 4476636.1743 ], [ 780380.942200000397861, 4476629.158500000834465 ], [ 780386.8273, 4476620.933900000527501 ], [ 780389.364299999549985, 4476617.768100000917912 ], [ 780395.452399999834597, 4476613.569399999454618 ], [ 780402.02240000013262, 4476610.057700000703335 ], [ 780409.560399999842048, 4476606.128000000491738 ], [ 780416.550400000065565, 4476600.137399999424815 ], [ 780419.84250000026077, 4476594.414599999785423 ], [ 780421.510599999688566, 4476587.279799999669194 ], [ 780422.556699999608099, 4476580.299000000581145 ], [ 780424.172899999655783, 4476575.956900000572205 ], [ 780424.868700000457466, 4476574.031199999153614 ], [ 780426.318799999542534, 4476568.60329999960959 ], [ 780428.576899999752641, 4476562.776499999687076 ], [ 780430.66399999987334, 4476557.459699999541044 ], [ 780432.740000000223517, 4476553.228800000622869 ], [ 780436.218000000342727, 4476550.114 ], [ 780443.151100000366569, 4476545.159299999475479 ], [ 780451.555200000293553, 4476536.64780000038445 ], [ 780455.130199999548495, 4476533.492000000551343 ], [ 780467.059200000017881, 4476526.166600000113249 ], [ 780474.700199999846518, 4476523.801899999380112 ], [ 780485.463200000114739, 4476519.624399999156594 ], [ 780516.654199999757111, 4476510.763699999079108 ], [ 780521.614199999719858, 4476509.903899999335408 ], [ 780523.736200000159442, 4476509.972999999299645 ], [ 780528.774100000038743, 4476515.400100000202656 ], [ 780563.994199999608099, 4476567.126499999314547 ], [ 780565.667100000195205, 4476569.343599999323487 ], [ 780567.253100000321865, 4476570.564600000157952 ], [ 780570.3591, 4476571.63370000012219 ], [ 780572.166100000031292, 4476571.402799999341369 ], [ 780576.94510000012815, 4476568.690999999642372 ], [ 780576.969100000336766, 4476565.668999999761581 ], [ 780567.975300000049174, 4476553.175899999216199 ], [ 780535.738099999725819, 4476509.8794 ], [ 780534.539099999703467, 4476507.6404 ], [ 780535.401200000196695, 4476504.003499999642372 ], [ 780537.597199999727309, 4476501.0077 ], [ 780544.129300000146031, 4476493.054999999701977 ], [ 780549.971400000154972, 4476487.330399999395013 ], [ 780557.178399999625981, 4476482.532700000330806 ], [ 780563.886400000192225, 4476476.526100000366569 ], [ 780572.5455, 4476470.248500000685453 ], [ 780579.029500000178814, 4476465.740800000727177 ], [ 780589.471599999815226, 4476457.956399999558926 ], [ 780601.983599999919534, 4476449.482999999076128 ], [ 780614.560700000263751, 4476440.682600000873208 ], [ 780622.870699999853969, 4476436.464999999850988 ], [ 780632.699699999764562, 4476431.2445 ], [ 780640.485799999907613, 4476426.241800000891089 ], [ 780647.058799999766052, 4476422.6831 ], [ 780657.651800000108778, 4476417.316600000485778 ], [ 780663.340800000354648, 4476415.220899999141693 ], [ 780671.775799999944866, 4476411.293299999088049 ], [ 780677.608799999579787, 4476408.308499999344349 ], [ 780683.967899999581277, 4476402.6129 ], [ 780691.008899999782443, 4476398.278200000524521 ], [ 780697.1239, 4476395.308499999344349 ], [ 780702.75789999961853, 4476391.651799999177456 ], [ 780705.25, 4476388.435900000855327 ], [ 780708.247000000439584, 4476386.334100000560284 ], [ 780710.799999999813735, 4476386.285199999809265 ], [ 780731.704699999652803, 4476396.932800000533462 ], [ 780781.460099999792874, 4476425.749199999496341 ], [ 780784.832999999634922, 4476427.115299999713898 ], [ 780787.504099999554455, 4476425.79839999973774 ], [ 780789.073099999688566, 4476423.901499999687076 ], [ 780789.322100000455976, 4476421.081499999389052 ], [ 780787.655199999921024, 4476418.769500000402331 ], [ 780753.878600000403821, 4476401.697499999776483 ], [ 780721.061999999918044, 4476383.497600000351667 ], [ 780715.425099999643862, 4476379.502499999478459 ], [ 780712.190100000239909, 4476376.490399999544024 ], [ 780709.603199999779463, 4476372.002399999648333 ], [ 780705.72829999960959, 4476365.176300000399351 ], [ 780703.3114, 4476358.477399999275804 ], [ 780701.393500000238419, 4476352.136399999260902 ], [ 780699.737599999643862, 4476346.188400000333786 ], [ 780698.316700000315905, 4476340.252499999478459 ], [ 780693.759899999946356, 4476328.665500000119209 ], [ 780693.225999999791384, 4476322.070599999278784 ], [ 780692.559000000357628, 4476317.876700000837445 ], [ 780690.480100000277162, 4476313.605599999427795 ], [ 780689.073200000450015, 4476308.285700000822544 ], [ 780689.474299999885261, 4476303.583799999207258 ], [ 780692.421299999579787, 4476296.378000000491738 ], [ 780693.581399999558926, 4476292.474099999293685 ], [ 780693.942499999888241, 4476285.929300000891089 ], [ 780693.501500000245869, 4476281.937300000339746 ], [ 780691.989599999971688, 4476276.7993 ], [ 780692.9527000002563, 4476271.326500000432134 ], [ 780694.940799999982119, 4476265.24860000051558 ], [ 780694.467799999751151, 4476260.97069999948144 ], [ 780694.33490000013262, 4476255.673800000920892 ], [ 780694.746199999935925, 4476251.634199999272823 ], [ 780697.004999999888241, 4476249.86600000038743 ], [ 780713.200100000016391, 4476236.670800000429153 ], [ 780713.3902000002563, 4476229.098999999463558 ], [ 780710.939199999906123, 4476227.046900000423193 ], [ 780713.500300000421703, 4476223.247099999338388 ], [ 780709.089300000108778, 4476219.862999999895692 ], [ 780707.292100000195205, 4476222.098200000822544 ], [ 780705.442400000058115, 4476217.193900000303984 ], [ 780703.616499999538064, 4476210.904899999499321 ], [ 780703.887600000016391, 4476202.560100000351667 ], [ 780705.106700000353158, 4476196.722200000658631 ], [ 780705.160799999721348, 4476189.735300000756979 ], [ 780703.470900000073016, 4476184.399399999529123 ], [ 780699.559999999590218, 4476178.231300000101328 ], [ 780693.917100000195205, 4476173.481200000271201 ], [ 780689.053100000135601, 4476170.048100000247359 ], [ 780684.3432, 4476168.937899999320507 ], [ 780677.7023, 4476162.762800000607967 ], [ 780668.22719999961555, 4476173.001199999824166 ], [ 780657.981300000101328, 4476184.001800000667572 ], [ 780652.279199999757111, 4476179.657500000670552 ], [ 780644.551300000399351, 4476173.327299999073148 ], [ 780637.435399999842048, 4476167.880100000649691 ], [ 780629.113499999977648, 4476161.186899999156594 ], [ 780620.916699999943376, 4476149.634800000116229 ], [ 780607.985999999567866, 4476133.145600000396371 ], [ 780601.763199999928474, 4476122.647600000724196 ], [ 780593.557599999941885, 4476100.986600000411272 ], [ 780591.834699999541044, 4476092.8147 ], [ 780592.169800000265241, 4476086.739800000563264 ], [ 780589.950899999588728, 4476079.012900000438094 ], [ 780587.596900000236928, 4476076.285800000652671 ], [ 780584.321100000292063, 4476062.028999999165535 ], [ 780582.690299999900162, 4476053.910000000149012 ], [ 780582.322399999946356, 4476045.151200000196695 ], [ 780577.117499999701977, 4476041.03800000064075 ], [ 780573.017500000074506, 4476040.008899999782443 ], [ 780568.840599999763072, 4476036.94480000063777 ], [ 780568.155600000172853, 4476032.230900000780821 ], [ 780568.687699999660254, 4476027.7259 ], [ 780571.509800000116229, 4476021.098200000822544 ], [ 780575.832899999804795, 4476010.927500000223517 ], [ 780572.370900000445545, 4476011.145400000736117 ], [ 780565.961099999956787, 4476026.157999999821186 ], [ 780563.415699999779463, 4476026.800799999386072 ], [ 780561.200699999928474, 4476027.5767 ], [ 780560.419599999673665, 4476027.554300000891089 ], [ 780557.663800000213087, 4476027.47550000064075 ], [ 780555.710799999535084, 4476026.045499999076128 ], [ 780551.577899999916553, 4476021.330399999395013 ], [ 780539.094200000166893, 4476003.590299999341369 ], [ 780528.675599999725819, 4475977.510299999266863 ], [ 780522.36600000038743, 4475953.167500000447035 ], [ 780520.768199999816716, 4475937.58669999986887 ], [ 780519.994500000029802, 4475916.477 ], [ 780519.691599999554455, 4475910.840099999681115 ], [ 780517.159699999727309, 4475901.064200000837445 ], [ 780514.688900000415742, 4475891.906300000846386 ], [ 780513.925900000147521, 4475888.6053 ], [ 780512.394000000320375, 4475884.695299999788404 ], [ 780512.599100000225008, 4475874.976500000804663 ], [ 780514.29619999974966, 4475866.4737 ], [ 780514.868300000205636, 4475858.663799999281764 ], [ 780517.710400000214577, 4475849.941099999472499 ], [ 780520.075500000268221, 4475843.033299999311566 ], [ 780523.74170000012964, 4475827.931700000539422 ], [ 780528.96100000012666, 4475805.216299999505281 ], [ 780530.132100000046194, 4475796.826500000432134 ], [ 780532.0152000002563, 4475789.230699999257922 ], [ 780534.315299999900162, 4475783.500900000333786 ], [ 780536.168399999849498, 4475773.873099999502301 ], [ 780536.92850000038743, 4475766.074300000444055 ], [ 780538.523599999956787, 4475758.557399999350309 ], [ 780541.658699999563396, 4475753.1097 ], [ 780542.706699999980628, 4475751.230699999257922 ], [ 780545.13370000012219, 4475749.1919 ], [ 780547.767699999734759, 4475748.534 ], [ 780550.736700000241399, 4475748.650100000202656 ], [ 780553.792700000107288, 4475748.913200000301003 ], [ 780556.806699999608099, 4475749.079299999400973 ], [ 780589.361399999819696, 4475754.889399999752641 ], [ 780608.097299999557436, 4475759.464999999850988 ], [ 780612.545300000347197, 4475760.182199999690056 ], [ 780616.401200000196695, 4475759.639399999752641 ], [ 780618.449199999682605, 4475758.47749999910593 ], [ 780618.950299999676645, 4475756.237500000745058 ], [ 780617.306300000287592, 4475753.501499999314547 ], [ 780595.940499999560416, 4475748.639799999073148 ], [ 780557.801799999549985, 4475740.443499999120831 ], [ 780553.712799999862909, 4475739.226299999281764 ], [ 780550.846900000236928, 4475737.225299999117851 ], [ 780548.443900000303984, 4475733.692199999466538 ], [ 780548.091000000014901, 4475728.949300000444055 ], [ 780548.620099999941885, 4475719.343499999493361 ], [ 780549.213200000114739, 4475709.456700000911951 ], [ 780549.892400000244379, 4475697.118899999186397 ], [ 780550.776600000448525, 4475684.509199999272823 ], [ 780549.670599999837577, 4475680.575200000777841 ], [ 780550.50870000012219, 4475676.511299999430776 ], [ 780551.907700000330806, 4475675.124399999156594 ], [ 780555.392699999734759, 4475674.466499999165535 ], [ 780559.389700000174344, 4475673.080700000748038 ], [ 780562.78969999961555, 4475671.378900000825524 ], [ 780565.176699999719858, 4475669.196000000461936 ], [ 780565.890800000168383, 4475667.39299999922514 ], [ 780575.198300000280142, 4475624.499099999666214 ], [ 780576.9704, 4475620.629300000146031 ], [ 780579.351400000043213, 4475616.839400000870228 ], [ 780583.154400000348687, 4475613.837600000202656 ], [ 780587.840499999932945, 4475609.372899999842048 ], [ 780588.309500000439584, 4475608.137900000438094 ], [ 780589.654500000178814, 4475606.770999999716878 ], [ 780593.699599999934435, 4475601.728199999779463 ], [ 780598.895600000396371, 4475596.1085 ], [ 780602.249699999578297, 4475591.198699999600649 ], [ 780605.025700000114739, 4475586.913899999111891 ], [ 780607.403800000436604, 4475581.96309999935329 ], [ 780612.893899999558926, 4475570.433499999344349 ], [ 780623.441100000403821, 4475553.414200000464916 ], [ 780626.986200000159442, 4475548.57039999961853 ], [ 780630.538499999791384, 4475545.056099999696016 ], [ 780431.264499999582767, 4475174.612700000405312 ], [ 780288.989099999889731, 4474910.42710000090301 ], [ 780268.378899999894202, 4474871.341499999165535 ], [ 780269.302699999883771, 4474861.671299999579787 ], [ 780273.157100000418723, 4474848.190300000831485 ], [ 780290.039499999955297, 4474815.732899999246001 ], [ 780295.339300000108778, 4474791.659299999475479 ], [ 780294.37569999974221, 4474763.734099999070168 ], [ 780322.6875, 4474665.181700000539422 ], [ 780324.195700000040233, 4474630.700500000268221 ], [ 780325.701899999752641, 4474604.923900000751019 ], [ 780326.870699999853969, 4474598.087500000372529 ], [ 780325.282700000330806, 4474593.083499999716878 ], [ 780324.344899999909103, 4474587.703500000759959 ], [ 780320.660500000230968, 4474562.776900000870228 ], [ 780306.372899999842048, 4474540.022700000554323 ], [ 780292.614500000141561, 4474518.326899999752641 ], [ 780277.4989, 4474476.663499999791384 ], [ 780269.934899999760091, 4474455.8147 ], [ 780269.126899999566376, 4474450.426899999380112 ], [ 780268.539900000207126, 4474444.760900000110269 ], [ 780267.769100000150502, 4474439.442900000140071 ], [ 780267.019100000150502, 4474434.006100000813603 ], [ 780266.16330000013113, 4474428.249099999666214 ], [ 780265.060300000011921, 4474422.9070999994874 ], [ 780264.167500000447035, 4474417.725299999117851 ], [ 780263.124499999918044, 4474412.743300000205636 ], [ 780262.4375, 4474407.52930000051856 ], [ 780262.279500000178814, 4474401.981499999761581 ], [ 780262.903699999675155, 4474396.985500000417233 ], [ 780264.634700000286102, 4474391.339700000360608 ], [ 780266.758899999782443, 4474386.291899999603629 ], [ 780268.63289999961853, 4474380.819900000467896 ], [ 780270.936900000087917, 4474376.091099999845028 ], [ 780272.88289999961853, 4474371.4013 ], [ 780274.545099999755621, 4474366.124500000849366 ], [ 780276.153099999763072, 4474361.378699999302626 ], [ 780277.381299999542534, 4474355.61570000089705 ], [ 780278.36629999987781, 4474349.701899999752641 ], [ 780278.502299999818206, 4474344.32289999909699 ], [ 780278.313500000163913, 4474339.073100000619888 ], [ 780278.261500000022352, 4474333.441299999132752 ], [ 780278.114099999889731, 4474327.654100000858307 ], [ 780277.268699999898672, 4474294.488900000229478 ], [ 780276.358900000341237, 4474276.215900000184774 ], [ 780275.552500000223517, 4474260.020300000905991 ], [ 780275.293499999679625, 4474254.924499999731779 ], [ 780275.766699999570847, 4474249.834499999880791 ], [ 780275.797500000335276, 4474243.768699999898672 ], [ 780275.490500000305474, 4474243.356499999761581 ], [ 780271.97690000012517, 4474217.759500000625849 ], [ 780266.311900000087917, 4474195.647299999371171 ], [ 780260.048299999907613, 4474125.925100000575185 ], [ 780254.11809999961406, 4474085.153699999675155 ], [ 780254.644899999722838, 4474082.807299999520183 ], [ 780252.926900000311434, 4474069.063500000163913 ], [ 780251.868700000457466, 4474007.150900000706315 ], [ 780243.931099999696016, 4473937.300699999555945 ], [ 780244.367499999701977, 4473914.116499999538064 ], [ 780244.527499999850988, 4473905.611300000920892 ], [ 780244.564500000327826, 4473903.643300000578165 ], [ 780244.325699999928474, 4473897.046499999240041 ], [ 780243.498700000345707, 4473883.906700000166893 ], [ 780243.439899999648333, 4473880.386700000613928 ], [ 780243.423899999819696, 4473876.4507 ], [ 780245.065100000239909, 4473866.4879 ], [ 780246.708100000396371, 4473861.212099999189377 ], [ 780248.830099999904633, 4473856.554300000891089 ], [ 780256.767300000414252, 4473840.109899999573827 ], [ 780258.085500000044703, 4473835.856100000441074 ], [ 780258.291500000283122, 4473830.142100000753999 ], [ 780261.131699999794364, 4473818.01549999974668 ], [ 780261.776700000278652, 4473815.262499999254942 ], [ 780263.270700000226498, 4473810.283700000494719 ], [ 780267.901899999938905, 4473796.362099999561906 ], [ 780269.218100000172853, 4473790.795099999755621 ], [ 780271.680100000463426, 4473782.744300000369549 ], [ 780273.354100000113249, 4473777.796499999240041 ], [ 780275.583100000396371, 4473773.703700000420213 ], [ 780281.390300000086427, 4473767.0011 ], [ 780284.434299999848008, 4473763.352299999445677 ], [ 780286.620299999602139, 4473759.6173 ], [ 780289.019500000402331, 4473752.718499999493361 ], [ 780291.462500000372529, 4473746.285700000822544 ], [ 780293.810499999672174, 4473740.298900000751019 ], [ 780296.777700000442564, 4473730.822300000116229 ], [ 780298.846699999645352, 4473723.760500000789762 ], [ 780300.535899999551475, 4473716.336500000208616 ], [ 780301.90610000025481, 4473706.242900000885129 ], [ 780303.4841, 4473699.738099999725819 ], [ 780305.599299999885261, 4473692.407299999147654 ], [ 780308.310300000011921, 4473684.459499999880791 ], [ 780311.081500000320375, 4473678.479699999094009 ], [ 780313.343500000424683, 4473672.182900000363588 ], [ 780317.750500000081956, 4473664.650100000202656 ], [ 780321.540699999779463, 4473658.004499999806285 ], [ 780324.243700000457466, 4473653.0417 ], [ 780327.134700000286102, 4473647.502699999138713 ], [ 780331.595900000073016, 4473640.022099999710917 ], [ 780333.088899999856949, 4473636.410299999639392 ], [ 780334.541899999603629, 4473632.1283 ], [ 780335.748100000433624, 4473627.855499999597669 ], [ 780339.572100000455976, 4473613.571900000795722 ], [ 780346.774500000290573, 4473588.895500000566244 ], [ 780356.424899999983609, 4473554.401499999687076 ], [ 780362.7193, 4473529.8581000007689 ], [ 780367.476700000464916, 4473505.866699999198318 ], [ 780368.272699999623001, 4473497.984899999573827 ], [ 780368.208899999968708, 4473484.556099999696016 ], [ 780368.009899999946356, 4473474.938300000503659 ], [ 780367.545099999755621, 4473464.620500000193715 ], [ 780366.389299999922514, 4473457.720499999821186 ], [ 780362.481300000101328, 4473449.530500000342727 ], [ 780356.809500000439584, 4473438.738700000569224 ], [ 780344.159699999727309, 4473431.361099999397993 ], [ 780328.552899999544024, 4473421.651699999347329 ], [ 780319.171900000423193, 4473416.283500000834465 ], [ 780294.420300000347197, 4473400.503900000825524 ], [ 780269.004499999806285, 4473384.361099999397993 ], [ 780227.157100000418723, 4473357.521099999547005 ], [ 780179.12569999974221, 4473326.976700000464916 ], [ 780135.636099999770522, 4473298.784700000658631 ], [ 780097.114699999801815, 4473274.3487 ], [ 780050.349100000225008, 4473244.4243 ], [ 780012.828499999828637, 4473211.596300000324845 ], [ 780128.494900000281632, 4473017.593100000172853 ], [ 780146.314299999736249, 4472984.370500000193715 ], [ 780209.549700000323355, 4472870.667700000107288 ], [ 780222.2659, 4472856.47550000064075 ], [ 780235.098100000061095, 4472838.450300000607967 ], [ 780242.894299999810755, 4472826.625700000673532 ], [ 780298.658499999903142, 4472729.0165 ], [ 780273.564500000327826, 4472686.877299999818206 ], [ 780253.395700000226498, 4472647.008500000461936 ], [ 780250.810300000011921, 4472641.89809999987483 ], [ 780248.667100000195205, 4472637.561699999496341 ], [ 780228.056099999696016, 4472595.860500000417233 ], [ 780219.589499999769032, 4472580.514699999243021 ], [ 780173.551900000311434, 4472511.19370000064373 ], [ 780103.85869999974966, 4472425.844699999317527 ], [ 780115.191300000064075, 4472408.50929999910295 ], [ 780122.620500000193715, 4472392.732699999585748 ], [ 780129.138700000010431, 4472375.2653 ], [ 780136.427099999971688, 4472348.847100000828505 ], [ 780142.453300000168383, 4472326.900699999183416 ], [ 780151.020899999886751, 4472293.27449999935925 ], [ 780330.240100000053644, 4471962.145899999886751 ], [ 780510.746100000105798, 4471630.30629999935627 ], [ 780480.38150000013411, 4471598.287699999287724 ], [ 780448.224100000225008, 4471564.503100000321865 ], [ 780418.41370000038296, 4471529.459499999880791 ], [ 780398.90610000025481, 4471502.410299999639392 ], [ 780379.72829999960959, 4471482.070900000631809 ], [ 780360.441700000315905, 4471463.276499999687076 ], [ 780351.653699999675155, 4471453.944499999284744 ], [ 780344.864900000393391, 4471443.763299999758601 ], [ 780337.47510000038892, 4471430.9123 ], [ 780329.280299999751151, 4471422.731100000441074 ], [ 780332.72829999960959, 4471420.593299999833107 ], [ 780330.18030000012368, 4471419.057299999520183 ], [ 780328.129300000146031, 4471418.578099999576807 ], [ 780326.431300000287592, 4471417.949100000783801 ], [ 780313.340499999932945, 4471403.770899999886751 ], [ 780300.520899999886751, 4471388.946699999272823 ], [ 780284.792100000195205, 4471368.937300000339746 ], [ 780272.990500000305474, 4471350.60329999960959 ], [ 780261.650700000114739, 4471335.011099999770522 ], [ 780248.394899999722838, 4471323.138900000602007 ], [ 780247.885499999858439, 4471322.6173 ], [ 780146.868700000457466, 4471420.90430000051856 ], [ 780133.80449999962002, 4471433.849700000137091 ], [ 780109.738300000317395, 4471458.010299999266863 ], [ 780082.606900000013411, 4471485.455900000408292 ], [ 780070.730700000189245, 4471501.133099999278784 ], [ 780025.852099999785423, 4471474.898900000378489 ], [ 780003.673299999907613, 4471466.670299999415874 ], [ 779980.040500000119209, 4471458.638499999418855 ], [ 779948.592699999921024, 4471449.83049999922514 ], [ 779918.875900000333786, 4471440.259500000625849 ], [ 779906.305900000035763, 4471436.30210000090301 ], [ 779898.791899999603629, 4471432.4679000005126 ], [ 779896.121100000105798, 4471430.619899999350309 ], [ 779895.554100000299513, 4471429.268899999558926 ], [ 779895.145100000314415, 4471427.223899999633431 ], [ 779893.765300000086427, 4471414.939099999144673 ], [ 779892.606300000101328, 4471410.279100000858307 ], [ 779886.680499999783933, 4471401.280099999159575 ], [ 779868.825699999928474, 4471392.24349999986589 ], [ 779828.214900000020862, 4471377.945299999788404 ], [ 779795.025100000202656, 4471366.0461 ], [ 779795.056099999696016, 4471363.876299999654293 ], [ 779786.277300000190735, 4471360.7719 ], [ 779770.944299999624491, 4471356.447499999776483 ], [ 779756.8273, 4471350.676100000739098 ], [ 779746.019299999810755, 4471350.900699999183416 ], [ 779744.185817189980298, 4471351.016687027178705 ], [ 779434.310310909291729, 4471606.203906197100878 ], [ 779121.073151367017999, 4471915.955031465739012 ], [ 778954.152891305508092, 4472135.389687278307974 ], [ 778886.629254657076672, 4472251.353455471806228 ], [ 778514.230833073146641, 4472695.563699590042233 ], [ 778463.048143184161745, 4472716.360042403452098 ], [ 778375.889368029776961, 4472808.881499408744276 ], [ 778242.594628026825376, 4472942.222374660894275 ], [ 778089.464149507228285, 4473138.64794706646353 ], [ 778046.409652528120205, 4473362.573305076919496 ], [ 778087.633805224206299, 4473955.945074923336506 ], [ 776919.371708250138909, 4474629.173345123417675 ], [ 776812.964083762839437, 4474799.651453468948603 ], [ 776059.245683705667034, 4475525.007632985711098 ], [ 775179.743970952113159, 4476467.049993046559393 ], [ 775174.71443877951242, 4476472.071697331033647 ] ] ] ] } },
{ "type": "Feature", "properties": { "fid": 6.0, "ogc_fid": 6.0, "district": "Borgo Piave", "_mean": -3.1230829882067299, "_stdev": 0.86335242672270895, "_min": -4.7354984283447283, "_max": -0.97225737571716297 }, "geometry": { "type": "MultiPolygon", "coordinates": [ [ [ [ 772687.641637803288177, 4479101.073466684669256 ], [ 772687.641637803637423, 4479101.073466684669256 ], [ 772881.495338856359012, 4478961.782934905029833 ], [ 772911.679700822220184, 4478993.008274160325527 ], [ 772918.931200820370577, 4478988.030674158595502 ], [ 772954.814000236336142, 4479018.527740018442273 ], [ 773013.039352252846584, 4478974.131164737977087 ], [ 773075.52149075071793, 4479047.439831156283617 ], [ 773045.799327054293826, 4479072.765975299291313 ], [ 773079.682815929176286, 4479115.231613983400166 ], [ 773112.014887806610204, 4479089.433736672624946 ], [ 773134.32978813839145, 4479100.186243389733136 ], [ 773101.83412078791298, 4479166.766933337785304 ], [ 773063.766700780484825, 4479138.172674121335149 ], [ 773051.971785932662897, 4479162.93483607750386 ], [ 773070.947917196899652, 4479190.270312606357038 ], [ 773039.952200788655318, 4479241.120574114844203 ], [ 773213.76534720393829, 4479263.011526759713888 ], [ 773224.390086253639311, 4479285.276762531138957 ], [ 773210.768276822171174, 4479311.170137534849346 ], [ 773237.390500731999055, 4479325.175374074839056 ], [ 773265.523200721479952, 4479270.722774074412882 ], [ 773296.121000713203102, 4479263.149874071590602 ], [ 773318.978123200475238, 4479217.171845424920321 ], [ 773293.791400712449104, 4479200.080274076201022 ], [ 773252.581846583634615, 4479177.691063988022506 ], [ 773307.046400706167333, 4479077.443674087524414 ], [ 773257.117416198947467, 4479048.190008778125048 ], [ 773205.38109990360681, 4478978.643536035902798 ], [ 773237.464308893075213, 4478951.047056534327567 ], [ 773175.610979473218322, 4478840.824046605266631 ], [ 773272.544821550371125, 4478783.923380059190094 ], [ 773221.99801104166545, 4478707.250558944419026 ], [ 773203.106910640140995, 4478712.877309061586857 ], [ 773169.891128601739183, 4478666.732466896995902 ], [ 773169.891128601157106, 4478666.732466896064579 ], [ 773093.175457930308767, 4478684.803314072079957 ], [ 772962.276795121142641, 4478723.227027962915599 ], [ 772886.698423961293884, 4478775.513652640394866 ], [ 772672.831068892497569, 4478944.855857186950743 ], [ 772654.13052954885643, 4479007.900099391117692 ], [ 772682.658646330120973, 4479076.302632069215178 ], [ 772687.641637803288177, 4479101.073466684669256 ] ] ] ] } },
{ "type": "Feature", "properties": { "fid": 7.0, "ogc_fid": 7.0, "district": "Fraz. Frigole", "_mean": -6.3858119857286582, "_stdev": 4.4981863838471652, "_min": -20.656635284423828, "_max": 6.2158374786376962 }, "geometry": { "type": "MultiPolygon", "coordinates": [ [ [ [ 773169.891128601157106, 4478666.732466896064579 ], [ 773169.891128601739183, 4478666.732466896995902 ], [ 773203.106910640140995, 4478712.877309061586857 ], [ 773221.99801104166545, 4478707.250558944419026 ], [ 773272.544821550371125, 4478783.923380059190094 ], [ 773175.610979473218322, 4478840.824046605266631 ], [ 773237.464308893075213, 4478951.047056534327567 ], [ 773205.38109990360681, 4478978.643536035902798 ], [ 773257.117416198947467, 4479048.190008778125048 ], [ 773307.046400706167333, 4479077.443674087524414 ], [ 773252.581846583634615, 4479177.691063988022506 ], [ 773293.791400712449104, 4479200.080274076201022 ], [ 773318.978123200475238, 4479217.171845424920321 ], [ 773296.121000713203102, 4479263.149874071590602 ], [ 773265.523200721479952, 4479270.722774074412882 ], [ 773237.390500731999055, 4479325.175374074839056 ], [ 773210.768276822171174, 4479311.170137534849346 ], [ 773224.390086253639311, 4479285.276762531138957 ], [ 773213.76534720393829, 4479263.011526759713888 ], [ 773039.952200788655318, 4479241.120574114844203 ], [ 773070.947917196899652, 4479190.270312606357038 ], [ 773051.971785932662897, 4479162.93483607750386 ], [ 773063.766700780484825, 4479138.172674121335149 ], [ 773101.83412078791298, 4479166.766933337785304 ], [ 773134.32978813839145, 4479100.186243389733136 ], [ 773112.014887806610204, 4479089.433736672624946 ], [ 773079.682815929176286, 4479115.231613983400166 ], [ 773045.799327054293826, 4479072.765975299291313 ], [ 773075.52149075071793, 4479047.439831156283617 ], [ 773013.039352252846584, 4478974.131164737977087 ], [ 772954.814000236336142, 4479018.527740018442273 ], [ 772918.931200820370577, 4478988.030674158595502 ], [ 772911.679700822220184, 4478993.008274160325527 ], [ 772881.495338856359012, 4478961.782934905029833 ], [ 772687.641637803637423, 4479101.073466684669256 ], [ 772687.641637803288177, 4479101.073466684669256 ], [ 772709.603082532994449, 4479210.245500843040645 ], [ 772476.364065157482401, 4479647.908502398058772 ], [ 772345.983044087421149, 4479734.13898547925055 ], [ 772258.774526621680707, 4479798.040223809890449 ], [ 771815.273904180387035, 4480012.962311633862555 ], [ 771477.334344108123332, 4480227.277661035768688 ], [ 771101.082916557556018, 4480472.584508745931089 ], [ 770961.491613097954541, 4480535.543876048177481 ], [ 770627.451843307469971, 4480739.114034953527153 ], [ 770676.611546414438635, 4480783.33836614061147 ], [ 770607.809791774721816, 4480857.511131279170513 ], [ 770799.150758769945242, 4481038.183345747180283 ], [ 770735.689590062131174, 4481105.391913254745305 ], [ 770882.788009103387594, 4481243.428787999786437 ], [ 770899.713852350600064, 4481257.454618240706623 ], [ 771016.161688064457849, 4481345.219997293315828 ], [ 771045.202843856299296, 4481346.953997459262609 ], [ 771064.890932835871354, 4481382.173468193970621 ], [ 771053.862523266579956, 4481387.910919909365475 ], [ 771042.222056627855636, 4481409.676103530451655 ], [ 770812.100778823485598, 4481654.827938525006175 ], [ 770577.012644860427827, 4481597.992751928977668 ], [ 770533.593741883058101, 4481773.229894489049911 ], [ 770497.442533402587287, 4481832.313323177397251 ], [ 770624.251795093296096, 4481968.898809153586626 ], [ 770420.483955453848466, 4482226.510848342441022 ], [ 770306.296683168620802, 4482141.213910069316626 ], [ 770357.563815945293754, 4482222.999938664957881 ], [ 770442.948993493919261, 4482490.071646019816399 ], [ 770565.834042748552747, 4482932.999395194463432 ], [ 770647.194818935124204, 4483106.660364433191717 ], [ 770745.995898075867444, 4483240.086613733321428 ], [ 770788.26255451887846, 4483298.358675436116755 ], [ 770857.770744313602336, 4483316.218338118866086 ], [ 771315.177240293589421, 4483322.083907229825854 ], [ 771969.6184182286961, 4483337.744767354801297 ], [ 772294.858250719262287, 4483342.93050585873425 ], [ 772328.870606488664635, 4483329.843062949366868 ], [ 772458.416579481214285, 4483589.649846274405718 ], [ 772517.018506282242015, 4483688.778693028725684 ], [ 772572.650018255691975, 4483733.066700700670481 ], [ 772574.322999999858439, 4483732.798000000417233 ], [ 772574.865000000223517, 4483733.63399999961257 ], [ 772574.773000000044703, 4483735.334000000730157 ], [ 772574.872999999672174, 4483737.098999999463558 ], [ 772575.737999999895692, 4483738.141000000759959 ], [ 772576.360000000335276, 4483739.21000000089407 ], [ 772577.110999999567866, 4483741.150000000372529 ], [ 772578.404000000096858, 4483742.789000000804663 ], [ 772579.224999999627471, 4483742.958000000566244 ], [ 772580.598000000230968, 4483741.213999999687076 ], [ 772581.525999999605119, 4483738.972999999299645 ], [ 772581.88399999961257, 4483736.382999999448657 ], [ 772582.088000000454485, 4483733.174000000581145 ], [ 772583.919999999925494, 4483729.67200000025332 ], [ 772586.228000000119209, 4483727.402000000700355 ], [ 772588.270999999716878, 4483724.886 ], [ 772587.906000000424683, 4483723.076999999582767 ], [ 772586.724999999627471, 4483720.862999999895692 ], [ 772585.814000000245869, 4483717.724999999627471 ], [ 772586.230000000447035, 4483710.95299999974668 ], [ 772588.877000000327826, 4483701.558000000193715 ], [ 772590.597000000067055, 4483697.698000000789762 ], [ 772593.314000000245869, 4483693.561000000685453 ], [ 772595.303000000305474, 4483691.375 ], [ 772596.557000000029802, 4483688.084000000730157 ], [ 772596.841000000014901, 4483684.700999999418855 ], [ 772596.902999999932945, 4483680.807 ], [ 772595.58600000012666, 4483674.054999999701977 ], [ 772594.582999999634922, 4483665.791999999433756 ], [ 772594.542000000365078, 4483660.251000000163913 ], [ 772593.936999999918044, 4483653.597999999299645 ], [ 772594.066999999806285, 4483649.188999999314547 ], [ 772594.803999999538064, 4483645.014000000432134 ], [ 772594.963000000454485, 4483642.392000000923872 ], [ 772597.120000000111759, 4483638.043999999761581 ], [ 772599.061999999918044, 4483634.696000000461936 ], [ 772601.029000000096858, 4483632.64299999922514 ], [ 772604.904000000096858, 4483628.899000000208616 ], [ 772607.956000000238419, 4483625.717000000178814 ], [ 772610.33600000012666, 4483622.084000000730157 ], [ 772612.354000000283122, 4483619.410000000149012 ], [ 772614.264000000432134, 4483616.667999999597669 ], [ 772617.209999999962747, 4483614.028999999165535 ], [ 772620.058000000193715, 4483611.780999999493361 ], [ 772622.593000000342727, 4483609.990000000223517 ], [ 772625.083999999798834, 4483607.122999999672174 ], [ 772626.848000000230968, 4483604.136 ], [ 772627.685999999754131, 4483601.93099999986589 ], [ 772628.17200000025332, 4483600.210999999195337 ], [ 772628.588999999687076, 4483598.394999999552965 ], [ 772632.933000000193715, 4483593.761 ], [ 772640.677000000141561, 4483586.714999999850988 ], [ 772647.502000000327826, 4483580.824999999254942 ], [ 772651.171000000089407, 4483577.811000000685453 ], [ 772655.559999999590218, 4483574.86600000038743 ], [ 772660.485000000335276, 4483571.855000000447035 ], [ 772665.321999999694526, 4483568.558000000193715 ], [ 772672.803000000305474, 4483564.355000000447035 ], [ 772684.203999999910593, 4483555.821000000461936 ], [ 772689.754999999888241, 4483553.031999999657273 ], [ 772695.737999999895692, 4483547.717000000178814 ], [ 772699.486999999731779, 4483545.463999999687076 ], [ 772704.067999999970198, 4483542.583000000566244 ], [ 772707.942999999970198, 4483539.977 ], [ 772711.054999999701977, 4483537.56900000013411 ], [ 772715.679999999701977, 4483534.628000000491738 ], [ 772718.688000000081956, 4483531.097999999299645 ], [ 772721.201000000350177, 4483527.16499999910593 ], [ 772724.53000000026077, 4483522.296 ], [ 772727.253999999724329, 4483518.940999999642372 ], [ 772735.127999999560416, 4483510.490000000223517 ], [ 772738.581000000238419, 4483506.932 ], [ 772742.326999999582767, 4483503.252000000327826 ], [ 772745.277999999932945, 4483499.239 ], [ 772746.032999999821186, 4483498.25899999961257 ], [ 772751.95299999974668, 4483489.402000000700355 ], [ 772753.724000000394881, 4483486.060000000521541 ], [ 772755.885999999940395, 4483482.407999999821186 ], [ 772757.811999999918044, 4483478.428999999538064 ], [ 772759.25899999961257, 4483475.409 ], [ 772760.490000000223517, 4483473.91300000064075 ], [ 772763.105999999679625, 4483470.489 ], [ 772764.388000000268221, 4483467.235999999567866 ], [ 772764.662999999709427, 4483464.734999999403954 ], [ 772764.957000000402331, 4483462.423000000417233 ], [ 772765.696000000461936, 4483461.542999999597669 ], [ 772766.804999999701977, 4483461.096999999135733 ], [ 772767.546000000089407, 4483461.031999999657273 ], [ 772768.898000000044703, 4483461.168999999761581 ], [ 772770.519999999552965, 4483461.112999999895692 ], [ 772771.928000000305474, 4483459.985999999567866 ], [ 772772.512000000104308, 4483458.809000000357628 ], [ 772772.341000000014901, 4483457.676999999210238 ], [ 772771.617999999783933, 4483455.980000000447035 ], [ 772770.793999999761581, 4483454.587999999523163 ], [ 772770.058000000193715, 4483453.102 ], [ 772769.296000000089407, 4483451.17 ], [ 772769.310999999754131, 4483449.062000000849366 ], [ 772769.956000000238419, 4483446.85700000077486 ], [ 772771.390999999828637, 4483442.693 ], [ 772773.390999999828637, 4483438.91300000064075 ], [ 772774.315000000409782, 4483435.955 ], [ 772775.150000000372529, 4483435.040999999269843 ], [ 772776.834999999962747, 4483434.338999999687076 ], [ 772778.949000000022352, 4483433.709000000730157 ], [ 772780.915000000037253, 4483432.951999999582767 ], [ 772783.317999999970198, 4483431.212999999523163 ], [ 772785.56900000013411, 4483428.768999999389052 ], [ 772786.830000000074506, 4483426.939999999478459 ], [ 772783.959999999962747, 4483423.886 ], [ 772782.777999999932945, 4483421.813999999314547 ], [ 772782.132000000216067, 4483419.595000000670552 ], [ 772782.078999999910593, 4483417.391000000759959 ], [ 772782.446000000461936, 4483414.917999999597669 ], [ 772784.286000000312924, 4483411.979000000283122 ], [ 772787.059999999590218, 4483408.551000000908971 ], [ 772789.964999999850988, 4483404.651000000536442 ], [ 772792.923000000417233, 4483401.440999999642372 ], [ 772795.207000000402331, 4483399.002000000327826 ], [ 772798.600999999791384, 4483394.725999999791384 ], [ 772801.21100000012666, 4483391.764000000432134 ], [ 772803.447999999858439, 4483390.814999999478459 ], [ 772805.160000000149012, 4483390.848999999463558 ], [ 772807.065000000409782, 4483391.562000000849366 ], [ 772808.597000000067055, 4483391.054999999701977 ], [ 772808.456000000238419, 4483390.07799999974668 ], [ 772807.629999999888241, 4483389.325999999418855 ], [ 772806.677000000141561, 4483388.721999999135733 ], [ 772805.637000000104308, 4483387.424000000581145 ], [ 772804.889000000432134, 4483384.898 ], [ 772804.924999999813735, 4483382.16499999910593 ], [ 772805.233, 4483380.141000000759959 ], [ 772806.354000000283122, 4483372.298000000417233 ], [ 772807.467000000178814, 4483370.342000000178814 ], [ 772810.46999999973923, 4483367.071000000461936 ], [ 772813.832999999634922, 4483364.390000000596046 ], [ 772817.739000000059605, 4483361.407999999821186 ], [ 772822.821999999694526, 4483357.502000000327826 ], [ 772827.17200000025332, 4483355.020999999716878 ], [ 772831.13399999961257, 4483353.426999999210238 ], [ 772834.140999999828637, 4483352.04700000025332 ], [ 772843.838000000454485, 4483346.519999999552965 ], [ 772847.20299999974668, 4483345.233999999240041 ], [ 772850.313000000081956, 4483344.448999999091029 ], [ 772853.048999999649823, 4483343.67 ], [ 772855.521999999880791, 4483342.725999999791384 ], [ 772858.541000000201166, 4483341.074999999254942 ], [ 772861.533999999985099, 4483339.470000000670552 ], [ 772864.517, 4483337.932 ], [ 772871.237999999895692, 4483335.918999999761581 ], [ 772877.627000000327826, 4483334.25899999961257 ], [ 772884.593999999575317, 4483333.207000000402331 ], [ 772891.03899999987334, 4483331.418999999761581 ], [ 772894.921000000089407, 4483330.901000000536442 ], [ 772900.112999999895692, 4483329.481000000610948 ], [ 772905.623999999836087, 4483328.387000000104308 ], [ 772911.502999999560416, 4483327.729000000283122 ], [ 772913.440000000409782, 4483327.546 ], [ 772915.05599999986589, 4483326.746999999508262 ], [ 772917.010999999940395, 4483325.443 ], [ 772919.161999999545515, 4483323.390000000596046 ], [ 772921.046000000089407, 4483320.800000000745058 ], [ 772923.326999999582767, 4483318.479000000283122 ], [ 772926.724999999627471, 4483315.888000000268221 ], [ 772929.438000000081956, 4483314.13399999961257 ], [ 772931.043999999761581, 4483313.690999999642372 ], [ 772932.99199999962002, 4483311.926999999210238 ], [ 772934.622000000439584, 4483309.427999999374151 ], [ 772936.127000000327826, 4483307.572000000625849 ], [ 772937.574000000022352, 4483305.348999999463558 ], [ 772939.548000000417233, 4483302.025000000372529 ], [ 772942.160000000149012, 4483297.140000000596046 ], [ 772945.794999999925494, 4483292.343000000342727 ], [ 772947.889000000432134, 4483290.619999999180436 ], [ 772949.076000000350177, 4483290.242000000551343 ], [ 772949.855999999679625, 4483290.561000000685453 ], [ 772950.67200000025332, 4483290.971000000834465 ], [ 772952.224999999627471, 4483290.94400000013411 ], [ 772953.581000000238419, 4483291.582000000402331 ], [ 772955.00899999961257, 4483291.993000000715256 ], [ 772956.332999999634922, 4483290.701999999582767 ], [ 772956.339999999850988, 4483289.852 ], [ 772955.654000000096858, 4483289.583000000566244 ], [ 772954.520999999716878, 4483289.341 ], [ 772954.019999999552965, 4483288.881999999284744 ], [ 772954.540000000037253, 4483288.221000000834465 ], [ 772956.24100000038743, 4483286.109999999403954 ], [ 772956.281000000424683, 4483284.160000000149012 ], [ 772956.451999999582767, 4483282.640000000596046 ], [ 772957.66399999987334, 4483281.108999999240041 ], [ 772958.604000000283122, 4483278.869000000879169 ], [ 772958.242999999783933, 4483277.378000000491738 ], [ 772958.578999999910593, 4483274.984999999403954 ], [ 772959.832999999634922, 4483272.899000000208616 ], [ 772962.57799999974668, 4483271.151000000536442 ], [ 772965.980000000447035, 4483269.54700000025332 ], [ 772969.542000000365078, 4483268.005000000819564 ], [ 772975.024000000208616, 4483264.865000000223517 ], [ 772983.424999999813735, 4483257.843000000342727 ], [ 772987.74100000038743, 4483254.454 ], [ 772992.294999999925494, 4483250.664000000804663 ], [ 772999.808000000193715, 4483243.458000000566244 ], [ 773002.849000000394881, 4483240.364 ], [ 773006.25899999961257, 4483237.299000000581145 ], [ 773009.463999999687076, 4483234.642000000923872 ], [ 773014.981999999843538, 4483231.592000000178814 ], [ 773019.657999999821186, 4483229.199999999254942 ], [ 773022.57799999974668, 4483228.025000000372529 ], [ 773024.959999999962747, 4483227.526000000536442 ], [ 773028.031999999657273, 4483226.76799999922514 ], [ 773031.701000000350177, 4483225.994000000879169 ], [ 773036.957000000402331, 4483224.295 ], [ 773039.603000000119209, 4483222.528999999165535 ], [ 773042.950000000186265, 4483219.742000000551343 ], [ 773045.627999999560416, 4483217.081000000238419 ], [ 773047.873999999836087, 4483214.464999999850988 ], [ 773050.152999999932945, 4483211.448000000789762 ], [ 773053.115000000223517, 4483208.119000000879169 ], [ 773057.216000000014901, 4483204.183000000193715 ], [ 773062.156999999657273, 4483200.321000000461936 ], [ 773065.832000000402331, 4483197.370999999344349 ], [ 773069.144000000320375, 4483194.855000000447035 ], [ 773072.826999999582767, 4483191.958000000566244 ], [ 773076.33600000012666, 4483188.484999999403954 ], [ 773079.976999999955297, 4483185.240000000223517 ], [ 773082.817999999970198, 4483182.880000000819564 ], [ 773086.418999999761581, 4483180.565999999642372 ], [ 773089.877999999560416, 4483179.08 ], [ 773093.066999999806285, 4483178.074999999254942 ], [ 773099.817999999970198, 4483177.168999999761581 ], [ 773103.767, 4483176.498999999836087 ], [ 773107.362999999895692, 4483175.206000000238419 ], [ 773110.627999999560416, 4483173.362999999895692 ], [ 773112.893000000156462, 4483171.381999999284744 ], [ 773114.498999999836087, 4483169.168999999761581 ], [ 773115.34499999973923, 4483167.115000000223517 ], [ 773116.353000000119209, 4483164.713999999687076 ], [ 773118.322999999858439, 4483161.369999999180436 ], [ 773120.871000000275671, 4483158.637000000104308 ], [ 773122.074000000022352, 4483156.388000000268221 ], [ 773122.560999999754131, 4483153.744999999180436 ], [ 773122.658999999985099, 4483151.58 ], [ 773122.968000000342727, 4483149.178999999538064 ], [ 773123.901999999769032, 4483146.714999999850988 ], [ 773125.700000000186265, 4483141.687999999150634 ], [ 773128.0, 4483135.724999999627471 ], [ 773129.58600000012666, 4483133.030999999493361 ], [ 773131.298999999649823, 4483129.899000000208616 ], [ 773134.175999999977648, 4483126.932 ], [ 773136.83600000012666, 4483124.933000000193715 ], [ 773141.927000000141561, 4483119.78999999910593 ], [ 773147.002999999560416, 4483116.228000000119209 ], [ 773151.276999999769032, 4483113.261 ], [ 773154.941999999806285, 4483110.871999999508262 ], [ 773159.855000000447035, 4483107.164000000804663 ], [ 773164.191999999806285, 4483103.834000000730157 ], [ 773167.364000000059605, 4483101.036000000312924 ], [ 773170.70299999974668, 4483097.858999999240041 ], [ 773173.53899999987334, 4483095.03800000064075 ], [ 773176.15500000026077, 4483092.402000000700355 ], [ 773180.190000000409782, 4483088.644999999552965 ], [ 773183.321000000461936, 4483085.78999999910593 ], [ 773187.571000000461936, 4483082.869999999180436 ], [ 773191.213999999687076, 4483080.205 ], [ 773195.025000000372529, 4483077.160000000149012 ], [ 773197.419999999925494, 4483074.621999999508262 ], [ 773201.480999999679625, 4483071.312000000849366 ], [ 773205.036999999545515, 4483068.563999999314547 ], [ 773209.014000000432134, 4483066.040999999269843 ], [ 773213.512000000104308, 4483062.568 ], [ 773217.608, 4483059.349999999627471 ], [ 773220.853000000119209, 4483056.821000000461936 ], [ 773224.101999999955297, 4483054.871999999508262 ], [ 773227.492999999783933, 4483053.083000000566244 ], [ 773231.004999999888241, 4483052.083000000566244 ], [ 773235.90500000026077, 4483050.042999999597669 ], [ 773239.332000000402331, 4483048.839999999850988 ], [ 773240.190000000409782, 4483049.10700000077486 ], [ 773240.49100000038743, 4483050.23200000077486 ], [ 773241.088999999687076, 4483051.816999999806285 ], [ 773241.882000000216067, 4483052.361999999731779 ], [ 773243.128999999724329, 4483050.257999999448657 ], [ 773242.83600000012666, 4483048.485999999567866 ], [ 773242.802000000141561, 4483046.792999999597669 ], [ 773243.906000000424683, 4483045.721000000834465 ], [ 773244.617999999783933, 4483046.438999999314547 ], [ 773245.220999999903142, 4483047.496999999508262 ], [ 773245.968999999575317, 4483047.607999999076128 ], [ 773246.581000000238419, 4483047.11600000038743 ], [ 773247.720999999903142, 4483046.630000000819564 ], [ 773249.251000000163913, 4483046.653000000864267 ], [ 773250.476999999955297, 4483044.971000000834465 ], [ 773250.66399999987334, 4483043.179999999701977 ], [ 773252.129999999888241, 4483044.675000000745058 ], [ 773252.90500000026077, 4483046.01799999922514 ], [ 773253.432000000029802, 4483046.227 ], [ 773253.673000000417233, 4483045.911000000312924 ], [ 773253.730999999679625, 4483045.375 ], [ 773253.108, 4483043.83699999935925 ], [ 773252.341000000014901, 4483041.847999999299645 ], [ 773252.309999999590218, 4483040.240000000223517 ], [ 773253.865000000223517, 4483040.013000000268221 ], [ 773255.620000000111759, 4483039.820000000298023 ], [ 773256.746000000275671, 4483038.820000000298023 ], [ 773257.25800000037998, 4483037.322000000625849 ], [ 773257.71999999973923, 4483035.918999999761581 ], [ 773259.275999999605119, 4483034.992000000551343 ], [ 773260.483, 4483034.312999999150634 ], [ 773260.990000000223517, 4483033.343000000342727 ], [ 773260.554999999701977, 4483032.604000000283122 ], [ 773259.406999999657273, 4483032.338999999687076 ], [ 773257.963999999687076, 4483031.903999999165535 ], [ 773255.69400000013411, 4483030.134999999776483 ], [ 773254.044999999925494, 4483027.721999999135733 ], [ 773252.810999999754131, 4483022.687000000849366 ], [ 773253.263000000268221, 4483020.447000000625849 ], [ 773254.40500000026077, 4483017.660000000149012 ], [ 773256.615000000223517, 4483014.407999999821186 ], [ 773258.620000000111759, 4483012.552999999374151 ], [ 773263.480999999679625, 4483006.261 ], [ 773266.696000000461936, 4483001.921 ], [ 773269.324000000022352, 4482999.712999999523163 ], [ 773272.753999999724329, 4482997.896999999880791 ], [ 773276.730999999679625, 4482996.073000000789762 ], [ 773287.041000000201166, 4482992.301000000908971 ], [ 773289.466000000014901, 4482991.778000000864267 ], [ 773291.82799999974668, 4482991.620999999344349 ], [ 773293.837000000290573, 4482991.82799999974668 ], [ 773297.042999999597669, 4482991.916999999433756 ], [ 773300.338000000454485, 4482991.391000000759959 ], [ 773302.917999999597669, 4482990.554999999701977 ], [ 773305.942999999970198, 4482989.112999999895692 ], [ 773308.292999999597669, 4482987.33500000089407 ], [ 773310.118999999947846, 4482985.432 ], [ 773316.775000000372529, 4482980.402000000700355 ], [ 773320.529000000096858, 4482976.494000000879169 ], [ 773322.565999999642372, 4482974.355000000447035 ], [ 773325.927000000141561, 4482971.25 ], [ 773333.955000000074506, 4482965.278999999165535 ], [ 773339.115000000223517, 4482962.907999999821186 ], [ 773344.168999999761581, 4482961.165999999269843 ], [ 773348.746000000275671, 4482959.61600000038743 ], [ 773362.947999999858439, 4482955.146999999880791 ], [ 773367.856999999843538, 4482953.947000000625849 ], [ 773371.674999999813735, 4482951.875 ], [ 773375.820000000298023, 4482948.71199999935925 ], [ 773380.292999999597669, 4482944.894999999552965 ], [ 773384.984000000171363, 4482940.969000000506639 ], [ 773388.692999999970198, 4482937.261 ], [ 773396.656000000424683, 4482930.826999999582767 ], [ 773401.019999999552965, 4482927.228000000119209 ], [ 773404.401999999769032, 4482925.04700000025332 ], [ 773409.309999999590218, 4482921.88399999961257 ], [ 773416.560999999754131, 4482917.262000000104308 ], [ 773420.815000000409782, 4482914.862999999895692 ], [ 773423.979000000283122, 4482913.335999999195337 ], [ 773427.46999999973923, 4482911.809000000357628 ], [ 773431.396999999880791, 4482910.392000000923872 ], [ 773434.779000000096858, 4482908.210999999195337 ], [ 773438.269999999552965, 4482906.466 ], [ 773441.650999999605119, 4482905.483999999240041 ], [ 773445.360000000335276, 4482904.285000000149012 ], [ 773451.142, 4482903.19400000013411 ], [ 773457.588000000454485, 4482901.005000000819564 ], [ 773464.412999999709427, 4482898.970000000670552 ], [ 773470.356999999843538, 4482897.005999999120831 ], [ 773475.915000000037253, 4482894.209000000730157 ], [ 773479.754999999888241, 4482891.986999999731779 ], [ 773482.781000000424683, 4482889.846000000834465 ], [ 773490.917000000365078, 4482886.824999999254942 ], [ 773496.86600000038743, 4482884.829 ], [ 773502.123999999836087, 4482883.08699999935925 ], [ 773506.553999999538064, 4482881.204 ], [ 773512.776999999769032, 4482877.906999999657273 ], [ 773524.440999999642372, 4482871.606000000610948 ], [ 773538.608, 4482864.114 ], [ 773544.951999999582767, 4482861.109999999403954 ], [ 773552.251000000163913, 4482858.099999999627471 ], [ 773559.779000000096858, 4482853.850999999791384 ], [ 773565.416000000201166, 4482850.793999999761581 ], [ 773571.682000000029802, 4482847.845000000670552 ], [ 773578.28000000026077, 4482844.545 ], [ 773584.927000000141561, 4482842.257999999448657 ], [ 773592.093999999575317, 4482839.719000000506639 ], [ 773602.606999999843538, 4482836.356000000610948 ], [ 773610.114000000059605, 4482833.721999999135733 ], [ 773619.873999999836087, 4482830.075999999418855 ], [ 773628.992999999783933, 4482824.231000000610948 ], [ 773632.957000000402331, 4482821.619000000879169 ], [ 773634.55489999987185, 4482820.787499999627471 ], [ 773641.688799999654293, 4482817.263699999079108 ], [ 773655.731999999843538, 4482810.554999999701977 ], [ 773660.739000000059605, 4482808.946000000461936 ], [ 773662.884999999776483, 4482807.990000000223517 ], [ 773665.343000000342727, 4482807.307 ], [ 773667.832999999634922, 4482806.220000000670552 ], [ 773672.105000000447035, 4482804.117000000551343 ], [ 773676.123999999836087, 4482802.516000000759959 ], [ 773682.989000000059605, 4482800.974999999627471 ], [ 773688.934999999590218, 4482800.064999999478459 ], [ 773695.120000000111759, 4482797.698999999091029 ], [ 773698.209999999962747, 4482796.063999999314547 ], [ 773702.411999999545515, 4482793.865000000223517 ], [ 773709.851999999955297, 4482792.028000000864267 ], [ 773715.314000000245869, 4482791.582000000402331 ], [ 773722.49100000038743, 4482790.312999999150634 ], [ 773727.548000000417233, 4482789.018999999389052 ], [ 773737.245000000111759, 4482786.176000000908971 ], [ 773741.529000000096858, 4482784.619000000879169 ], [ 773745.764999999664724, 4482782.425000000745058 ], [ 773753.167999999597669, 4482778.744999999180436 ], [ 773757.434000000357628, 4482776.471999999135733 ], [ 773763.208999999798834, 4482774.224999999627471 ], [ 773771.75, 4482771.480000000447035 ], [ 773777.076999999582767, 4482770.197000000625849 ], [ 773781.145999999716878, 4482769.437000000849366 ], [ 773784.235999999567866, 4482768.941999999806285 ], [ 773785.373999999836087, 4482768.941999999806285 ], [ 773787.549999999813735, 4482769.043999999761581 ], [ 773789.36699999962002, 4482769.053999999538064 ], [ 773791.990000000223517, 4482769.127000000327826 ], [ 773794.834999999962747, 4482768.778999999165535 ], [ 773796.587000000290573, 4482768.251000000163913 ], [ 773800.427000000141561, 4482766.605000000447035 ], [ 773802.685999999754131, 4482765.480000000447035 ], [ 773805.451999999582767, 4482764.573999999091029 ], [ 773810.070000000298023, 4482763.156999999657273 ], [ 773813.53899999987334, 4482761.80599999986589 ], [ 773815.434999999590218, 4482761.437000000849366 ], [ 773824.572999999858439, 4482760.13399999961257 ], [ 773830.224999999627471, 4482759.667999999597669 ], [ 773834.74199999962002, 4482758.761 ], [ 773838.148000000044703, 4482757.688999999314547 ], [ 773840.459999999962747, 4482756.028999999165535 ], [ 773841.513000000268221, 4482754.688999999314547 ], [ 773845.074000000022352, 4482750.497999999672174 ], [ 773846.095999999903142, 4482748.83 ], [ 773846.554999999701977, 4482747.274000000208616 ], [ 773847.582999999634922, 4482745.573000000789762 ], [ 773849.493999999947846, 4482744.493000000715256 ], [ 773852.737999999895692, 4482742.951999999582767 ], [ 773856.43099999986589, 4482740.856000000610948 ], [ 773866.531999999657273, 4482735.445000000298023 ], [ 773871.66399999987334, 4482733.482999999076128 ], [ 773876.640999999828637, 4482731.954 ], [ 773883.149000000208616, 4482729.997999999672174 ], [ 773891.572999999858439, 4482726.316999999806285 ], [ 773898.875, 4482723.146999999880791 ], [ 773904.791000000201166, 4482720.039000000804663 ], [ 773912.058000000193715, 4482717.187999999150634 ], [ 773916.813000000081956, 4482716.490000000223517 ], [ 773923.254999999888241, 4482714.31900000013411 ], [ 773929.247000000439584, 4482711.886 ], [ 773936.190000000409782, 4482709.560000000521541 ], [ 773949.451999999582767, 4482705.295 ], [ 773954.05599999986589, 4482703.859999999403954 ], [ 773958.86699999962002, 4482702.303999999538064 ], [ 773966.053999999538064, 4482699.42200000025332 ], [ 773971.559999999590218, 4482697.776000000536442 ], [ 773978.019000000320375, 4482695.91499999910593 ], [ 773984.229000000283122, 4482693.909 ], [ 773995.463000000454485, 4482689.261 ], [ 774003.041000000201166, 4482686.800000000745058 ], [ 774009.384999999776483, 4482684.28999999910593 ], [ 774019.110000000335276, 4482680.549000000581145 ], [ 774022.084999999962747, 4482679.20299999974668 ], [ 774027.956000000238419, 4482675.951999999582767 ], [ 774032.399000000208616, 4482674.251000000163913 ], [ 774043.177000000141561, 4482670.515000000596046 ], [ 774047.859000000171363, 4482669.227 ], [ 774054.100999999791384, 4482667.753000000491738 ], [ 774056.665000000037253, 4482667.255999999120831 ], [ 774066.441999999806285, 4482664.92 ], [ 774091.360999999567866, 4482659.024000000208616 ], [ 774106.081000000238419, 4482655.449999999254942 ], [ 774113.432000000029802, 4482654.785000000149012 ], [ 774116.618999999947846, 4482654.849999999627471 ], [ 774120.989000000059605, 4482655.494999999180436 ], [ 774124.553000000305474, 4482655.755999999120831 ], [ 774126.720999999903142, 4482655.387000000104308 ], [ 774129.946999999694526, 4482654.778000000864267 ], [ 774141.667000000365078, 4482652.207000000402331 ], [ 774145.888000000268221, 4482650.583000000566244 ], [ 774150.712000000290573, 4482647.847999999299645 ], [ 774154.197999999858439, 4482646.141000000759959 ], [ 774166.768000000156462, 4482642.072000000625849 ], [ 774173.666000000201166, 4482639.446000000461936 ], [ 774180.904000000096858, 4482636.926000000908971 ], [ 774190.464999999850988, 4482632.955 ], [ 774203.686999999918044, 4482630.027000000700355 ], [ 774206.31900000013411, 4482630.054999999701977 ], [ 774208.605000000447035, 4482630.860999999567866 ], [ 774210.717000000178814, 4482631.588999999687076 ], [ 774213.802000000141561, 4482632.08 ], [ 774216.326000000350177, 4482632.362999999895692 ], [ 774219.300999999977648, 4482633.755000000819564 ], [ 774222.714999999850988, 4482635.063999999314547 ], [ 774226.246000000275671, 4482635.320000000298023 ], [ 774230.027999999932945, 4482635.598999999463558 ], [ 774234.237999999895692, 4482636.186000000685453 ], [ 774240.794999999925494, 4482637.94400000013411 ], [ 774243.873999999836087, 4482638.791999999433756 ], [ 774247.075000000186265, 4482639.521999999880791 ], [ 774248.635999999940395, 4482639.652000000700355 ], [ 774250.165000000037253, 4482639.657999999821186 ], [ 774251.570000000298023, 4482639.490000000223517 ], [ 774252.792000000365078, 4482638.545 ], [ 774254.067999999970198, 4482635.975999999791384 ], [ 774250.140100000426173, 4482627.767899999395013 ], [ 774234.195000000298023, 4482624.571000000461936 ], [ 774235.049999999813735, 4482622.012000000104308 ], [ 774236.31900000013411, 4482619.800000000745058 ], [ 774236.462000000290573, 4482619.550000000745058 ], [ 774236.46059999987483, 4482618.255999999120831 ], [ 774236.458999999798834, 4482616.793999999761581 ], [ 774235.986999999731779, 4482613.350999999791384 ], [ 774235.375, 4482609.716 ], [ 774235.326999999582767, 4482606.494000000879169 ], [ 774236.322999999858439, 4482603.013000000268221 ], [ 774238.925999999977648, 4482598.308000000193715 ], [ 774241.764000000432134, 4482594.050000000745058 ], [ 774245.286000000312924, 4482589.560000000521541 ], [ 774249.240000000223517, 4482585.342000000178814 ], [ 774255.75899999961257, 4482578.795 ], [ 774258.610999999567866, 4482576.903000000864267 ], [ 774261.980999999679625, 4482574.753000000491738 ], [ 774267.429999999701977, 4482571.505000000819564 ], [ 774271.993999999947846, 4482569.543999999761581 ], [ 774288.415000000037253, 4482565.645999999716878 ], [ 774292.089999999850988, 4482564.360999999567866 ], [ 774296.935999999754131, 4482561.697000000625849 ], [ 774300.480000000447035, 4482559.626000000163913 ], [ 774308.283999999985099, 4482553.232999999076128 ], [ 774313.197999999858439, 4482549.287000000476837 ], [ 774316.518000000156462, 4482546.70299999974668 ], [ 774320.895999999716878, 4482543.880999999120831 ], [ 774324.560999999754131, 4482540.842000000178814 ], [ 774327.608, 4482539.218000000342727 ], [ 774331.996000000275671, 4482536.123999999836087 ], [ 774334.86699999962002, 4482533.367000000551343 ], [ 774337.150000000372529, 4482530.244000000879169 ], [ 774338.84499999973923, 4482527.929999999701977 ], [ 774341.120000000111759, 4482525.605000000447035 ], [ 774344.320000000298023, 4482522.492000000551343 ], [ 774348.629999999888241, 4482518.603000000119209 ], [ 774351.126000000163913, 4482515.530999999493361 ], [ 774353.987999999895692, 4482512.19400000013411 ], [ 774357.175999999977648, 4482507.448000000789762 ], [ 774359.144000000320375, 4482503.526000000536442 ], [ 774360.875, 4482498.955 ], [ 774364.064000000245869, 4482491.213999999687076 ], [ 774365.95299999974668, 4482487.467000000178814 ], [ 774369.364000000059605, 4482483.028000000864267 ], [ 774373.020999999716878, 4482478.968000000342727 ], [ 774377.252000000327826, 4482474.08 ], [ 774385.242999999783933, 4482466.405999999493361 ], [ 774390.065999999642372, 4482462.822000000625849 ], [ 774393.173999999649823, 4482460.391000000759959 ], [ 774396.519999999552965, 4482457.31900000013411 ], [ 774400.099000000394881, 4482453.432 ], [ 774404.351999999955297, 4482447.44400000013411 ], [ 774408.697999999858439, 4482442.471999999135733 ], [ 774412.775999999605119, 4482438.223999999463558 ], [ 774416.888000000268221, 4482433.656999999657273 ], [ 774420.718999999575317, 4482428.178999999538064 ], [ 774423.262000000104308, 4482423.959000000730157 ], [ 774426.178999999538064, 4482419.847999999299645 ], [ 774430.337000000290573, 4482414.778999999165535 ], [ 774434.916000000201166, 4482410.371999999508262 ], [ 774441.132000000216067, 4482404.661000000312924 ], [ 774445.775999999605119, 4482401.557 ], [ 774450.157999999821186, 4482398.820000000298023 ], [ 774456.506000000052154, 4482394.948999999091029 ], [ 774461.097000000067055, 4482391.855000000447035 ], [ 774464.957999999634922, 4482389.289000000804663 ], [ 774471.052000000141561, 4482384.664000000804663 ], [ 774481.377000000327826, 4482376.649000000208616 ], [ 774486.468000000342727, 4482372.01799999922514 ], [ 774491.201000000350177, 4482366.971999999135733 ], [ 774500.495000000111759, 4482357.41499999910593 ], [ 774504.014999999664724, 4482353.893999999389052 ], [ 774507.358, 4482350.734999999403954 ], [ 774510.509999999776483, 4482347.921 ], [ 774514.879999999888241, 4482345.369000000879169 ], [ 774523.126000000163913, 4482341.002000000327826 ], [ 774526.645999999716878, 4482339.300000000745058 ], [ 774531.524000000208616, 4482336.437999999150634 ], [ 774534.650999999605119, 4482333.994000000879169 ], [ 774541.179999999701977, 4482328.877000000327826 ], [ 774543.923999999649823, 4482326.389000000432134 ], [ 774548.412999999709427, 4482322.869000000879169 ], [ 774552.762000000104308, 4482319.802999999374151 ], [ 774557.661000000312924, 4482316.295 ], [ 774561.654000000096858, 4482314.251000000163913 ], [ 774566.184999999590218, 4482312.14299999922514 ], [ 774577.809000000357628, 4482306.414000000804663 ], [ 774580.927000000141561, 4482305.347999999299645 ], [ 774586.292999999597669, 4482302.612999999895692 ], [ 774591.046000000089407, 4482299.267000000923872 ], [ 774596.060999999754131, 4482294.536000000312924 ], [ 774598.985999999567866, 4482291.448999999091029 ], [ 774601.213000000454485, 4482288.365000000223517 ], [ 774602.642, 4482284.45299999974668 ], [ 774603.601999999955297, 4482281.108999999240041 ], [ 774604.328999999910593, 4482278.049000000581145 ], [ 774608.80599999986589, 4482268.859999999403954 ], [ 774610.171000000089407, 4482266.978000000119209 ], [ 774612.611999999731779, 4482264.966 ], [ 774616.536999999545515, 4482263.030999999493361 ], [ 774621.519999999552965, 4482260.656999999657273 ], [ 774627.146999999880791, 4482257.063999999314547 ], [ 774632.293999999761581, 4482254.10700000077486 ], [ 774636.804999999701977, 4482250.993000000715256 ], [ 774641.964999999850988, 4482247.034 ], [ 774645.548999999649823, 4482243.970000000670552 ], [ 774650.371000000275671, 4482239.378000000491738 ], [ 774653.722000000067055, 4482237.007999999448657 ], [ 774658.595999999903142, 4482233.95299999974668 ], [ 774662.815000000409782, 4482231.573000000789762 ], [ 774665.389000000432134, 4482229.78800000064075 ], [ 774672.889000000432134, 4482222.781999999657273 ], [ 774677.065999999642372, 4482219.935000000521541 ], [ 774680.184999999590218, 4482217.526000000536442 ], [ 774683.644000000320375, 4482214.493000000715256 ], [ 774695.603000000119209, 4482202.630000000819564 ], [ 774698.751000000163913, 4482199.528999999165535 ], [ 774702.68099999986589, 4482195.604000000283122 ], [ 774708.890999999828637, 4482190.543999999761581 ], [ 774711.96999999973923, 4482187.550000000745058 ], [ 774712.779000000096858, 4482186.562000000849366 ], [ 774713.777999999932945, 4482185.145999999716878 ], [ 774716.729000000283122, 4482181.076999999582767 ], [ 774719.861999999731779, 4482176.935000000521541 ], [ 774724.912999999709427, 4482169.729000000283122 ], [ 774728.984000000171363, 4482165.878000000491738 ], [ 774733.928999999538064, 4482161.985999999567866 ], [ 774738.981999999843538, 4482158.367000000551343 ], [ 774749.321999999694526, 4482150.639000000432134 ], [ 774753.83600000012666, 4482148.221999999135733 ], [ 774759.893000000156462, 4482144.700999999418855 ], [ 774763.13300000037998, 4482142.584000000730157 ], [ 774767.643000000156462, 4482138.857999999076128 ], [ 774771.197999999858439, 4482135.143999999389052 ], [ 774773.235000000335276, 4482132.079 ], [ 774775.765999999828637, 4482127.464999999850988 ], [ 774778.497999999672174, 4482122.765000000596046 ], [ 774780.625, 4482119.460999999195337 ], [ 774784.49199999962002, 4482113.655999999493361 ], [ 774786.964999999850988, 4482110.834000000730157 ], [ 774789.605999999679625, 4482108.125 ], [ 774793.127000000327826, 4482105.137000000104308 ], [ 774797.606999999843538, 4482102.103000000119209 ], [ 774801.625, 4482100.216 ], [ 774806.050999999977648, 4482097.717000000178814 ], [ 774809.043999999761581, 4482096.273 ], [ 774813.457999999634922, 4482093.025000000372529 ], [ 774817.195000000298023, 4482089.443 ], [ 774820.936999999918044, 4482085.214999999850988 ], [ 774826.629999999888241, 4482079.473999999463558 ], [ 774829.822999999858439, 4482076.924000000581145 ], [ 774834.96100000012666, 4482072.689999999478459 ], [ 774839.843000000342727, 4482069.279999999329448 ], [ 774846.17200000025332, 4482065.242000000551343 ], [ 774849.065999999642372, 4482063.57799999974668 ], [ 774852.940999999642372, 4482061.736999999731779 ], [ 774858.023000000044703, 4482058.971999999135733 ], [ 774860.378999999724329, 4482057.371999999508262 ], [ 774864.541000000201166, 4482053.893999999389052 ], [ 774866.637000000104308, 4482051.809000000357628 ], [ 774869.358, 4482048.721999999135733 ], [ 774872.529000000096858, 4482044.96199999935925 ], [ 774876.746000000275671, 4482040.33699999935925 ], [ 774885.754999999888241, 4482032.015000000596046 ], [ 774887.934000000357628, 4482030.046 ], [ 774893.145999999716878, 4482025.875 ], [ 774900.798000000417233, 4482020.831000000238419 ], [ 774907.05599999986589, 4482015.268999999389052 ], [ 774911.610000000335276, 4482011.686000000685453 ], [ 774917.389999999664724, 4482006.96199999935925 ], [ 774921.254999999888241, 4482003.843000000342727 ], [ 774928.858, 4481997.551000000908971 ], [ 774931.217000000178814, 4481996.037000000476837 ], [ 774934.566999999806285, 4481993.869999999180436 ], [ 774937.925999999977648, 4481991.563999999314547 ], [ 774940.861999999731779, 4481989.562000000849366 ], [ 774943.833999999798834, 4481987.652000000700355 ], [ 774949.485999999567866, 4481985.005000000819564 ], [ 774951.963000000454485, 4481983.218000000342727 ], [ 774955.197999999858439, 4481981.468000000342727 ], [ 774958.484000000171363, 4481978.981000000610948 ], [ 774960.639999999664724, 4481977.395999999716878 ], [ 774963.105000000447035, 4481975.471000000834465 ], [ 774964.321999999694526, 4481974.243000000715256 ], [ 774967.542999999597669, 4481970.372999999672174 ], [ 774968.656000000424683, 4481969.365000000223517 ], [ 774970.536000000312924, 4481968.652000000700355 ], [ 774972.912999999709427, 4481967.900000000372529 ], [ 774976.904000000096858, 4481966.509999999776483 ], [ 774979.66399999987334, 4481965.278000000864267 ], [ 774985.19400000013411, 4481961.813999999314547 ], [ 774987.169999999925494, 4481960.505999999120831 ], [ 774988.595999999903142, 4481959.244000000879169 ], [ 774990.553000000305474, 4481957.627000000327826 ], [ 774993.901999999769032, 4481955.064999999478459 ], [ 774998.201999999582767, 4481952.08 ], [ 775002.408999999985099, 4481947.67200000025332 ], [ 775004.753999999724329, 4481945.865000000223517 ], [ 775007.281999999657273, 4481943.136 ], [ 775010.567999999970198, 4481939.596999999135733 ], [ 775012.979000000283122, 4481936.543999999761581 ], [ 775017.076999999582767, 4481929.353000000119209 ], [ 775017.514999999664724, 4481927.69400000013411 ], [ 775017.68099999986589, 4481926.143999999389052 ], [ 775019.195000000298023, 4481923.387000000104308 ], [ 775020.86600000038743, 4481921.656999999657273 ], [ 775023.548000000417233, 4481919.546 ], [ 775025.599999999627471, 4481917.979000000283122 ], [ 775027.612999999895692, 4481916.437999999150634 ], [ 775030.769999999552965, 4481914.540999999269843 ], [ 775033.389000000432134, 4481913.030999999493361 ], [ 775036.67200000025332, 4481911.187000000849366 ], [ 775040.248999999836087, 4481909.104000000283122 ], [ 775044.701000000350177, 4481905.804999999701977 ], [ 775047.447999999858439, 4481903.501000000163913 ], [ 775052.583999999798834, 4481897.548000000417233 ], [ 775054.595999999903142, 4481895.074999999254942 ], [ 775056.776999999769032, 4481892.391000000759959 ], [ 775058.34499999973923, 4481890.356000000610948 ], [ 775060.398000000044703, 4481887.940999999642372 ], [ 775062.70299999974668, 4481885.227 ], [ 775065.332999999634922, 4481882.598999999463558 ], [ 775069.197999999858439, 4481876.948999999091029 ], [ 775073.191999999806285, 4481872.812000000849366 ], [ 775076.980000000447035, 4481868.795 ], [ 775079.916000000201166, 4481866.26799999922514 ], [ 775085.324000000022352, 4481861.256999999284744 ], [ 775090.502000000327826, 4481857.024000000208616 ], [ 775098.410000000149012, 4481851.553999999538064 ], [ 775104.247999999672174, 4481846.815999999642372 ], [ 775113.287999999709427, 4481840.003000000491738 ], [ 775120.632000000216067, 4481833.507999999448657 ], [ 775128.099000000394881, 4481828.559000000357628 ], [ 775132.67200000025332, 4481825.347999999299645 ], [ 775138.173999999649823, 4481819.859999999403954 ], [ 775144.052000000141561, 4481816.028000000864267 ], [ 775151.510999999940395, 4481811.23200000077486 ], [ 775155.665000000037253, 4481807.88399999961257 ], [ 775157.527999999932945, 4481806.014000000432134 ], [ 775159.851999999955297, 4481803.286000000312924 ], [ 775162.486999999731779, 4481799.895999999716878 ], [ 775164.473000000230968, 4481796.74100000038743 ], [ 775167.864000000059605, 4481790.879000000655651 ], [ 775170.166000000201166, 4481788.079 ], [ 775174.183000000193715, 4481784.218000000342727 ], [ 775177.101999999955297, 4481781.585999999195337 ], [ 775181.052000000141561, 4481778.561000000685453 ], [ 775183.78000000026077, 4481775.745999999344349 ], [ 775187.365000000223517, 4481772.46000000089407 ], [ 775190.70299999974668, 4481769.234999999403954 ], [ 775194.743999999947846, 4481765.852 ], [ 775197.817999999970198, 4481763.312999999150634 ], [ 775200.24199999962002, 4481761.33 ], [ 775205.637000000104308, 4481756.709000000730157 ], [ 775207.408999999985099, 4481755.198000000789762 ], [ 775210.389000000432134, 4481752.084000000730157 ], [ 775213.533999999985099, 4481748.996999999508262 ], [ 775217.481999999843538, 4481745.564999999478459 ], [ 775221.439000000245869, 4481741.862999999895692 ], [ 775223.648000000044703, 4481739.744999999180436 ], [ 775227.031000000424683, 4481736.86600000038743 ], [ 775231.644999999552965, 4481732.98200000077486 ], [ 775236.001000000163913, 4481729.023 ], [ 775238.650999999605119, 4481726.059000000357628 ], [ 775241.58600000012666, 4481722.599999999627471 ], [ 775241.955000000074506, 4481722.099999999627471 ], [ 775243.006000000052154, 4481720.845000000670552 ], [ 775249.775000000372529, 4481714.969000000506639 ], [ 775252.599999999627471, 4481712.813999999314547 ], [ 775256.188000000081956, 4481710.342000000178814 ], [ 775257.298000000417233, 4481709.248999999836087 ], [ 775263.696000000461936, 4481704.721999999135733 ], [ 775272.88300000037998, 4481699.204 ], [ 775281.00800000037998, 4481694.277000000700355 ], [ 775289.440999999642372, 4481688.80599999986589 ], [ 775296.292999999597669, 4481683.775000000372529 ], [ 775302.07799999974668, 4481679.369000000879169 ], [ 775309.286999999545515, 4481673.495999999344349 ], [ 775312.661999999545515, 4481670.925000000745058 ], [ 775313.985999999567866, 4481670.244999999180436 ], [ 775315.442999999970198, 4481669.026000000536442 ], [ 775317.334999999962747, 4481666.398 ], [ 775318.618999999947846, 4481662.864 ], [ 775320.273000000044703, 4481660.353000000119209 ], [ 775322.688000000081956, 4481657.074999999254942 ], [ 775326.56900000013411, 4481652.513000000268221 ], [ 775330.946000000461936, 4481647.262000000104308 ], [ 775335.332000000402331, 4481643.064999999478459 ], [ 775342.42200000025332, 4481636.464999999850988 ], [ 775345.972000000067055, 4481633.971000000834465 ], [ 775349.328999999910593, 4481631.854000000283122 ], [ 775353.067999999970198, 4481630.016000000759959 ], [ 775356.843999999575317, 4481628.150000000372529 ], [ 775359.223000000230968, 4481626.66499999910593 ], [ 775361.259999999776483, 4481625.312999999150634 ], [ 775363.934000000357628, 4481622.668999999761581 ], [ 775365.980000000447035, 4481620.369000000879169 ], [ 775366.995000000111759, 4481618.71000000089407 ], [ 775368.474999999627471, 4481617.120999999344349 ], [ 775369.207000000402331, 4481615.876000000163913 ], [ 775370.20299999974668, 4481611.671 ], [ 775371.428999999538064, 4481608.739 ], [ 775372.873999999836087, 4481606.264000000432134 ], [ 775374.88300000037998, 4481602.755000000819564 ], [ 775380.294999999925494, 4481592.593000000342727 ], [ 775383.122999999672174, 4481587.157999999821186 ], [ 775386.786000000312924, 4481581.698000000789762 ], [ 775388.688000000081956, 4481579.445000000298023 ], [ 775396.292000000365078, 4481570.142000000923872 ], [ 775399.877999999560416, 4481565.856000000610948 ], [ 775402.618999999947846, 4481562.104000000283122 ], [ 775405.817999999970198, 4481558.131999999284744 ], [ 775408.995000000111759, 4481554.412000000476837 ], [ 775413.709999999962747, 4481549.381999999284744 ], [ 775417.746000000275671, 4481546.148 ], [ 775421.86699999962002, 4481542.911000000312924 ], [ 775426.245000000111759, 4481538.983999999240041 ], [ 775434.235999999567866, 4481528.367000000551343 ], [ 775438.384999999776483, 4481522.607999999076128 ], [ 775441.662999999709427, 4481517.66499999910593 ], [ 775449.842000000178814, 4481506.143999999389052 ], [ 775457.158999999985099, 4481497.17200000025332 ], [ 775463.939000000245869, 4481488.829 ], [ 775467.611999999731779, 4481485.861999999731779 ], [ 775471.24100000038743, 4481482.957000000402331 ], [ 775476.949000000022352, 4481478.756999999284744 ], [ 775484.938000000081956, 4481472.496999999508262 ], [ 775489.394999999552965, 4481469.277000000700355 ], [ 775493.212000000290573, 4481466.144999999552965 ], [ 775497.481999999843538, 4481462.150000000372529 ], [ 775501.315999999642372, 4481457.682 ], [ 775507.070000000298023, 4481451.064999999478459 ], [ 775511.537999999709427, 4481446.099999999627471 ], [ 775514.733, 4481443.042999999597669 ], [ 775517.53000000026077, 4481441.045 ], [ 775523.580000000074506, 4481437.829 ], [ 775528.724000000394881, 4481434.66300000064075 ], [ 775533.242999999783933, 4481431.485999999567866 ], [ 775537.918999999761581, 4481428.16300000064075 ], [ 775542.248999999836087, 4481423.769999999552965 ], [ 775546.259999999776483, 4481419.14299999922514 ], [ 775549.821000000461936, 4481414.345000000670552 ], [ 775553.712000000290573, 4481409.834000000730157 ], [ 775560.542000000365078, 4481402.278000000864267 ], [ 775563.139299999922514, 4481399.160399999469519 ], [ 775564.150999999605119, 4481397.946000000461936 ], [ 775567.80599999986589, 4481393.875 ], [ 775570.860000000335276, 4481391.186000000685453 ], [ 775580.156999999657273, 4481382.346000000834465 ], [ 775584.445000000298023, 4481378.455 ], [ 775586.38399999961257, 4481376.852 ], [ 775589.34499999973923, 4481373.995999999344349 ], [ 775591.07799999974668, 4481374.752000000327826 ], [ 775593.740000000223517, 4481375.529999999329448 ], [ 775598.456000000238419, 4481375.061000000685453 ], [ 775600.418999999761581, 4481374.528999999165535 ], [ 775602.787999999709427, 4481375.671 ], [ 775603.351999999955297, 4481375.91499999910593 ], [ 775605.022099999710917, 4481376.637499999254942 ], [ 775606.415000000037253, 4481377.240000000223517 ], [ 775611.122999999672174, 4481377.719000000506639 ], [ 775614.54700000025332, 4481378.614 ], [ 775621.678999999538064, 4481379.869000000879169 ], [ 775625.88300000037998, 4481380.542999999597669 ], [ 775631.889999999664724, 4481380.50899999961257 ], [ 775636.178999999538064, 4481380.060000000521541 ], [ 775640.595999999903142, 4481380.223999999463558 ], [ 775653.15500000026077, 4481381.695000000298023 ], [ 775659.740000000223517, 4481382.528999999165535 ], [ 775666.506000000052154, 4481382.964999999850988 ], [ 775673.349000000394881, 4481382.227 ], [ 775676.927000000141561, 4481382.331000000238419 ], [ 775680.169999999925494, 4481380.739 ], [ 775681.253999999724329, 4481378.853000000119209 ], [ 775679.722000000067055, 4481378.449999999254942 ], [ 775677.665000000037253, 4481379.934000000357628 ], [ 775676.746000000275671, 4481380.404999999329448 ], [ 775675.998999999836087, 4481380.188999999314547 ], [ 775675.934999999590218, 4481379.382999999448657 ], [ 775676.185999999754131, 4481378.403999999165535 ], [ 775675.667000000365078, 4481377.018999999389052 ], [ 775674.265999999828637, 4481376.313999999314547 ], [ 775673.048999999649823, 4481375.620999999344349 ], [ 775671.978000000119209, 4481374.525000000372529 ], [ 775671.393000000156462, 4481372.689999999478459 ], [ 775670.36699999962002, 4481370.855000000447035 ], [ 775668.037999999709427, 4481369.568 ], [ 775666.207999999634922, 4481369.561000000685453 ], [ 775664.382000000216067, 4481368.639000000432134 ], [ 775663.012000000104308, 4481367.61600000038743 ], [ 775660.956000000238419, 4481367.981000000610948 ], [ 775659.429999999701977, 4481368.619999999180436 ], [ 775646.481999999843538, 4481367.007999999448657 ], [ 775646.326000000350177, 4481365.769999999552965 ], [ 775646.33600000012666, 4481363.747999999672174 ], [ 775647.875, 4481361.58 ], [ 775648.917999999597669, 4481360.11600000038743 ], [ 775650.092000000178814, 4481357.188999999314547 ], [ 775650.023000000044703, 4481355.08699999935925 ], [ 775648.96999999973923, 4481352.79700000025332 ], [ 775647.365000000223517, 4481351.326999999582767 ], [ 775645.398000000044703, 4481351.049000000581145 ], [ 775644.38399999961257, 4481352.869000000879169 ], [ 775643.950000000186265, 4481353.824999999254942 ], [ 775641.701000000350177, 4481355.996999999508262 ], [ 775639.175999999977648, 4481358.537000000476837 ], [ 775637.921000000089407, 4481360.171 ], [ 775636.932000000029802, 4481361.284 ], [ 775635.803999999538064, 4481362.92200000025332 ], [ 775635.171000000089407, 4481365.599999999627471 ], [ 775605.564199999906123, 4481361.915200000628829 ], [ 775603.875, 4481361.705 ], [ 775534.095999999903142, 4481353.018999999389052 ], [ 775543.040000000037253, 4481327.275000000372529 ], [ 775545.912999999709427, 4481327.730000000447035 ], [ 775604.86699999962002, 4481334.767000000923872 ], [ 775606.556300000287592, 4481334.968699999153614 ], [ 775613.072999999858439, 4481335.746999999508262 ], [ 775613.887000000104308, 4481337.675000000745058 ], [ 775614.757000000216067, 4481340.393999999389052 ], [ 775615.371000000275671, 4481342.636 ], [ 775616.111999999731779, 4481344.655999999493361 ], [ 775616.871000000275671, 4481346.736999999731779 ], [ 775617.707999999634922, 4481348.71199999935925 ], [ 775618.716000000014901, 4481350.082000000402331 ], [ 775619.96999999973923, 4481350.58 ], [ 775621.531000000424683, 4481350.031999999657273 ], [ 775623.087000000290573, 4481348.255000000819564 ], [ 775624.274000000208616, 4481345.785000000149012 ], [ 775624.69400000013411, 4481344.107999999076128 ], [ 775624.826999999582767, 4481342.332000000402331 ], [ 775625.082999999634922, 4481340.648 ], [ 775625.737999999895692, 4481337.25899999961257 ], [ 775662.782999999821186, 4481341.679999999701977 ], [ 775665.656999999657273, 4481340.45299999974668 ], [ 775666.345999999903142, 4481339.268999999389052 ], [ 775666.928700000047684, 4481338.8445999994874 ], [ 775667.917999999597669, 4481338.123999999836087 ], [ 775668.928000000305474, 4481337.344000000506639 ], [ 775669.733, 4481337.129000000655651 ], [ 775670.96100000012666, 4481337.498999999836087 ], [ 775671.650999999605119, 4481338.868000000715256 ], [ 775673.365000000223517, 4481340.459000000730157 ], [ 775676.174999999813735, 4481341.098999999463558 ], [ 775678.264000000432134, 4481340.619000000879169 ], [ 775679.896999999880791, 4481338.443 ], [ 775679.012000000104308, 4481336.494999999180436 ], [ 775678.434999999590218, 4481335.301999999210238 ], [ 775678.985999999567866, 4481334.365000000223517 ], [ 775678.928000000305474, 4481330.904999999329448 ], [ 775676.622000000439584, 4481329.322000000625849 ], [ 775673.809999999590218, 4481328.659 ], [ 775670.934999999590218, 4481328.426999999210238 ], [ 775668.95299999974668, 4481328.125 ], [ 775667.74199999962002, 4481327.630999999120831 ], [ 775665.42200000025332, 4481326.895999999716878 ], [ 775663.364000000059605, 4481326.440999999642372 ], [ 775659.978000000119209, 4481326.300000000745058 ], [ 775656.183000000193715, 4481325.638000000268221 ], [ 775651.781000000424683, 4481324.764000000432134 ], [ 775648.411000000312924, 4481324.096000000834465 ], [ 775645.752000000327826, 4481324.057 ], [ 775642.615000000223517, 4481324.089999999850988 ], [ 775638.139000000432134, 4481324.179999999701977 ], [ 775634.046000000089407, 4481323.656999999657273 ], [ 775629.440999999642372, 4481322.887000000104308 ], [ 775626.502000000327826, 4481322.869999999180436 ], [ 775622.389999999664724, 4481322.696000000461936 ], [ 775618.877999999560416, 4481322.177999999374151 ], [ 775609.373999999836087, 4481321.24100000038743 ], [ 775608.858, 4481316.523 ], [ 775607.519799999892712, 4481308.794399999082088 ], [ 775606.42200000025332, 4481302.454 ], [ 775606.773000000044703, 4481299.93099999986589 ], [ 775607.417999999597669, 4481298.368000000715256 ], [ 775607.956899999640882, 4481296.929199999198318 ], [ 775608.13300000037998, 4481296.459000000730157 ], [ 775608.033499999903142, 4481294.847100000828505 ], [ 775607.040000000037253, 4481294.173000000417233 ], [ 775606.377000000327826, 4481293.790999999269843 ], [ 775605.762000000104308, 4481293.436000000685453 ], [ 775605.546000000089407, 4481292.183000000193715 ], [ 775606.310999999754131, 4481290.943 ], [ 775605.951999999582767, 4481289.735999999567866 ], [ 775606.451999999582767, 4481289.015000000596046 ], [ 775606.377999999560416, 4481287.274000000208616 ], [ 775605.605999999679625, 4481286.66499999910593 ], [ 775603.791000000201166, 4481285.558000000193715 ], [ 775603.360000000335276, 4481284.492000000551343 ], [ 775604.206000000238419, 4481283.722999999299645 ], [ 775606.307000000029802, 4481284.060000000521541 ], [ 775606.742999999783933, 4481283.83699999935925 ], [ 775607.74100000038743, 4481283.32799999974668 ], [ 775607.270999999716878, 4481281.849999999627471 ], [ 775606.82799999974668, 4481281.54700000025332 ], [ 775605.612999999895692, 4481280.716 ], [ 775603.326000000350177, 4481280.368000000715256 ], [ 775601.240000000223517, 4481279.93099999986589 ], [ 775600.316999999806285, 4481278.197000000625849 ], [ 775599.390999999828637, 4481275.818 ], [ 775600.002000000327826, 4481269.130000000819564 ], [ 775601.887000000104308, 4481261.094000000506639 ], [ 775603.865000000223517, 4481252.664000000804663 ], [ 775607.40500000026077, 4481242.996999999508262 ], [ 775608.338999999687076, 4481240.502000000327826 ], [ 775610.2193, 4481235.4814 ], [ 775613.489000000059605, 4481226.751000000163913 ], [ 775617.082000000402331, 4481217.516000000759959 ], [ 775623.411000000312924, 4481207.120999999344349 ], [ 775630.11699999962002, 4481197.597999999299645 ], [ 775631.632000000216067, 4481196.174000000581145 ], [ 775632.673000000417233, 4481195.784 ], [ 775633.751000000163913, 4481195.721999999135733 ], [ 775634.786000000312924, 4481195.721000000834465 ], [ 775637.495000000111759, 4481194.829 ], [ 775640.093999999575317, 4481193.072000000625849 ], [ 775641.50899999961257, 4481191.516000000759959 ], [ 775644.31900000013411, 4481187.737999999895692 ], [ 775645.83600000012666, 4481185.959000000730157 ], [ 775647.894999999552965, 4481183.717000000178814 ], [ 775649.831000000238419, 4481181.268999999389052 ], [ 775651.480999999679625, 4481179.509999999776483 ], [ 775655.610000000335276, 4481175.993000000715256 ], [ 775658.75800000037998, 4481174.418999999761581 ], [ 775661.167999999597669, 4481172.329 ], [ 775662.815999999642372, 4481169.653000000864267 ], [ 775663.924999999813735, 4481166.372999999672174 ], [ 775665.612999999895692, 4481161.802999999374151 ], [ 775668.811999999918044, 4481150.516000000759959 ], [ 775668.917000000365078, 4481147.714999999850988 ], [ 775669.949000000022352, 4481144.728000000119209 ], [ 775671.076999999582767, 4481141.195000000298023 ], [ 775671.03899999987334, 4481136.13399999961257 ], [ 775671.786999999545515, 4481131.494000000879169 ], [ 775672.957000000402331, 4481128.494000000879169 ], [ 775674.310999999754131, 4481125.622999999672174 ], [ 775676.484000000171363, 4481122.141000000759959 ], [ 775679.014000000432134, 4481118.304999999701977 ], [ 775682.769999999552965, 4481114.326999999582767 ], [ 775684.574000000022352, 4481113.013000000268221 ], [ 775686.764999999664724, 4481109.873999999836087 ], [ 775688.00800000037998, 4481106.256999999284744 ], [ 775689.122000000439584, 4481102.943 ], [ 775690.048999999649823, 4481099.856000000610948 ], [ 775691.514999999664724, 4481097.730000000447035 ], [ 775693.735999999567866, 4481096.460999999195337 ], [ 775697.054999999701977, 4481094.996999999508262 ], [ 775699.826000000350177, 4481094.266000000759959 ], [ 775701.746000000275671, 4481093.665999999269843 ], [ 775704.782999999821186, 4481091.464999999850988 ], [ 775707.349999999627471, 4481089.347999999299645 ], [ 775711.087000000290573, 4481085.265000000596046 ], [ 775712.985000000335276, 4481082.964999999850988 ], [ 775716.259999999776483, 4481079.255000000819564 ], [ 775718.565999999642372, 4481076.947000000625849 ], [ 775722.307000000029802, 4481074.339999999850988 ], [ 775724.684000000357628, 4481072.36600000038743 ], [ 775727.979000000283122, 4481071.066999999806285 ], [ 775732.28899999987334, 4481069.901000000536442 ], [ 775738.548999999649823, 4481067.816999999806285 ], [ 775741.393000000156462, 4481066.350999999791384 ], [ 775743.343999999575317, 4481065.312999999150634 ], [ 775744.820000000298023, 4481065.309000000357628 ], [ 775746.254999999888241, 4481066.282999999821186 ], [ 775748.372000000439584, 4481068.850999999791384 ], [ 775750.350999999791384, 4481071.668999999761581 ], [ 775752.334999999962747, 4481072.94400000013411 ], [ 775755.546000000089407, 4481072.565999999642372 ], [ 775758.264000000432134, 4481070.691999999806285 ], [ 775760.256000000052154, 4481067.403999999165535 ], [ 775761.262000000104308, 4481064.938999999314547 ], [ 775760.713999999687076, 4481061.5 ], [ 775760.195000000298023, 4481058.098999999463558 ], [ 775758.878999999724329, 4481053.309000000357628 ], [ 775757.575000000186265, 4481050.285000000149012 ], [ 775755.790000000037253, 4481048.92 ], [ 775754.428000000305474, 4481048.721000000834465 ], [ 775752.618999999947846, 4481047.641000000759959 ], [ 775752.298000000417233, 4481044.625 ], [ 775753.201999999582767, 4481041.58500000089407 ], [ 775754.707000000402331, 4481036.292999999597669 ], [ 775756.570000000298023, 4481030.645999999716878 ], [ 775760.162999999709427, 4481020.605000000447035 ], [ 775760.773000000044703, 4481017.487999999895692 ], [ 775762.058000000193715, 4481014.046 ], [ 775763.622000000439584, 4481010.900000000372529 ], [ 775772.379999999888241, 4480998.933000000193715 ], [ 775777.684999999590218, 4480999.823000000789762 ], [ 775787.020999999716878, 4480999.940999999642372 ], [ 775795.473000000230968, 4480999.040999999269843 ], [ 775813.110999999567866, 4480996.139000000432134 ], [ 775815.475999999791384, 4480995.75 ], [ 775815.283999999985099, 4480994.58500000089407 ], [ 775815.206000000238419, 4480994.110999999567866 ], [ 775795.25, 4480997.393999999389052 ], [ 775786.94400000013411, 4480998.278000000864267 ], [ 775777.833999999798834, 4480998.164000000804663 ], [ 775770.599000000394881, 4480996.949999999254942 ], [ 775762.260999999940395, 4480994.928999999538064 ], [ 775750.983, 4480990.509999999776483 ], [ 775739.043999999761581, 4480984.372999999672174 ], [ 775741.906999999657273, 4480979.24100000038743 ], [ 775740.649000000208616, 4480977.718000000342727 ], [ 775745.904000000096858, 4480967.531999999657273 ], [ 775747.213999999687076, 4480969.043999999761581 ], [ 775748.104000000283122, 4480967.484999999403954 ], [ 775759.161999999545515, 4480968.248999999836087 ], [ 775760.809999999590218, 4480967.880000000819564 ], [ 775762.15500000026077, 4480967.501000000163913 ], [ 775762.924999999813735, 4480967.342000000178814 ], [ 775763.588000000454485, 4480967.676999999210238 ], [ 775763.78899999987334, 4480968.504000000655651 ], [ 775775.382000000216067, 4480969.935000000521541 ], [ 775776.918999999761581, 4480970.123999999836087 ], [ 775785.475999999791384, 4480970.887000000104308 ], [ 775790.831000000238419, 4480970.926000000908971 ], [ 775791.995000000111759, 4480979.410000000149012 ], [ 775794.650000000372529, 4480980.39299999922514 ], [ 775796.763000000268221, 4480980.21000000089407 ], [ 775798.626000000163913, 4480979.652000000700355 ], [ 775799.80599999986589, 4480979.130000000819564 ], [ 775800.794999999925494, 4480978.512000000104308 ], [ 775801.120000000111759, 4480977.91499999910593 ], [ 775800.671000000089407, 4480977.391000000759959 ], [ 775801.599999999627471, 4480976.492000000551343 ], [ 775803.765999999828637, 4480975.146999999880791 ], [ 775805.855000000447035, 4480976.165999999269843 ], [ 775807.067999999970198, 4480976.921 ], [ 775808.178000000305474, 4480977.219000000506639 ], [ 775809.734000000171363, 4480977.481000000610948 ], [ 775812.566999999806285, 4480977.710999999195337 ], [ 775813.179999999701977, 4480977.698999999091029 ], [ 775813.902999999932945, 4480977.161000000312924 ], [ 775814.546000000089407, 4480976.593000000342727 ], [ 775814.730000000447035, 4480975.80599999986589 ], [ 775810.701000000350177, 4480971.466 ], [ 775805.821999999694526, 4480967.136 ], [ 775800.74199999962002, 4480963.846999999135733 ], [ 775795.362999999895692, 4480959.92 ], [ 775791.584999999962747, 4480957.536000000312924 ], [ 775791.724999999627471, 4480956.462999999523163 ], [ 775791.128999999724329, 4480954.628000000491738 ], [ 775789.896999999880791, 4480952.615000000223517 ], [ 775789.229000000283122, 4480951.040999999269843 ], [ 775789.059999999590218, 4480949.302999999374151 ], [ 775787.938000000081956, 4480947.001000000163913 ], [ 775787.536799999885261, 4480946.2467 ], [ 775786.900999999605119, 4480945.051000000908971 ], [ 775787.286000000312924, 4480943.581000000238419 ], [ 775788.634999999776483, 4480940.979000000283122 ], [ 775790.348000000230968, 4480937.159 ], [ 775791.474999999627471, 4480934.339999999850988 ], [ 775792.496000000275671, 4480931.655999999493361 ], [ 775793.972000000067055, 4480927.83500000089407 ], [ 775796.24100000038743, 4480924.16499999910593 ], [ 775798.061999999918044, 4480922.157999999821186 ], [ 775799.804399999789894, 4480921.273199999704957 ], [ 775800.939000000245869, 4480920.697000000625849 ], [ 775807.942999999970198, 4480918.975999999791384 ], [ 775809.276999999769032, 4480919.138000000268221 ], [ 775811.36699999962002, 4480919.92 ], [ 775815.257000000216067, 4480920.812999999150634 ], [ 775819.067999999970198, 4480921.201999999582767 ], [ 775824.053000000305474, 4480922.255999999120831 ], [ 775825.730000000447035, 4480922.162000000476837 ], [ 775825.17200000025332, 4480921.45299999974668 ], [ 775822.606999999843538, 4480920.668999999761581 ], [ 775818.92200000025332, 4480919.535000000149012 ], [ 775817.467000000178814, 4480918.932 ], [ 775816.236999999731779, 4480917.717000000178814 ], [ 775815.879999999888241, 4480916.679999999701977 ], [ 775816.38300000037998, 4480915.566999999806285 ], [ 775818.898000000044703, 4480914.375 ], [ 775821.730000000447035, 4480913.925000000745058 ], [ 775824.802000000141561, 4480913.561000000685453 ], [ 775828.86600000038743, 4480912.46000000089407 ], [ 775832.492999999783933, 4480911.092000000178814 ], [ 775834.009999999776483, 4480911.740000000223517 ], [ 775832.207999999634922, 4480915.003000000491738 ], [ 775830.589999999850988, 4480917.360999999567866 ], [ 775829.042999999597669, 4480919.576999999582767 ], [ 775829.339999999850988, 4480921.486999999731779 ], [ 775830.379999999888241, 4480923.879000000655651 ], [ 775831.667999999597669, 4480926.085999999195337 ], [ 775832.517, 4480926.43099999986589 ], [ 775834.395999999716878, 4480925.417999999597669 ], [ 775835.639000000432134, 4480924.225999999791384 ], [ 775837.605000000447035, 4480922.970000000670552 ], [ 775837.786999999545515, 4480921.149000000208616 ], [ 775839.81900000013411, 4480918.512000000104308 ], [ 775840.774000000208616, 4480917.21000000089407 ], [ 775840.495000000111759, 4480915.404999999329448 ], [ 775839.731999999843538, 4480913.902000000700355 ], [ 775839.543999999761581, 4480911.940999999642372 ], [ 775840.859000000171363, 4480910.725999999791384 ], [ 775842.157999999821186, 4480910.08500000089407 ], [ 775843.014999999664724, 4480909.21000000089407 ], [ 775842.502000000327826, 4480908.200999999418855 ], [ 775841.899000000208616, 4480906.993000000715256 ], [ 775841.783999999985099, 4480905.80599999986589 ], [ 775843.415000000037253, 4480907.640000000596046 ], [ 775844.970999999903142, 4480907.902000000700355 ], [ 775845.900000000372529, 4480905.849999999627471 ], [ 775845.843000000342727, 4480903.347999999299645 ], [ 775844.543999999761581, 4480901.68099999986589 ], [ 775841.666000000201166, 4480899.286000000312924 ], [ 775827.441999999806285, 4480895.096000000834465 ], [ 775815.78000000026077, 4480891.643999999389052 ], [ 775812.061999999918044, 4480889.696000000461936 ], [ 775809.268000000156462, 4480886.843000000342727 ], [ 775807.495000000111759, 4480884.435000000521541 ], [ 775806.144999999552965, 4480881.455 ], [ 775808.893000000156462, 4480881.004000000655651 ], [ 775808.893000000156462, 4480874.623999999836087 ], [ 775809.253999999724329, 4480870.410000000149012 ], [ 775809.373999999836087, 4480866.799000000581145 ], [ 775810.940000000409782, 4480860.058000000193715 ], [ 775813.588999999687076, 4480852.956000000238419 ], [ 775818.968999999575317, 4480844.138000000268221 ], [ 775831.156999999657273, 4480831.011 ], [ 775835.974000000394881, 4480825.892000000923872 ], [ 775840.351999999955297, 4480821.401000000536442 ], [ 775843.894000000320375, 4480817.940999999642372 ], [ 775847.583999999798834, 4480814.546 ], [ 775851.315000000409782, 4480811.393999999389052 ], [ 775853.769000000320375, 4480809.516000000759959 ], [ 775859.415000000037253, 4480805.46000000089407 ], [ 775861.313000000081956, 4480803.914000000804663 ], [ 775862.156000000424683, 4480803.125 ], [ 775862.933000000193715, 4480802.323999999091029 ], [ 775864.326999999582767, 4480800.699999999254942 ], [ 775867.900000000372529, 4480795.900000000372529 ], [ 775869.714999999850988, 4480793.67200000025332 ], [ 775871.020999999716878, 4480792.282999999821186 ], [ 775871.714999999850988, 4480791.620999999344349 ], [ 775872.441999999806285, 4480790.98200000077486 ], [ 775873.995000000111759, 4480789.757999999448657 ], [ 775875.68099999986589, 4480788.570000000298023 ], [ 775878.457000000402331, 4480786.775000000372529 ], [ 775881.492999999783933, 4480784.899000000208616 ], [ 775884.593000000342727, 4480783.092000000178814 ], [ 775886.580000000074506, 4480782.024000000208616 ], [ 775888.44400000013411, 4480781.125 ], [ 775890.224000000394881, 4480780.392000000923872 ], [ 775891.980000000447035, 4480779.808000000193715 ], [ 775893.771999999880791, 4480779.359999999403954 ], [ 775894.700000000186265, 4480779.188999999314547 ], [ 775895.661999999545515, 4480779.084000000730157 ], [ 775896.667000000365078, 4480779.082000000402331 ], [ 775897.723000000230968, 4480779.219000000506639 ], [ 775898.841000000014901, 4480779.531999999657273 ], [ 775900.029000000096858, 4480780.058000000193715 ], [ 775901.29700000025332, 4480780.832000000402331 ], [ 775902.654000000096858, 4480781.890000000596046 ], [ 775904.402999999932945, 4480783.96199999935925 ], [ 775905.574000000022352, 4480783.150000000372529 ], [ 775907.049999999813735, 4480780.602 ], [ 775907.849999999627471, 4480776.071000000461936 ], [ 775907.565999999642372, 4480771.992000000551343 ], [ 775907.481999999843538, 4480769.096000000834465 ], [ 775907.764000000432134, 4480767.28800000064075 ], [ 775908.674999999813735, 4480763.996999999508262 ], [ 775909.014000000432134, 4480761.450999999418855 ], [ 775909.269000000320375, 4480759.674000000581145 ], [ 775909.968000000342727, 4480756.655999999493361 ], [ 775911.877000000327826, 4480753.721999999135733 ], [ 775913.623999999836087, 4480750.847999999299645 ], [ 775916.081000000238419, 4480746.777000000700355 ], [ 775918.601999999955297, 4480742.951999999582767 ], [ 775920.652999999932945, 4480740.089999999850988 ], [ 775923.240000000223517, 4480737.277000000700355 ], [ 775927.033999999985099, 4480733.901000000536442 ], [ 775929.588000000454485, 4480732.967000000178814 ], [ 775931.558000000193715, 4480733.404999999329448 ], [ 775932.61600000038743, 4480734.483999999240041 ], [ 775933.765999999828637, 4480734.846000000834465 ], [ 775936.531999999657273, 4480733.640000000596046 ], [ 775939.132000000216067, 4480730.846000000834465 ], [ 775939.775999999605119, 4480729.196000000461936 ], [ 775940.612999999895692, 4480727.049000000581145 ], [ 775942.504999999888241, 4480724.009999999776483 ], [ 775943.408999999985099, 4480722.875 ], [ 775944.565000000409782, 4480721.64299999922514 ], [ 775944.950000000186265, 4480720.121999999508262 ], [ 775944.838000000454485, 4480718.526000000536442 ], [ 775943.96100000012666, 4480716.932 ], [ 775942.995000000111759, 4480714.813999999314547 ], [ 775942.253999999724329, 4480712.443 ], [ 775942.178000000305474, 4480709.611999999731779 ], [ 775942.878999999724329, 4480706.917999999597669 ], [ 775944.809000000357628, 4480704.292999999597669 ], [ 775947.052000000141561, 4480701.615000000223517 ], [ 775950.088999999687076, 4480698.412000000476837 ], [ 775956.906999999657273, 4480693.138000000268221 ], [ 775960.468999999575317, 4480691.051999999210238 ], [ 775964.527999999932945, 4480689.160000000149012 ], [ 775967.689000000245869, 4480688.370999999344349 ], [ 775970.003999999724329, 4480688.554999999701977 ], [ 775972.123999999836087, 4480689.677999999374151 ], [ 775973.013000000268221, 4480690.969000000506639 ], [ 775973.236999999731779, 4480692.394999999552965 ], [ 775973.134999999776483, 4480693.5 ], [ 775973.195000000298023, 4480694.221999999135733 ], [ 775974.884999999776483, 4480693.717000000178814 ], [ 775977.388000000268221, 4480690.229000000283122 ], [ 775978.290000000037253, 4480687.446000000461936 ], [ 775978.151999999769032, 4480685.573999999091029 ], [ 775978.286999999545515, 4480682.912000000476837 ], [ 775977.66399999987334, 4480680.219000000506639 ], [ 775976.046000000089407, 4480679.139000000432134 ], [ 775974.44400000013411, 4480678.843000000342727 ], [ 775973.156999999657273, 4480678.935000000521541 ], [ 775971.959999999962747, 4480679.43099999986589 ], [ 775971.017, 4480679.269999999552965 ], [ 775970.251000000163913, 4480677.947000000625849 ], [ 775970.265999999828637, 4480675.962999999523163 ], [ 775971.53899999987334, 4480672.082000000402331 ], [ 775974.326000000350177, 4480666.41300000064075 ], [ 775976.86699999962002, 4480661.012000000104308 ], [ 775978.311999999918044, 4480657.565999999642372 ], [ 775980.720999999903142, 4480653.587999999523163 ], [ 775983.08600000012666, 4480649.671 ], [ 775985.906999999657273, 4480646.213999999687076 ], [ 775988.174999999813735, 4480643.487999999895692 ], [ 775991.550999999977648, 4480639.623999999836087 ], [ 775994.74199999962002, 4480637.632999999448657 ], [ 775997.769000000320375, 4480635.498999999836087 ], [ 776000.196999999694526, 4480633.392000000923872 ], [ 776000.566999999806285, 4480631.653000000864267 ], [ 776007.101999999955297, 4480623.347999999299645 ], [ 776007.281000000424683, 4480621.065999999642372 ], [ 776017.686999999918044, 4480605.882999999448657 ], [ 776020.576999999582767, 4480603.083000000566244 ], [ 776022.112999999895692, 4480601.925000000745058 ], [ 776028.475999999791384, 4480601.286000000312924 ], [ 776033.974000000394881, 4480592.653000000864267 ], [ 776034.966000000014901, 4480591.028999999165535 ], [ 776035.84499999973923, 4480590.061000000685453 ], [ 776036.808000000193715, 4480589.087999999523163 ], [ 776037.86699999962002, 4480588.16300000064075 ], [ 776039.599000000394881, 4480586.832000000402331 ], [ 776042.226999999955297, 4480585.593000000342727 ], [ 776046.513000000268221, 4480580.859999999403954 ], [ 776047.25, 4480576.933000000193715 ], [ 776049.21999999973923, 4480574.884999999776483 ], [ 776052.439000000245869, 4480574.607999999076128 ], [ 776056.871000000275671, 4480572.943 ], [ 776060.826999999582767, 4480570.390000000596046 ], [ 776066.179999999701977, 4480566.811000000685453 ], [ 776072.652999999932945, 4480562.793999999761581 ], [ 776077.06900000013411, 4480559.785000000149012 ], [ 776081.792999999597669, 4480557.315999999642372 ], [ 776086.773000000044703, 4480554.512000000104308 ], [ 776089.00899999961257, 4480553.548000000417233 ], [ 776090.161999999545515, 4480553.112999999895692 ], [ 776090.940999999642372, 4480553.572000000625849 ], [ 776091.087000000290573, 4480554.612999999895692 ], [ 776091.146999999880791, 4480555.776000000536442 ], [ 776091.691999999806285, 4480556.759999999776483 ], [ 776092.900000000372529, 4480556.639000000432134 ], [ 776093.110000000335276, 4480556.042999999597669 ], [ 776092.974999999627471, 4480554.816999999806285 ], [ 776092.896999999880791, 4480553.548000000417233 ], [ 776093.610999999567866, 4480554.320000000298023 ], [ 776094.514000000432134, 4480555.187999999150634 ], [ 776095.189000000245869, 4480555.104000000283122 ], [ 776095.506000000052154, 4480554.253000000491738 ], [ 776094.951999999582767, 4480553.098999999463558 ], [ 776094.412999999709427, 4480551.521999999880791 ], [ 776094.025000000372529, 4480550.39299999922514 ], [ 776094.875, 4480549.945000000298023 ], [ 776097.55599999986589, 4480548.623999999836087 ], [ 776100.775000000372529, 4480547.112999999895692 ], [ 776106.642, 4480544.83500000089407 ], [ 776109.290000000037253, 4480544.070000000298023 ], [ 776112.248999999836087, 4480542.926999999210238 ], [ 776115.283999999985099, 4480541.403999999165535 ], [ 776117.830000000074506, 4480540.300000000745058 ], [ 776120.387000000104308, 4480538.56900000013411 ], [ 776122.642, 4480536.706000000238419 ], [ 776124.787999999709427, 4480535.218000000342727 ], [ 776126.308000000193715, 4480535.162000000476837 ], [ 776127.042000000365078, 4480535.800000000745058 ], [ 776127.96100000012666, 4480536.450999999418855 ], [ 776128.882000000216067, 4480537.423000000417233 ], [ 776127.941999999806285, 4480538.910000000149012 ], [ 776127.218999999575317, 4480540.412000000476837 ], [ 776126.83600000012666, 4480541.695000000298023 ], [ 776125.083999999798834, 4480543.159 ], [ 776123.826000000350177, 4480544.612999999895692 ], [ 776123.964999999850988, 4480545.925000000745058 ], [ 776124.661000000312924, 4480546.592000000178814 ], [ 776125.724999999627471, 4480546.074999999254942 ], [ 776127.273000000044703, 4480544.053999999538064 ], [ 776128.700000000186265, 4480542.388000000268221 ], [ 776129.667999999597669, 4480541.940999999642372 ], [ 776130.889000000432134, 4480541.398 ], [ 776132.529000000096858, 4480540.222999999299645 ], [ 776134.151999999769032, 4480538.38399999961257 ], [ 776136.731999999843538, 4480534.398 ], [ 776136.868999999947846, 4480532.940999999642372 ], [ 776136.610000000335276, 4480530.864 ], [ 776136.718999999575317, 4480528.486999999731779 ], [ 776137.150000000372529, 4480526.225999999791384 ], [ 776138.235999999567866, 4480523.014000000432134 ], [ 776139.96999999973923, 4480520.443 ], [ 776141.99199999962002, 4480517.662000000476837 ], [ 776145.190999999642372, 4480513.958000000566244 ], [ 776149.770999999716878, 4480509.32799999974668 ], [ 776151.843999999575317, 4480507.53999999910593 ], [ 776153.867999999783933, 4480505.523 ], [ 776155.468999999575317, 4480503.935000000521541 ], [ 776157.358, 4480502.576999999582767 ], [ 776158.412999999709427, 4480502.448999999091029 ], [ 776159.523000000044703, 4480502.517000000923872 ], [ 776160.887000000104308, 4480501.485999999567866 ], [ 776161.41399999987334, 4480500.481000000610948 ], [ 776161.510999999940395, 4480498.847999999299645 ], [ 776162.214999999850988, 4480496.800000000745058 ], [ 776163.088000000454485, 4480493.979000000283122 ], [ 776164.603000000119209, 4480490.629000000655651 ], [ 776166.474999999627471, 4480487.604000000283122 ], [ 776167.541000000201166, 4480484.966 ], [ 776169.117999999783933, 4480482.42200000025332 ], [ 776171.90500000026077, 4480478.638000000268221 ], [ 776173.709999999962747, 4480476.605000000447035 ], [ 776176.307000000029802, 4480473.724999999627471 ], [ 776179.256000000052154, 4480470.322000000625849 ], [ 776181.474999999627471, 4480467.25 ], [ 776184.037999999709427, 4480463.48200000077486 ], [ 776187.561999999918044, 4480458.095000000670552 ], [ 776190.593000000342727, 4480453.159 ], [ 776192.91399999987334, 4480450.304999999701977 ], [ 776194.588000000454485, 4480448.574999999254942 ], [ 776200.941999999806285, 4480443.673000000417233 ], [ 776202.332000000402331, 4480444.242000000551343 ], [ 776203.34499999973923, 4480444.058000000193715 ], [ 776205.126000000163913, 4480443.515000000596046 ], [ 776207.379999999888241, 4480442.212999999523163 ], [ 776209.371000000275671, 4480440.632999999448657 ], [ 776210.767, 4480439.165999999269843 ], [ 776211.916000000201166, 4480437.201999999582767 ], [ 776212.699000000022352, 4480433.857999999076128 ], [ 776214.343000000342727, 4480432.76799999922514 ], [ 776216.95299999974668, 4480431.028999999165535 ], [ 776219.707000000402331, 4480428.563999999314547 ], [ 776221.242999999783933, 4480426.404999999329448 ], [ 776222.036999999545515, 4480423.436000000685453 ], [ 776222.451999999582767, 4480421.393999999389052 ], [ 776223.156000000424683, 4480419.345000000670552 ], [ 776224.537999999709427, 4480415.973999999463558 ], [ 776225.713999999687076, 4480413.725999999791384 ], [ 776228.820000000298023, 4480409.854000000283122 ], [ 776230.67200000025332, 4480408.28800000064075 ], [ 776233.390999999828637, 4480407.498999999836087 ], [ 776235.773000000044703, 4480407.132999999448657 ], [ 776238.320000000298023, 4480406.470000000670552 ], [ 776240.264000000432134, 4480405.187999999150634 ], [ 776242.890999999828637, 4480402.834000000730157 ], [ 776248.320000000298023, 4480396.150000000372529 ], [ 776249.146999999880791, 4480394.666999999433756 ], [ 776251.428999999538064, 4480390.834000000730157 ], [ 776253.154000000096858, 4480388.49100000038743 ], [ 776255.50899999961257, 4480386.246999999508262 ], [ 776259.466000000014901, 4480383.42200000025332 ], [ 776261.527999999932945, 4480382.184000000357628 ], [ 776261.837000000290573, 4480381.401000000536442 ], [ 776261.379999999888241, 4480380.854000000283122 ], [ 776260.139999999664724, 4480380.64299999922514 ], [ 776258.497999999672174, 4480380.723999999463558 ], [ 776256.416000000201166, 4480380.364 ], [ 776254.048999999649823, 4480379.653000000864267 ], [ 776251.791000000201166, 4480379.332000000402331 ], [ 776250.149000000208616, 4480379.414000000804663 ], [ 776249.076000000350177, 4480379.873999999836087 ], [ 776248.207999999634922, 4480380.535000000149012 ], [ 776249.373999999836087, 4480378.834000000730157 ], [ 776251.355000000447035, 4480377.244000000879169 ], [ 776252.635999999940395, 4480376.868000000715256 ], [ 776253.512000000104308, 4480377.345000000670552 ], [ 776254.447999999858439, 4480377.542999999597669 ], [ 776256.037999999709427, 4480376.824999999254942 ], [ 776256.923999999649823, 4480376.91300000064075 ], [ 776258.158999999985099, 4480377.802999999374151 ], [ 776259.06900000013411, 4480377.844000000506639 ], [ 776261.78000000026077, 4480376.572000000625849 ], [ 776263.041000000201166, 4480374.92 ], [ 776265.796000000089407, 4480369.802999999374151 ], [ 776266.447999999858439, 4480367.596999999135733 ], [ 776267.410000000149012, 4480365.574999999254942 ], [ 776268.503999999724329, 4480363.693 ], [ 776270.207000000402331, 4480361.924000000581145 ], [ 776273.112999999895692, 4480359.630000000819564 ], [ 776279.228000000119209, 4480353.325999999418855 ], [ 776282.658999999985099, 4480350.826999999582767 ], [ 776286.256000000052154, 4480347.588999999687076 ], [ 776291.218000000342727, 4480343.446000000461936 ], [ 776294.185999999754131, 4480340.432 ], [ 776296.86699999962002, 4480337.950999999418855 ], [ 776300.123999999836087, 4480335.254000000655651 ], [ 776304.519000000320375, 4480332.346999999135733 ], [ 776308.603000000119209, 4480329.898 ], [ 776311.125, 4480328.648 ], [ 776312.223000000230968, 4480328.28999999910593 ], [ 776313.313000000081956, 4480329.388000000268221 ], [ 776318.576999999582767, 4480334.560000000521541 ], [ 776325.729000000283122, 4480342.521999999880791 ], [ 776328.087000000290573, 4480345.234999999403954 ], [ 776329.349000000394881, 4480346.926000000908971 ], [ 776330.392, 4480347.632999999448657 ], [ 776331.725999999791384, 4480348.216 ], [ 776331.851999999955297, 4480349.034 ], [ 776332.338000000454485, 4480350.264000000432134 ], [ 776333.201000000350177, 4480350.280999999493361 ], [ 776333.502000000327826, 4480351.176999999210238 ], [ 776334.495000000111759, 4480352.74100000038743 ], [ 776335.343000000342727, 4480352.85700000077486 ], [ 776336.25, 4480352.050000000745058 ], [ 776337.381000000052154, 4480352.958000000566244 ], [ 776338.122999999672174, 4480354.5 ], [ 776339.025000000372529, 4480355.13399999961257 ], [ 776340.350999999791384, 4480354.255000000819564 ], [ 776341.143000000156462, 4480353.209000000730157 ], [ 776343.235000000335276, 4480355.997999999672174 ], [ 776344.593999999575317, 4480357.501000000163913 ], [ 776345.246000000275671, 4480357.67200000025332 ], [ 776345.96100000012666, 4480356.036000000312924 ], [ 776345.321999999694526, 4480354.916999999433756 ], [ 776342.144000000320375, 4480352.568 ], [ 776342.048999999649823, 4480351.873999999836087 ], [ 776342.917000000365078, 4480351.857999999076128 ], [ 776343.53000000026077, 4480350.766000000759959 ], [ 776343.067999999970198, 4480349.165999999269843 ], [ 776342.029000000096858, 4480347.458000000566244 ], [ 776341.519000000320375, 4480346.275000000372529 ], [ 776340.652999999932945, 4480345.409 ], [ 776339.129999999888241, 4480344.405999999493361 ], [ 776338.313000000081956, 4480342.801000000908971 ], [ 776337.514999999664724, 4480341.505000000819564 ], [ 776336.33600000012666, 4480341.014000000432134 ], [ 776335.129999999888241, 4480339.721999999135733 ], [ 776333.867999999783933, 4480338.353000000119209 ], [ 776331.701999999582767, 4480336.909 ], [ 776329.315000000409782, 4480334.599999999627471 ], [ 776327.38399999961257, 4480332.191999999806285 ], [ 776324.985000000335276, 4480329.744000000879169 ], [ 776322.149000000208616, 4480327.262000000104308 ], [ 776312.468999999575317, 4480317.679999999701977 ], [ 776306.300999999977648, 4480311.265000000596046 ], [ 776306.879999999888241, 4480308.649000000208616 ], [ 776308.168999999761581, 4480305.627000000327826 ], [ 776309.690999999642372, 4480302.962999999523163 ], [ 776311.919999999925494, 4480300.224999999627471 ], [ 776314.326999999582767, 4480297.649000000208616 ], [ 776316.855999999679625, 4480295.161000000312924 ], [ 776319.684999999590218, 4480292.778999999165535 ], [ 776322.476999999955297, 4480289.627000000327826 ], [ 776323.550999999977648, 4480287.75899999961257 ], [ 776324.995000000111759, 4480284.505999999120831 ], [ 776326.695000000298023, 4480280.92 ], [ 776326.56900000013411, 4480278.69400000013411 ], [ 776326.707000000402331, 4480276.949999999254942 ], [ 776327.052000000141561, 4480275.290999999269843 ], [ 776327.821000000461936, 4480273.528000000864267 ], [ 776328.541000000201166, 4480272.621999999508262 ], [ 776330.082000000402331, 4480272.321000000461936 ], [ 776331.678999999538064, 4480272.418999999761581 ], [ 776332.283999999985099, 4480273.21000000089407 ], [ 776333.049999999813735, 4480273.41499999910593 ], [ 776333.718000000342727, 4480271.755000000819564 ], [ 776333.076000000350177, 4480269.142000000923872 ], [ 776333.714999999850988, 4480267.120999999344349 ], [ 776334.439000000245869, 4480265.858999999240041 ], [ 776333.677000000141561, 4480265.095000000670552 ], [ 776334.049999999813735, 4480263.472999999299645 ], [ 776333.782999999821186, 4480262.904999999329448 ], [ 776333.315000000409782, 4480262.424000000581145 ], [ 776333.599000000394881, 4480261.483999999240041 ], [ 776335.093000000342727, 4480260.394999999552965 ], [ 776337.536000000312924, 4480258.350999999791384 ], [ 776340.111999999731779, 4480255.887000000104308 ], [ 776342.786000000312924, 4480253.234999999403954 ], [ 776345.275999999605119, 4480251.539000000804663 ], [ 776347.868999999947846, 4480250.587999999523163 ], [ 776350.262000000104308, 4480249.723999999463558 ], [ 776352.559999999590218, 4480248.490000000223517 ], [ 776354.291000000201166, 4480247.199999999254942 ], [ 776357.565999999642372, 4480243.198999999091029 ], [ 776358.742999999783933, 4480241.108999999240041 ], [ 776359.916000000201166, 4480238.610999999567866 ], [ 776359.775999999605119, 4480236.688999999314547 ], [ 776359.843999999575317, 4480234.204 ], [ 776360.083999999798834, 4480232.240000000223517 ], [ 776361.256000000052154, 4480230.183000000193715 ], [ 776361.63300000037998, 4480228.646999999880791 ], [ 776361.759999999776483, 4480226.970000000670552 ], [ 776362.25, 4480225.468000000342727 ], [ 776363.40500000026077, 4480224.596999999135733 ], [ 776364.408999999985099, 4480224.041999999433756 ], [ 776364.341000000014901, 4480223.505000000819564 ], [ 776363.945000000298023, 4480222.237999999895692 ], [ 776364.076000000350177, 4480220.645999999716878 ], [ 776364.838999999687076, 4480219.034 ], [ 776365.842000000178814, 4480217.834000000730157 ], [ 776367.526999999769032, 4480216.606000000610948 ], [ 776369.714999999850988, 4480218.695000000298023 ], [ 776373.785000000149012, 4480220.012000000104308 ], [ 776378.455000000074506, 4480219.690999999642372 ], [ 776382.6705, 4480216.831800000742078 ], [ 776375.235999999567866, 4480217.198000000789762 ], [ 776371.81900000013411, 4480215.608999999240041 ], [ 776370.213999999687076, 4480214.07799999974668 ], [ 776367.787999999709427, 4480211.228000000119209 ], [ 776368.643000000156462, 4480209.719000000506639 ], [ 776369.559000000357628, 4480207.23200000077486 ], [ 776371.088000000454485, 4480204.739 ], [ 776373.570000000298023, 4480200.81900000013411 ], [ 776375.742999999783933, 4480197.679999999701977 ], [ 776378.139000000432134, 4480194.526000000536442 ], [ 776380.567999999970198, 4480192.141000000759959 ], [ 776383.400000000372529, 4480189.665999999269843 ], [ 776386.597000000067055, 4480187.247999999672174 ], [ 776388.998999999836087, 4480184.706000000238419 ], [ 776391.735000000335276, 4480181.012000000104308 ], [ 776393.394999999552965, 4480178.217000000178814 ], [ 776395.049999999813735, 4480174.487999999895692 ], [ 776396.317999999970198, 4480171.597999999299645 ], [ 776398.691999999806285, 4480168.371999999508262 ], [ 776400.341000000014901, 4480166.730000000447035 ], [ 776402.535000000149012, 4480165.83500000089407 ], [ 776404.233, 4480165.507999999448657 ], [ 776408.740000000223517, 4480164.043999999761581 ], [ 776410.870000000111759, 4480163.019999999552965 ], [ 776413.109000000171363, 4480161.301000000908971 ], [ 776415.509999999776483, 4480158.112999999895692 ], [ 776417.218999999575317, 4480155.54700000025332 ], [ 776420.595999999903142, 4480151.44400000013411 ], [ 776422.580000000074506, 4480149.293999999761581 ], [ 776425.316999999806285, 4480147.534 ], [ 776427.626000000163913, 4480146.233999999240041 ], [ 776430.101999999955297, 4480144.51799999922514 ], [ 776430.748999999836087, 4480142.990000000223517 ], [ 776431.063000000081956, 4480140.561000000685453 ], [ 776433.127000000327826, 4480137.355000000447035 ], [ 776434.549999999813735, 4480134.997999999672174 ], [ 776435.268000000156462, 4480133.447000000625849 ], [ 776435.387000000104308, 4480132.03999999910593 ], [ 776429.774000000208616, 4480128.766000000759959 ], [ 776429.473000000230968, 4480127.869999999180436 ], [ 776430.309999999590218, 4480125.676000000908971 ], [ 776431.536000000312924, 4480124.137000000104308 ], [ 776432.544999999925494, 4480124.19400000013411 ], [ 776433.342000000178814, 4480124.199999999254942 ], [ 776434.370000000111759, 4480123.275000000372529 ], [ 776435.417999999597669, 4480121.894999999552965 ], [ 776436.117999999783933, 4480120.68099999986589 ], [ 776441.135999999940395, 4480123.42200000025332 ], [ 776441.514999999664724, 4480122.088999999687076 ], [ 776442.519000000320375, 4480119.480000000447035 ], [ 776444.303999999538064, 4480115.568 ], [ 776446.120000000111759, 4480113.511 ], [ 776448.071999999694526, 4480112.323999999091029 ], [ 776452.459999999962747, 4480107.072000000625849 ], [ 776454.108, 4480105.225999999791384 ], [ 776455.598000000230968, 4480102.11600000038743 ], [ 776456.760999999940395, 4480099.244000000879169 ], [ 776458.131000000052154, 4480096.573999999091029 ], [ 776459.838999999687076, 4480094.126000000163913 ], [ 776463.605999999679625, 4480089.914000000804663 ], [ 776464.25, 4480088.946000000461936 ], [ 776464.326999999582767, 4480087.481000000610948 ], [ 776463.794999999925494, 4480086.549000000581145 ], [ 776463.156000000424683, 4480086.075999999418855 ], [ 776461.658999999985099, 4480086.315999999642372 ], [ 776460.275000000372529, 4480086.91300000064075 ], [ 776458.786999999545515, 4480087.528000000864267 ], [ 776456.984000000171363, 4480087.551000000908971 ], [ 776456.236999999731779, 4480086.364 ], [ 776456.74199999962002, 4480084.440999999642372 ], [ 776458.479000000283122, 4480082.354000000283122 ], [ 776460.599999999627471, 4480081.278000000864267 ], [ 776462.024000000208616, 4480081.502000000327826 ], [ 776463.859000000171363, 4480082.571000000461936 ], [ 776465.951999999582767, 4480083.833000000566244 ], [ 776467.360999999567866, 4480083.833000000566244 ], [ 776469.78899999987334, 4480082.856000000610948 ], [ 776471.525000000372529, 4480081.092000000178814 ], [ 776472.786999999545515, 4480078.355000000447035 ], [ 776473.523000000044703, 4480072.479000000283122 ], [ 776473.878999999724329, 4480066.204 ], [ 776473.768000000156462, 4480060.21199999935925 ], [ 776472.847000000067055, 4480053.753000000491738 ], [ 776472.24100000038743, 4480048.531999999657273 ], [ 776471.398000000044703, 4480046.005999999120831 ], [ 776470.205000000074506, 4480043.119999999180436 ], [ 776469.473000000230968, 4480041.188999999314547 ], [ 776469.46999999973923, 4480038.608999999240041 ], [ 776469.264999999664724, 4480036.676000000908971 ], [ 776468.235000000335276, 4480035.343000000342727 ], [ 776466.707999999634922, 4480034.255000000819564 ], [ 776466.065999999642372, 4480033.696000000461936 ], [ 776466.981999999843538, 4480032.939999999478459 ], [ 776468.093000000342727, 4480031.162000000476837 ], [ 776469.36699999962002, 4480028.88399999961257 ], [ 776469.696999999694526, 4480027.323999999091029 ], [ 776470.951999999582767, 4480023.651000000536442 ], [ 776472.495000000111759, 4480021.822000000625849 ], [ 776474.395999999716878, 4480019.880999999120831 ], [ 776475.84499999973923, 4480018.004000000655651 ], [ 776476.639999999664724, 4480018.450999999418855 ], [ 776477.581000000238419, 4480017.971000000834465 ], [ 776478.970999999903142, 4480016.254000000655651 ], [ 776480.921000000089407, 4480013.776000000536442 ], [ 776482.975999999791384, 4480010.959000000730157 ], [ 776482.751000000163913, 4480009.361999999731779 ], [ 776481.66399999987334, 4480008.393999999389052 ], [ 776480.75800000037998, 4480007.352 ], [ 776480.986399999819696, 4480006.283700000494719 ], [ 776481.203999999910593, 4480005.266000000759959 ], [ 776481.713000000454485, 4480005.160000000149012 ], [ 776482.524000000208616, 4480005.507999999448657 ], [ 776483.132000000216067, 4480006.824999999254942 ], [ 776483.825000000186265, 4480006.583000000566244 ], [ 776492.489000000059605, 4480010.745999999344349 ], [ 776498.828999999910593, 4480000.141000000759959 ], [ 776488.184999999590218, 4479994.426000000908971 ], [ 776488.303000000305474, 4479993.346000000834465 ], [ 776488.849999999627471, 4479991.157999999821186 ], [ 776489.939000000245869, 4479988.545 ], [ 776491.860000000335276, 4479985.824999999254942 ], [ 776493.81900000013411, 4479983.400000000372529 ], [ 776499.143000000156462, 4479977.05599999986589 ], [ 776501.753999999724329, 4479974.801000000908971 ], [ 776505.080000000074506, 4479971.675000000745058 ], [ 776508.088999999687076, 4479968.395999999716878 ], [ 776510.884999999776483, 4479965.186000000685453 ], [ 776513.838000000454485, 4479961.185000000521541 ], [ 776514.90500000026077, 4479959.790999999269843 ], [ 776515.911999999545515, 4479958.354000000283122 ], [ 776516.759999999776483, 4479957.706000000238419 ], [ 776517.777999999932945, 4479957.493000000715256 ], [ 776518.557000000029802, 4479957.393999999389052 ], [ 776518.974000000394881, 4479956.034 ], [ 776519.605999999679625, 4479954.927999999374151 ], [ 776520.843000000342727, 4479953.969000000506639 ], [ 776522.127000000327826, 4479953.032999999821186 ], [ 776522.341000000014901, 4479951.996999999508262 ], [ 776522.832999999634922, 4479950.699999999254942 ], [ 776524.553999999538064, 4479949.035000000149012 ], [ 776525.286999999545515, 4479948.471000000834465 ], [ 776525.46999999973923, 4479947.63399999961257 ], [ 776525.82799999974668, 4479946.434000000357628 ], [ 776526.787999999709427, 4479945.618000000715256 ], [ 776528.842000000178814, 4479943.886 ], [ 776530.169999999925494, 4479942.126000000163913 ], [ 776530.945000000298023, 4479940.652000000700355 ], [ 776532.175999999977648, 4479939.08 ], [ 776533.400999999605119, 4479938.304999999701977 ], [ 776534.233, 4479937.111999999731779 ], [ 776534.810999999754131, 4479936.132999999448657 ], [ 776536.031000000424683, 4479935.391000000759959 ], [ 776536.576000000350177, 4479934.730000000447035 ], [ 776537.111999999731779, 4479933.69400000013411 ], [ 776537.599000000394881, 4479932.429999999701977 ], [ 776538.40500000026077, 4479931.724999999627471 ], [ 776539.173000000417233, 4479931.811000000685453 ], [ 776539.582999999634922, 4479931.247999999672174 ], [ 776539.689000000245869, 4479930.467000000178814 ], [ 776540.463000000454485, 4479929.755999999120831 ], [ 776541.24199999962002, 4479929.657999999821186 ], [ 776541.99100000038743, 4479928.994999999180436 ], [ 776543.378999999724329, 4479927.396999999880791 ], [ 776544.19400000013411, 4479926.744000000879169 ], [ 776544.981999999843538, 4479926.052999999374151 ], [ 776545.442999999970198, 4479925.343000000342727 ], [ 776545.92200000025332, 4479924.605000000447035 ], [ 776546.583599999547005, 4479923.764599999412894 ], [ 776548.360000000335276, 4479921.507999999448657 ], [ 776550.127999999560416, 4479919.868000000715256 ], [ 776551.540000000037253, 4479918.503000000491738 ], [ 776552.723000000230968, 4479916.186000000685453 ], [ 776553.696999999694526, 4479915.468000000342727 ], [ 776555.339999999850988, 4479914.377000000327826 ], [ 776557.571000000461936, 4479912.763000000268221 ], [ 776559.976999999955297, 4479911.225999999791384 ], [ 776563.997000000439584, 4479908.559000000357628 ], [ 776567.481999999843538, 4479906.846000000834465 ], [ 776570.888000000268221, 4479904.984999999403954 ], [ 776574.315999999642372, 4479903.196000000461936 ], [ 776577.493999999947846, 4479901.386 ], [ 776584.678000000305474, 4479897.891000000759959 ], [ 776589.027999999932945, 4479896.072000000625849 ], [ 776592.910000000149012, 4479894.096999999135733 ], [ 776595.849000000394881, 4479892.403000000864267 ], [ 776601.50899999961257, 4479888.322000000625849 ], [ 776603.548999999649823, 4479887.407999999821186 ], [ 776605.525999999605119, 4479886.570000000298023 ], [ 776607.314000000245869, 4479885.195000000298023 ], [ 776608.826000000350177, 4479883.725999999791384 ], [ 776609.918999999761581, 4479880.887000000104308 ], [ 776610.400000000372529, 4479877.937999999150634 ], [ 776610.69400000013411, 4479875.096000000834465 ], [ 776611.473000000230968, 4479871.751000000163913 ], [ 776613.347000000067055, 4479867.451999999582767 ], [ 776616.446000000461936, 4479863.134999999776483 ], [ 776617.433000000193715, 4479861.434000000357628 ], [ 776619.123999999836087, 4479859.127000000327826 ], [ 776621.314000000245869, 4479856.216 ], [ 776624.283999999985099, 4479853.084000000730157 ], [ 776626.265999999828637, 4479851.092000000178814 ], [ 776627.957999999634922, 4479849.787000000476837 ], [ 776631.83600000012666, 4479846.487999999895692 ], [ 776638.665000000037253, 4479840.188999999314547 ], [ 776645.519000000320375, 4479834.16499999910593 ], [ 776656.49199999962002, 4479825.728000000119209 ], [ 776661.310999999754131, 4479822.94400000013411 ], [ 776665.074000000022352, 4479820.848999999463558 ], [ 776668.25899999961257, 4479819.32799999974668 ], [ 776671.70299999974668, 4479817.881999999284744 ], [ 776677.561999999918044, 4479815.06900000013411 ], [ 776685.074000000022352, 4479813.898 ], [ 776689.389999999664724, 4479813.754000000655651 ], [ 776693.048000000417233, 4479814.03800000064075 ], [ 776698.771999999880791, 4479814.802999999374151 ], [ 776701.606999999843538, 4479815.928999999538064 ], [ 776703.865000000223517, 4479817.273 ], [ 776705.557000000029802, 4479818.088999999687076 ], [ 776707.435999999754131, 4479818.237999999895692 ], [ 776709.076000000350177, 4479817.502000000327826 ], [ 776710.49199999962002, 4479815.662000000476837 ], [ 776714.150000000372529, 4479808.662000000476837 ], [ 776716.178999999538064, 4479804.573999999091029 ], [ 776718.571999999694526, 4479800.657999999821186 ], [ 776721.96100000012666, 4479795.653999999165535 ], [ 776728.95299999974668, 4479784.69400000013411 ], [ 776730.50899999961257, 4479781.484999999403954 ], [ 776733.20299999974668, 4479777.81900000013411 ], [ 776735.742999999783933, 4479775.062999999150634 ], [ 776739.169999999925494, 4479771.83 ], [ 776744.50800000037998, 4479767.189999999478459 ], [ 776749.667000000365078, 4479762.829 ], [ 776751.794999999925494, 4479760.553999999538064 ], [ 776758.906000000424683, 4479754.51799999922514 ], [ 776762.966000000014901, 4479751.58500000089407 ], [ 776767.347000000067055, 4479748.888000000268221 ], [ 776769.438000000081956, 4479747.525000000372529 ], [ 776782.638000000268221, 4479740.187999999150634 ], [ 776791.683000000193715, 4479736.737999999895692 ], [ 776806.54700000025332, 4479729.5 ], [ 776811.087000000290573, 4479727.218000000342727 ], [ 776816.501000000163913, 4479724.201999999582767 ], [ 776822.244099999777973, 4479720.812100000679493 ], [ 776825.95299999974668, 4479718.622999999672174 ], [ 776829.861999999731779, 4479717.365000000223517 ], [ 776833.787999999709427, 4479716.771999999880791 ], [ 776845.574000000022352, 4479715.401000000536442 ], [ 776849.767, 4479714.847999999299645 ], [ 776852.485000000335276, 4479713.935000000521541 ], [ 776855.254999999888241, 4479712.573000000789762 ], [ 776859.328999999910593, 4479710.220000000670552 ], [ 776868.023000000044703, 4479703.371999999508262 ], [ 776871.423999999649823, 4479700.304999999701977 ], [ 776874.690999999642372, 4479697.456000000238419 ], [ 776877.234000000171363, 4479696.026000000536442 ], [ 776880.233, 4479695.053999999538064 ], [ 776884.765999999828637, 4479692.923000000417233 ], [ 776887.951999999582767, 4479691.844000000506639 ], [ 776890.400000000372529, 4479689.803999999538064 ], [ 776891.881000000052154, 4479687.651000000536442 ], [ 776892.388000000268221, 4479685.980000000447035 ], [ 776893.267, 4479684.33 ], [ 776895.30599999986589, 4479682.298000000417233 ], [ 776899.260999999940395, 4479678.940999999642372 ], [ 776902.610999999567866, 4479676.168999999761581 ], [ 776911.553999999538064, 4479668.494999999180436 ], [ 776916.400999999605119, 4479665.429999999701977 ], [ 776920.611999999731779, 4479662.029999999329448 ], [ 776924.498999999836087, 4479658.791999999433756 ], [ 776927.628999999724329, 4479657.377000000327826 ], [ 776930.808000000193715, 4479655.391000000759959 ], [ 776940.368999999947846, 4479650.570000000298023 ], [ 776944.724000000394881, 4479648.187000000849366 ], [ 776947.707000000402331, 4479646.686000000685453 ], [ 776950.524000000208616, 4479645.416999999433756 ], [ 776956.713999999687076, 4479642.698999999091029 ], [ 776960.377999999560416, 4479640.06900000013411 ], [ 776962.956000000238419, 4479638.130999999120831 ], [ 776965.197999999858439, 4479635.566999999806285 ], [ 776966.634999999776483, 4479633.218000000342727 ], [ 776968.707000000402331, 4479629.173000000417233 ], [ 776971.0, 4479625.379000000655651 ], [ 776973.859000000171363, 4479620.481000000610948 ], [ 776981.996000000275671, 4479607.217000000178814 ], [ 776983.372999999672174, 4479605.159 ], [ 776986.595999999903142, 4479601.037000000476837 ], [ 776988.599999999627471, 4479599.263000000268221 ], [ 776991.438000000081956, 4479597.42200000025332 ], [ 777000.053000000305474, 4479592.729000000283122 ], [ 777003.341000000014901, 4479591.052999999374151 ], [ 777009.110000000335276, 4479588.31900000013411 ], [ 777016.484000000171363, 4479584.463999999687076 ], [ 777024.274000000208616, 4479580.778999999165535 ], [ 777031.495000000111759, 4479577.323000000789762 ], [ 777037.356999999843538, 4479573.858999999240041 ], [ 777048.774000000208616, 4479566.892000000923872 ], [ 777059.407999999821186, 4479560.187999999150634 ], [ 777066.105999999679625, 4479556.289000000804663 ], [ 777070.779000000096858, 4479552.653999999165535 ], [ 777074.963000000454485, 4479548.78999999910593 ], [ 777079.275000000372529, 4479545.469000000506639 ], [ 777083.182000000029802, 4479543.357999999076128 ], [ 777097.792999999597669, 4479535.005000000819564 ], [ 777109.048000000417233, 4479529.545 ], [ 777116.567999999970198, 4479525.443 ], [ 777122.678000000305474, 4479523.185000000521541 ], [ 777127.95299999974668, 4479521.801000000908971 ], [ 777137.003999999724329, 4479518.969000000506639 ], [ 777138.434000000357628, 4479518.382999999448657 ], [ 777139.809000000357628, 4479517.130000000819564 ], [ 777147.370000000111759, 4479512.690999999642372 ], [ 777152.582999999634922, 4479508.893999999389052 ], [ 777158.111999999731779, 4479503.813999999314547 ], [ 777163.134999999776483, 4479499.32799999974668 ], [ 777169.668999999761581, 4479494.015000000596046 ], [ 777177.104000000283122, 4479490.088999999687076 ], [ 777184.808000000193715, 4479485.956000000238419 ], [ 777188.123999999836087, 4479485.050000000745058 ], [ 777193.760999999940395, 4479484.407999999821186 ], [ 777215.367999999783933, 4479479.646999999880791 ], [ 777221.213999999687076, 4479478.064999999478459 ], [ 777225.566999999806285, 4479476.486999999731779 ], [ 777231.813000000081956, 4479473.630000000819564 ], [ 777239.512000000104308, 4479468.810000000521541 ], [ 777243.447999999858439, 4479465.201999999582767 ], [ 777247.110000000335276, 4479461.111999999731779 ], [ 777255.017, 4479454.108999999240041 ], [ 777261.04700000025332, 4479449.206000000238419 ], [ 777266.927000000141561, 4479445.75899999961257 ], [ 777281.103000000119209, 4479438.869000000879169 ], [ 777292.967000000178814, 4479433.275000000372529 ], [ 777310.186999999918044, 4479423.571000000461936 ], [ 777318.32799999974668, 4479419.032999999821186 ], [ 777332.154000000096858, 4479412.592000000178814 ], [ 777337.296000000089407, 4479411.218000000342727 ], [ 777343.416000000201166, 4479410.117000000551343 ], [ 777348.031000000424683, 4479409.289000000804663 ], [ 777356.31900000013411, 4479404.907999999821186 ], [ 777361.638000000268221, 4479402.00899999961257 ], [ 777366.00800000037998, 4479398.365000000223517 ], [ 777367.802000000141561, 4479396.071000000461936 ], [ 777374.862999999895692, 4479387.107999999076128 ], [ 777379.401999999769032, 4479381.620999999344349 ], [ 777383.377999999560416, 4479377.051999999210238 ], [ 777393.746000000275671, 4479367.701999999582767 ], [ 777400.048000000417233, 4479362.222999999299645 ], [ 777403.576000000350177, 4479358.611999999731779 ], [ 777406.370000000111759, 4479356.812000000849366 ], [ 777410.144999999552965, 4479354.946000000461936 ], [ 777413.890999999828637, 4479353.79700000025332 ], [ 777415.417000000365078, 4479353.403000000864267 ], [ 777415.582999999634922, 4479354.526000000536442 ], [ 777417.106999999843538, 4479355.459000000730157 ], [ 777419.88399999961257, 4479355.652000000700355 ], [ 777421.614000000059605, 4479354.93099999986589 ], [ 777423.513000000268221, 4479353.357999999076128 ], [ 777423.582000000402331, 4479351.869999999180436 ], [ 777423.04700000025332, 4479350.630999999120831 ], [ 777422.673999999649823, 4479349.648 ], [ 777422.474000000394881, 4479348.682 ], [ 777423.317999999970198, 4479347.115000000223517 ], [ 777425.709999999962747, 4479343.381999999284744 ], [ 777428.764999999664724, 4479340.466 ], [ 777431.29700000025332, 4479337.926000000908971 ], [ 777432.928999999538064, 4479335.581000000238419 ], [ 777433.74199999962002, 4479333.710999999195337 ], [ 777433.531000000424683, 4479332.64299999922514 ], [ 777432.826999999582767, 4479331.42200000025332 ], [ 777432.531999999657273, 4479329.698999999091029 ], [ 777433.745000000111759, 4479328.246999999508262 ], [ 777439.345999999903142, 4479323.266000000759959 ], [ 777440.70299999974668, 4479321.222999999299645 ], [ 777441.188000000081956, 4479318.807 ], [ 777441.320000000298023, 4479315.270999999716878 ], [ 777441.668999999761581, 4479313.362999999895692 ], [ 777443.269000000320375, 4479310.034 ], [ 777444.71999999973923, 4479308.404999999329448 ], [ 777449.092000000178814, 4479304.553999999538064 ], [ 777450.088999999687076, 4479303.822000000625849 ], [ 777451.240000000223517, 4479306.426999999210238 ], [ 777452.381000000052154, 4479307.757999999448657 ], [ 777453.981999999843538, 4479308.104000000283122 ], [ 777455.442999999970198, 4479306.083000000566244 ], [ 777455.802000000141561, 4479303.595000000670552 ], [ 777456.987999999895692, 4479303.049000000581145 ], [ 777458.450000000186265, 4479304.362999999895692 ], [ 777460.334999999962747, 4479305.652000000700355 ], [ 777461.783999999985099, 4479305.009999999776483 ], [ 777461.967000000178814, 4479303.307 ], [ 777461.298000000417233, 4479300.259999999776483 ], [ 777461.582999999634922, 4479298.887000000104308 ], [ 777462.593999999575317, 4479297.456000000238419 ], [ 777462.610000000335276, 4479296.109999999403954 ], [ 777461.873999999836087, 4479293.411000000312924 ], [ 777461.456000000238419, 4479292.14299999922514 ], [ 777462.334999999962747, 4479292.08699999935925 ], [ 777463.638000000268221, 4479293.178999999538064 ], [ 777465.207999999634922, 4479294.891000000759959 ], [ 777467.720999999903142, 4479295.824999999254942 ], [ 777469.127999999560416, 4479295.273 ], [ 777467.542999999597669, 4479293.92 ], [ 777465.934999999590218, 4479292.67200000025332 ], [ 777467.127000000327826, 4479291.01799999922514 ], [ 777468.757000000216067, 4479289.813999999314547 ], [ 777467.842000000178814, 4479288.01799999922514 ], [ 777466.354000000283122, 4479286.620999999344349 ], [ 777467.902999999932945, 4479285.289000000804663 ], [ 777466.559999999590218, 4479283.639000000432134 ], [ 777464.581000000238419, 4479283.262000000104308 ], [ 777462.770999999716878, 4479284.196000000461936 ], [ 777460.674999999813735, 4479284.343000000342727 ], [ 777459.078999999910593, 4479283.041999999433756 ], [ 777459.104000000283122, 4479280.962999999523163 ], [ 777460.820000000298023, 4479279.766000000759959 ], [ 777462.876000000163913, 4479279.896999999880791 ], [ 777464.825000000186265, 4479280.651000000536442 ], [ 777467.0, 4479280.786000000312924 ], [ 777467.91399999987334, 4479278.904999999329448 ], [ 777467.92200000025332, 4479276.811000000685453 ], [ 777467.006000000052154, 4479275.015000000596046 ], [ 777465.631000000052154, 4479273.55599999986589 ], [ 777463.934000000357628, 4479272.266000000759959 ], [ 777462.29700000025332, 4479270.901000000536442 ], [ 777462.307000000029802, 4479268.841 ], [ 777462.406999999657273, 4479266.822000000625849 ], [ 777461.315000000409782, 4479265.130000000819564 ], [ 777461.830000000074506, 4479263.171 ], [ 777463.644000000320375, 4479262.270999999716878 ], [ 777462.740000000223517, 4479260.423000000417233 ], [ 777460.757000000216067, 4479260.165999999269843 ], [ 777458.95299999974668, 4479261.167999999597669 ], [ 777457.867999999783933, 4479262.878000000491738 ], [ 777455.90500000026077, 4479262.482999999076128 ], [ 777453.889000000432134, 4479259.081000000238419 ], [ 777449.848000000230968, 4479251.682 ], [ 777446.428999999538064, 4479243.709000000730157 ], [ 777444.410000000149012, 4479238.946000000461936 ], [ 777442.81900000013411, 4479231.875 ], [ 777442.199000000022352, 4479228.807 ], [ 777440.853000000119209, 4479226.289000000804663 ], [ 777439.5, 4479222.717000000178814 ], [ 777438.900999999605119, 4479219.357999999076128 ], [ 777439.490000000223517, 4479215.790999999269843 ], [ 777440.695000000298023, 4479210.75 ], [ 777441.117999999783933, 4479208.068 ], [ 777442.531000000424683, 4479204.742000000551343 ], [ 777444.34499999973923, 4479202.174000000581145 ], [ 777445.75899999961257, 4479200.855000000447035 ], [ 777447.584999999962747, 4479199.903000000864267 ], [ 777447.662999999709427, 4479197.83500000089407 ], [ 777447.684000000357628, 4479195.381999999284744 ], [ 777446.543999999761581, 4479193.71199999935925 ], [ 777448.394999999552965, 4479192.842000000178814 ], [ 777447.839999999850988, 4479190.906999999657273 ], [ 777449.646999999880791, 4479189.939999999478459 ], [ 777448.927000000141561, 4479188.05599999986589 ], [ 777449.231999999843538, 4479186.050000000745058 ], [ 777451.354000000283122, 4479186.326999999582767 ], [ 777453.394999999552965, 4479185.98200000077486 ], [ 777453.514000000432134, 4479183.979000000283122 ], [ 777451.75800000037998, 4479182.949999999254942 ], [ 777451.078999999910593, 4479180.977 ], [ 777452.978000000119209, 4479180.237999999895692 ], [ 777455.007000000216067, 4479180.438999999314547 ], [ 777454.223000000230968, 4479178.596000000834465 ], [ 777452.686999999918044, 4479177.221000000834465 ], [ 777454.621000000275671, 4479176.666999999433756 ], [ 777456.510999999940395, 4479177.342000000178814 ], [ 777456.660000000149012, 4479175.301000000908971 ], [ 777455.354000000283122, 4479173.682 ], [ 777457.150000000372529, 4479172.767000000923872 ], [ 777457.690999999642372, 4479170.736999999731779 ], [ 777456.747000000439584, 4479168.824999999254942 ], [ 777458.524000000208616, 4479167.894999999552965 ], [ 777459.942999999970198, 4479166.456000000238419 ], [ 777462.006000000052154, 4479166.994000000879169 ], [ 777464.001000000163913, 4479167.198000000789762 ], [ 777463.791000000201166, 4479165.143999999389052 ], [ 777462.634999999776483, 4479163.492000000551343 ], [ 777461.121000000275671, 4479162.165999999269843 ], [ 777460.708999999798834, 4479160.131999999284744 ], [ 777462.774000000208616, 4479160.021999999880791 ], [ 777463.56900000013411, 4479158.137000000104308 ], [ 777462.726999999955297, 4479156.062000000849366 ], [ 777462.703999999910593, 4479154.005000000819564 ], [ 777464.798000000417233, 4479154.012000000104308 ], [ 777467.463999999687076, 4479152.292999999597669 ], [ 777470.433000000193715, 4479149.862999999895692 ], [ 777471.826000000350177, 4479148.342000000178814 ], [ 777477.610999999567866, 4479142.832000000402331 ], [ 777483.057000000029802, 4479134.666999999433756 ], [ 777484.803000000305474, 4479129.605000000447035 ], [ 777484.59499999973923, 4479133.232999999076128 ], [ 777483.843000000342727, 4479135.862999999895692 ], [ 777483.599999999627471, 4479138.322000000625849 ], [ 777485.167999999597669, 4479140.0 ], [ 777487.730999999679625, 4479135.943 ], [ 777488.048999999649823, 4479131.230000000447035 ], [ 777487.330000000074506, 4479128.018999999389052 ], [ 777486.669999999925494, 4479123.900000000372529 ], [ 777486.996000000275671, 4479122.589999999850988 ], [ 777486.950000000186265, 4479120.143999999389052 ], [ 777487.781000000424683, 4479115.787000000476837 ], [ 777489.058000000193715, 4479112.627000000327826 ], [ 777491.161000000312924, 4479109.552999999374151 ], [ 777496.861999999731779, 4479102.212999999523163 ], [ 777501.834999999962747, 4479096.753000000491738 ], [ 777505.946000000461936, 4479092.349999999627471 ], [ 777510.479000000283122, 4479088.41499999910593 ], [ 777514.436999999918044, 4479083.176000000908971 ], [ 777515.890999999828637, 4479080.747999999672174 ], [ 777517.666000000201166, 4479077.469000000506639 ], [ 777520.525000000372529, 4479073.467000000178814 ], [ 777524.275999999605119, 4479070.377000000327826 ], [ 777528.269999999552965, 4479067.483999999240041 ], [ 777534.015999999828637, 4479062.097999999299645 ], [ 777541.364000000059605, 4479057.058000000193715 ], [ 777551.179999999701977, 4479050.353000000119209 ], [ 777555.67200000025332, 4479047.682 ], [ 777560.412999999709427, 4479046.107999999076128 ], [ 777564.566999999806285, 4479045.291999999433756 ], [ 777570.718000000342727, 4479043.693 ], [ 777574.958999999798834, 4479042.884999999776483 ], [ 777580.150999999605119, 4479041.402000000700355 ], [ 777585.548000000417233, 4479038.756999999284744 ], [ 777593.379999999888241, 4479033.61600000038743 ], [ 777597.708999999798834, 4479031.184000000357628 ], [ 777601.850999999791384, 4479027.084000000730157 ], [ 777604.559000000357628, 4479021.938999999314547 ], [ 777607.652999999932945, 4479016.739 ], [ 777609.587000000290573, 4479014.515000000596046 ], [ 777613.757000000216067, 4479010.685000000521541 ], [ 777618.21100000012666, 4479007.643999999389052 ], [ 777625.031999999657273, 4479002.112999999895692 ], [ 777625.203999999910593, 4479002.962999999523163 ], [ 777626.032999999821186, 4479004.411000000312924 ], [ 777627.466000000014901, 4479004.775000000372529 ], [ 777629.304999999701977, 4479003.957000000402331 ], [ 777630.059999999590218, 4479002.347999999299645 ], [ 777631.302000000141561, 4479001.013000000268221 ], [ 777633.100999999791384, 4479000.623999999836087 ], [ 777634.692999999970198, 4479000.717000000178814 ], [ 777635.963000000454485, 4479000.485999999567866 ], [ 777636.963000000454485, 4478999.448000000789762 ], [ 777638.415000000037253, 4478995.844000000506639 ], [ 777639.730999999679625, 4478995.557 ], [ 777642.127999999560416, 4478995.532999999821186 ], [ 777644.16399999987334, 4478993.640000000596046 ], [ 777646.264000000432134, 4478990.378000000491738 ], [ 777647.093999999575317, 4478987.502000000327826 ], [ 777647.423000000417233, 4478984.558000000193715 ], [ 777647.131000000052154, 4478982.376000000163913 ], [ 777645.815999999642372, 4478980.502000000327826 ], [ 777643.552000000141561, 4478979.49100000038743 ], [ 777640.720999999903142, 4478979.439999999478459 ], [ 777640.591000000014901, 4478977.665999999269843 ], [ 777640.400999999605119, 4478973.311000000685453 ], [ 777640.296000000089407, 4478969.118000000715256 ], [ 777640.099999999627471, 4478965.037000000476837 ], [ 777641.546000000089407, 4478954.881999999284744 ], [ 777642.631000000052154, 4478951.504000000655651 ], [ 777644.026999999769032, 4478948.842000000178814 ], [ 777646.191999999806285, 4478945.387000000104308 ], [ 777648.714999999850988, 4478941.418999999761581 ], [ 777650.751000000163913, 4478937.857999999076128 ], [ 777655.213000000454485, 4478929.725999999791384 ], [ 777662.669999999925494, 4478917.765000000596046 ], [ 777667.822999999858439, 4478910.566999999806285 ], [ 777669.161000000312924, 4478908.506999999284744 ], [ 777671.299999999813735, 4478905.957000000402331 ], [ 777672.36699999962002, 4478903.244000000879169 ], [ 777672.591000000014901, 4478899.443 ], [ 777673.13300000037998, 4478893.089999999850988 ], [ 777673.910000000149012, 4478887.700999999418855 ], [ 777676.372000000439584, 4478875.654999999329448 ], [ 777678.321999999694526, 4478872.08500000089407 ], [ 777680.964999999850988, 4478866.982999999076128 ], [ 777684.936999999918044, 4478861.879000000655651 ], [ 777691.417999999597669, 4478854.187000000849366 ], [ 777694.839999999850988, 4478850.36600000038743 ], [ 777699.565999999642372, 4478845.815999999642372 ], [ 777706.054999999701977, 4478840.53999999910593 ], [ 777709.774000000208616, 4478836.96000000089407 ], [ 777714.394999999552965, 4478832.880000000819564 ], [ 777718.640999999828637, 4478828.463999999687076 ], [ 777724.935999999754131, 4478820.774000000208616 ], [ 777728.764000000432134, 4478815.770999999716878 ], [ 777731.776999999769032, 4478811.276000000536442 ], [ 777735.179999999701977, 4478802.777000000700355 ], [ 777736.150000000372529, 4478799.614 ], [ 777736.685999999754131, 4478796.529999999329448 ], [ 777736.729000000283122, 4478793.421 ], [ 777736.966000000014901, 4478791.486999999731779 ], [ 777737.832000000402331, 4478788.25 ], [ 777739.236999999731779, 4478784.426999999210238 ], [ 777741.997999999672174, 4478779.102 ], [ 777744.307000000029802, 4478773.855000000447035 ], [ 777745.980000000447035, 4478770.115000000223517 ], [ 777748.968000000342727, 4478764.05599999986589 ], [ 777750.939000000245869, 4478759.728000000119209 ], [ 777754.707999999634922, 4478750.940999999642372 ], [ 777756.756000000052154, 4478748.334000000730157 ], [ 777760.071999999694526, 4478743.946000000461936 ], [ 777763.646999999880791, 4478737.910000000149012 ], [ 777765.815999999642372, 4478734.036000000312924 ], [ 777767.887000000104308, 4478728.546 ], [ 777769.921000000089407, 4478724.688999999314547 ], [ 777772.216000000014901, 4478719.975999999791384 ], [ 777774.487999999895692, 4478715.333000000566244 ], [ 777776.849000000394881, 4478711.483999999240041 ], [ 777780.308000000193715, 4478704.846999999135733 ], [ 777782.156000000424683, 4478701.392000000923872 ], [ 777784.597000000067055, 4478697.755000000819564 ], [ 777789.378999999724329, 4478690.890000000596046 ], [ 777791.862999999895692, 4478688.463999999687076 ], [ 777796.40500000026077, 4478683.378000000491738 ], [ 777801.925999999977648, 4478677.800000000745058 ], [ 777804.637000000104308, 4478675.276000000536442 ], [ 777808.118999999947846, 4478671.857999999076128 ], [ 777813.152999999932945, 4478665.334000000730157 ], [ 777816.132000000216067, 4478662.25899999961257 ], [ 777821.593999999575317, 4478658.146999999880791 ], [ 777825.873999999836087, 4478655.187000000849366 ], [ 777834.436999999918044, 4478649.541999999433756 ], [ 777840.031000000424683, 4478646.405999999493361 ], [ 777845.162999999709427, 4478643.280999999493361 ], [ 777848.923999999649823, 4478639.774000000208616 ], [ 777851.364000000059605, 4478635.622999999672174 ], [ 777854.09499999973923, 4478632.357999999076128 ], [ 777856.377000000327826, 4478628.690999999642372 ], [ 777859.332999999634922, 4478624.300000000745058 ], [ 777860.354000000283122, 4478623.99100000038743 ], [ 777862.536999999545515, 4478623.26799999922514 ], [ 777865.351999999955297, 4478621.396999999880791 ], [ 777868.428999999538064, 4478618.78800000064075 ], [ 777870.296000000089407, 4478616.617000000551343 ], [ 777871.332000000402331, 4478614.386 ], [ 777870.955000000074506, 4478613.494000000879169 ], [ 777870.326000000350177, 4478612.139000000432134 ], [ 777870.94400000013411, 4478609.98200000077486 ], [ 777870.705000000074506, 4478608.591 ], [ 777869.75, 4478607.229000000283122 ], [ 777868.817999999970198, 4478606.035000000149012 ], [ 777868.78899999987334, 4478604.804999999701977 ], [ 777868.567999999970198, 4478603.035000000149012 ], [ 777868.485000000335276, 4478600.766000000759959 ], [ 777868.07799999974668, 4478598.764000000432134 ], [ 777867.182000000029802, 4478595.937000000849366 ], [ 777866.900000000372529, 4478592.187000000849366 ], [ 777867.247000000439584, 4478587.889000000432134 ], [ 777867.598000000230968, 4478584.140000000596046 ], [ 777869.082000000402331, 4478580.650000000372529 ], [ 777872.140999999828637, 4478576.003000000491738 ], [ 777876.247000000439584, 4478570.735999999567866 ], [ 777879.416000000201166, 4478565.509999999776483 ], [ 777881.535000000149012, 4478559.482999999076128 ], [ 777883.174999999813735, 4478553.724999999627471 ], [ 777885.156000000424683, 4478547.562000000849366 ], [ 777886.262000000104308, 4478541.911000000312924 ], [ 777887.330000000074506, 4478536.865000000223517 ], [ 777887.890999999828637, 4478529.71000000089407 ], [ 777890.140999999828637, 4478521.608999999240041 ], [ 777892.478000000119209, 4478514.145999999716878 ], [ 777896.040000000037253, 4478502.936000000685453 ], [ 777898.166000000201166, 4478497.216 ], [ 777899.455000000074506, 4478493.30599999986589 ], [ 777902.331000000238419, 4478487.674000000581145 ], [ 777904.88399999961257, 4478483.730000000447035 ], [ 777907.928000000305474, 4478478.588999999687076 ], [ 777910.479000000283122, 4478475.005999999120831 ], [ 777914.754999999888241, 4478468.960999999195337 ], [ 777917.604000000283122, 4478465.304999999701977 ], [ 777922.825000000186265, 4478458.89299999922514 ], [ 777925.854000000283122, 4478455.553999999538064 ], [ 777931.893000000156462, 4478450.763000000268221 ], [ 777937.050999999977648, 4478446.812000000849366 ], [ 777941.207000000402331, 4478442.549000000581145 ], [ 777951.13300000037998, 4478432.264000000432134 ], [ 777956.660000000149012, 4478426.599999999627471 ], [ 777969.247000000439584, 4478414.053999999538064 ], [ 777974.360000000335276, 4478409.645999999716878 ], [ 777988.92200000025332, 4478395.856000000610948 ], [ 777994.75, 4478391.53999999910593 ], [ 778008.072999999858439, 4478381.911000000312924 ], [ 778012.907999999821186, 4478378.74100000038743 ], [ 778019.705000000074506, 4478375.253000000491738 ], [ 778026.868999999947846, 4478369.778999999165535 ], [ 778030.218000000342727, 4478367.289000000804663 ], [ 778033.855999999679625, 4478364.142000000923872 ], [ 778038.001000000163913, 4478359.812999999150634 ], [ 778040.820000000298023, 4478357.378000000491738 ], [ 778043.895999999716878, 4478354.331000000238419 ], [ 778046.955000000074506, 4478351.540999999269843 ], [ 778050.504999999888241, 4478348.856000000610948 ], [ 778053.668999999761581, 4478346.085999999195337 ], [ 778057.753999999724329, 4478343.719000000506639 ], [ 778062.593000000342727, 4478340.130000000819564 ], [ 778067.190000000409782, 4478336.505000000819564 ], [ 778071.322999999858439, 4478333.486999999731779 ], [ 778079.084999999962747, 4478328.110999999567866 ], [ 778084.019999999552965, 4478325.494999999180436 ], [ 778087.830000000074506, 4478323.096999999135733 ], [ 778093.290000000037253, 4478320.971999999135733 ], [ 778101.588000000454485, 4478316.936000000685453 ], [ 778107.071999999694526, 4478313.719000000506639 ], [ 778112.627999999560416, 4478310.407999999821186 ], [ 778117.103000000119209, 4478306.119999999180436 ], [ 778124.588000000454485, 4478297.926000000908971 ], [ 778126.974999999627471, 4478293.032999999821186 ], [ 778130.696999999694526, 4478286.313999999314547 ], [ 778133.32799999974668, 4478280.708000000566244 ], [ 778137.356999999843538, 4478273.232999999076128 ], [ 778140.657999999821186, 4478268.438999999314547 ], [ 778145.093999999575317, 4478262.982999999076128 ], [ 778149.127999999560416, 4478258.21000000089407 ], [ 778151.966000000014901, 4478253.512000000104308 ], [ 778155.089999999850988, 4478249.93099999986589 ], [ 778159.178999999538064, 4478244.301000000908971 ], [ 778162.09499999973923, 4478239.933000000193715 ], [ 778165.853000000119209, 4478235.128000000491738 ], [ 778168.496000000275671, 4478232.649000000208616 ], [ 778173.724999999627471, 4478228.548000000417233 ], [ 778180.16399999987334, 4478224.592000000178814 ], [ 778186.445000000298023, 4478219.58500000089407 ], [ 778191.235000000335276, 4478216.138000000268221 ], [ 778196.918999999761581, 4478211.876000000163913 ], [ 778201.089999999850988, 4478207.86600000038743 ], [ 778205.552000000141561, 4478200.960999999195337 ], [ 778207.182000000029802, 4478197.649000000208616 ], [ 778210.724999999627471, 4478190.221000000834465 ], [ 778213.097000000067055, 4478185.858999999240041 ], [ 778216.145999999716878, 4478182.100999999791384 ], [ 778220.263000000268221, 4478177.810000000521541 ], [ 778224.669999999925494, 4478173.529999999329448 ], [ 778234.314000000245869, 4478163.687999999150634 ], [ 778236.548999999649823, 4478161.467000000178814 ], [ 778240.925999999977648, 4478156.716 ], [ 778245.779000000096858, 4478150.948999999091029 ], [ 778249.135999999940395, 4478146.318 ], [ 778252.839999999850988, 4478142.252000000327826 ], [ 778258.223000000230968, 4478137.51799999922514 ], [ 778263.786999999545515, 4478132.744000000879169 ], [ 778269.356999999843538, 4478127.88399999961257 ], [ 778280.43099999986589, 4478118.562999999150634 ], [ 778290.195000000298023, 4478110.761 ], [ 778297.358, 4478104.599999999627471 ], [ 778301.411000000312924, 4478101.607999999076128 ], [ 778306.123999999836087, 4478098.223999999463558 ], [ 778311.099999999627471, 4478094.888000000268221 ], [ 778321.957999999634922, 4478088.400000000372529 ], [ 778326.798000000417233, 4478084.812000000849366 ], [ 778337.550999999977648, 4478076.774000000208616 ], [ 778342.792999999597669, 4478072.89299999922514 ], [ 778349.354000000283122, 4478067.951999999582767 ], [ 778354.117999999783933, 4478064.813999999314547 ], [ 778365.235999999567866, 4478057.596000000834465 ], [ 778369.201999999582767, 4478054.718000000342727 ], [ 778375.427000000141561, 4478049.549000000581145 ], [ 778384.048000000417233, 4478041.713999999687076 ], [ 778388.468999999575317, 4478038.553999999538064 ], [ 778394.20299999974668, 4478035.049000000581145 ], [ 778399.588999999687076, 4478032.745999999344349 ], [ 778407.783999999985099, 4478028.451999999582767 ], [ 778412.665000000037253, 4478025.553999999538064 ], [ 778418.273000000044703, 4478021.742000000551343 ], [ 778431.338000000454485, 4478014.21199999935925 ], [ 778437.103000000119209, 4478009.92 ], [ 778445.75, 4478003.542999999597669 ], [ 778459.321999999694526, 4477994.220000000670552 ], [ 778467.544999999925494, 4477988.763000000268221 ], [ 778477.127999999560416, 4477982.506999999284744 ], [ 778487.43099999986589, 4477975.322000000625849 ], [ 778499.459999999962747, 4477968.020999999716878 ], [ 778507.739000000059605, 4477962.235999999567866 ], [ 778515.916000000201166, 4477957.428999999538064 ], [ 778524.490000000223517, 4477953.081000000238419 ], [ 778538.831000000238419, 4477944.186000000685453 ], [ 778547.747000000439584, 4477939.469000000506639 ], [ 778552.497000000439584, 4477935.756999999284744 ], [ 778556.40500000026077, 4477932.935000000521541 ], [ 778560.423000000417233, 4477930.801000000908971 ], [ 778563.99100000038743, 4477929.761 ], [ 778572.713000000454485, 4477925.946000000461936 ], [ 778577.389999999664724, 4477923.551000000908971 ], [ 778583.592000000178814, 4477919.713999999687076 ], [ 778588.919999999925494, 4477915.612999999895692 ], [ 778596.928000000305474, 4477909.630000000819564 ], [ 778600.300999999977648, 4477907.705 ], [ 778604.928999999538064, 4477905.143999999389052 ], [ 778611.411000000312924, 4477902.390000000596046 ], [ 778621.025999999605119, 4477898.071000000461936 ], [ 778627.700000000186265, 4477895.16300000064075 ], [ 778633.75800000037998, 4477892.615000000223517 ], [ 778651.667000000365078, 4477884.653000000864267 ], [ 778657.406999999657273, 4477881.962999999523163 ], [ 778663.531999999657273, 4477878.218000000342727 ], [ 778670.93099999986589, 4477873.66499999910593 ], [ 778677.285000000149012, 4477869.611999999731779 ], [ 778683.191999999806285, 4477865.902000000700355 ], [ 778695.587000000290573, 4477858.723999999463558 ], [ 778699.71100000012666, 4477857.023 ], [ 778705.968999999575317, 4477854.423000000417233 ], [ 778712.105999999679625, 4477852.973999999463558 ], [ 778725.46100000012666, 4477849.608999999240041 ], [ 778735.027999999932945, 4477847.505999999120831 ], [ 778747.968000000342727, 4477845.826999999582767 ], [ 778755.132000000216067, 4477845.242000000551343 ], [ 778759.759999999776483, 4477844.654999999329448 ], [ 778763.274000000208616, 4477843.977 ], [ 778766.441999999806285, 4477842.631999999284744 ], [ 778769.331000000238419, 4477840.426000000908971 ], [ 778771.668999999761581, 4477837.94400000013411 ], [ 778778.020999999716878, 4477832.103000000119209 ], [ 778786.277999999932945, 4477823.887000000104308 ], [ 778795.464999999850988, 4477814.823999999091029 ], [ 778801.527999999932945, 4477807.205 ], [ 778803.131000000052154, 4477803.511 ], [ 778803.739000000059605, 4477800.106000000610948 ], [ 778803.855000000447035, 4477794.754000000655651 ], [ 778804.417000000365078, 4477783.542999999597669 ], [ 778804.580000000074506, 4477779.92200000025332 ], [ 778805.907999999821186, 4477776.778999999165535 ], [ 778808.18099999986589, 4477773.74100000038743 ], [ 778812.773000000044703, 4477770.179999999701977 ], [ 778820.457000000402331, 4477762.421 ], [ 778823.457999999634922, 4477759.150000000372529 ], [ 778826.974999999627471, 4477753.775000000372529 ], [ 778829.605999999679625, 4477748.188999999314547 ], [ 778833.427000000141561, 4477738.244999999180436 ], [ 778834.651999999769032, 4477732.729000000283122 ], [ 778835.915000000037253, 4477728.842000000178814 ], [ 778837.321000000461936, 4477725.42 ], [ 778840.174999999813735, 4477720.646999999880791 ], [ 778847.753999999724329, 4477711.076999999582767 ], [ 778850.906999999657273, 4477707.996999999508262 ], [ 778855.888000000268221, 4477702.632999999448657 ], [ 778863.507000000216067, 4477695.697000000625849 ], [ 778867.41399999987334, 4477692.466 ], [ 778873.343999999575317, 4477687.649000000208616 ], [ 778882.072999999858439, 4477682.335999999195337 ], [ 778886.542999999597669, 4477678.689999999478459 ], [ 778891.285000000149012, 4477674.584000000730157 ], [ 778895.423999999649823, 4477670.810000000521541 ], [ 778903.826999999582767, 4477661.256999999284744 ], [ 778908.46999999973923, 4477655.584000000730157 ], [ 778914.216000000014901, 4477648.342000000178814 ], [ 778920.341000000014901, 4477640.25899999961257 ], [ 778923.395999999716878, 4477637.156999999657273 ], [ 778926.502000000327826, 4477634.28800000064075 ], [ 778929.457000000402331, 4477631.888000000268221 ], [ 778933.798000000417233, 4477628.099999999627471 ], [ 778937.763000000268221, 4477624.017000000923872 ], [ 778940.334999999962747, 4477621.474999999627471 ], [ 778943.800999999977648, 4477617.971000000834465 ], [ 778946.902999999932945, 4477614.814999999478459 ], [ 778950.529000000096858, 4477611.417999999597669 ], [ 778956.088999999687076, 4477604.86600000038743 ], [ 778958.61600000038743, 4477601.718000000342727 ], [ 778961.656999999657273, 4477598.19400000013411 ], [ 778964.623999999836087, 4477595.26799999922514 ], [ 778967.617999999783933, 4477592.492000000551343 ], [ 778974.200000000186265, 4477586.948999999091029 ], [ 778978.774000000208616, 4477583.329 ], [ 778982.975999999791384, 4477578.789000000804663 ], [ 778986.808000000193715, 4477574.277000000700355 ], [ 778991.523000000044703, 4477569.581000000238419 ], [ 778994.268000000156462, 4477566.873999999836087 ], [ 778999.50899999961257, 4477562.189999999478459 ], [ 779004.71999999973923, 4477557.103000000119209 ], [ 779011.152999999932945, 4477552.534 ], [ 779016.182000000029802, 4477549.117000000551343 ], [ 779020.830000000074506, 4477546.034 ], [ 779025.860999999567866, 4477544.259999999776483 ], [ 779030.224000000394881, 4477541.907999999821186 ], [ 779036.247000000439584, 4477538.436000000685453 ], [ 779040.275000000372529, 4477534.755000000819564 ], [ 779043.472000000067055, 4477531.050000000745058 ], [ 779047.222000000067055, 4477527.729000000283122 ], [ 779049.393000000156462, 4477525.94400000013411 ], [ 779053.661000000312924, 4477522.532999999821186 ], [ 779058.337000000290573, 4477519.380000000819564 ], [ 779064.434999999590218, 4477516.003000000491738 ], [ 779067.515999999828637, 4477514.406999999657273 ], [ 779071.400000000372529, 4477511.295 ], [ 779075.296000000089407, 4477507.656999999657273 ], [ 779079.424999999813735, 4477503.054999999701977 ], [ 779085.884999999776483, 4477496.776000000536442 ], [ 779088.713999999687076, 4477494.740000000223517 ], [ 779093.144000000320375, 4477491.688999999314547 ], [ 779096.567999999970198, 4477489.69400000013411 ], [ 779101.593999999575317, 4477487.378000000491738 ], [ 779105.435999999754131, 4477484.389000000432134 ], [ 779109.728000000119209, 4477481.534 ], [ 779115.668999999761581, 4477477.171 ], [ 779120.50800000037998, 4477472.550000000745058 ], [ 779126.495000000111759, 4477467.660000000149012 ], [ 779130.574000000022352, 4477464.905999999493361 ], [ 779135.74100000038743, 4477460.81900000013411 ], [ 779139.726999999955297, 4477458.174000000581145 ], [ 779145.739000000059605, 4477454.787000000476837 ], [ 779149.862999999895692, 4477452.639000000432134 ], [ 779155.910000000149012, 4477449.94400000013411 ], [ 779161.907999999821186, 4477447.96199999935925 ], [ 779168.889999999664724, 4477446.011 ], [ 779172.730999999679625, 4477444.629000000655651 ], [ 779178.356999999843538, 4477441.727 ], [ 779183.563000000081956, 4477438.653000000864267 ], [ 779193.24100000038743, 4477433.322000000625849 ], [ 779200.584999999962747, 4477429.854000000283122 ], [ 779206.142, 4477425.78999999910593 ], [ 779212.111999999731779, 4477421.35700000077486 ], [ 779219.561999999918044, 4477417.035000000149012 ], [ 779224.251000000163913, 4477413.83 ], [ 779229.400000000372529, 4477410.896999999880791 ], [ 779236.940000000409782, 4477408.481000000610948 ], [ 779244.440999999642372, 4477405.998999999836087 ], [ 779250.131000000052154, 4477404.193 ], [ 779257.235999999567866, 4477401.623999999836087 ], [ 779268.815999999642372, 4477395.695000000298023 ], [ 779273.900000000372529, 4477392.800000000745058 ], [ 779278.904000000096858, 4477389.960999999195337 ], [ 779286.239000000059605, 4477385.44400000013411 ], [ 779292.037999999709427, 4477382.565999999642372 ], [ 779293.638700000010431, 4477381.592700000852346 ], [ 779294.314000000245869, 4477381.182 ], [ 779296.706000000238419, 4477379.831000000238419 ], [ 779299.178000000305474, 4477378.51799999922514 ], [ 779301.695000000298023, 4477377.25 ], [ 779304.223000000230968, 4477376.031999999657273 ], [ 779309.167999999597669, 4477373.76799999922514 ], [ 779310.607996717328206, 4477373.143526405096054 ], [ 779141.957662269240245, 4477180.266596209257841 ], [ 778835.247334926505573, 4477070.777840740978718 ], [ 778616.163906823378056, 4477033.720272458158433 ], [ 778341.79272504511755, 4476988.895746489986777 ], [ 778140.828114350209944, 4476967.225492072291672 ], [ 777702.677407905110158, 4476760.20704479329288 ], [ 777596.458172179060057, 4476683.239072210155427 ], [ 777471.662165318615735, 4476680.583588464185596 ], [ 777362.791242738487199, 4476656.697487681172788 ], [ 777179.5667358643841, 4476622.190624506212771 ], [ 776895.425935117993504, 4476561.152996491640806 ], [ 776628.67781927913893, 4476557.347257355228066 ], [ 776372.472537544206716, 4476624.519483294337988 ], [ 776145.654907692340203, 4476784.046733571216464 ], [ 775889.449127858970314, 4477031.726617586798966 ], [ 775826.443661435274407, 4476964.563963658176363 ], [ 775696.234340435359627, 4476872.198207568377256 ], [ 775696.23458368727006, 4476784.045492651872337 ], [ 775616.025769808795303, 4476680.818891503848135 ], [ 775537.079422525595874, 4476639.820814162492752 ], [ 775467.145216978620738, 4476576.797649615444243 ], [ 775331.269684300757945, 4476528.753887998871505 ], [ 775178.727345407474786, 4476473.654099971055984 ], [ 775174.71443877951242, 4476472.071697331033647 ], [ 774744.000951198861003, 4476902.114828953519464 ], [ 773836.164093698607758, 4477748.979211302474141 ], [ 773251.838822467951104, 4478647.429184537380934 ], [ 773169.891128601157106, 4478666.732466896064579 ] ] ] ] } },
{ "type": "Feature", "properties": { "fid": 8.0, "ogc_fid": 8.0, "district": "Contesto dell'Entroterra Costiero", "_mean": 0.62261952994882597, "_stdev": 2.7538266331289809, "_min": -11.961191177368164, "_max": 9.1519184112548828 }, "geometry": { "type": "MultiPolygon", "coordinates": [ [ [ [ 765380.349254197557457, 4483531.217478096485138 ], [ 765380.34981908055488, 4483531.218226525001228 ], [ 765395.193483963492326, 4483554.574968574568629 ], [ 765451.125856536673382, 4483524.097439087927341 ], [ 765524.525441921316087, 4483464.911771348677576 ], [ 765969.452541884267703, 4483351.203687699511647 ], [ 766571.061335005797446, 4483186.048069438897073 ], [ 767057.480830769985914, 4482686.39107439853251 ], [ 767418.643355536274612, 4482310.933938718400896 ], [ 767769.172120050759986, 4482135.13778349198401 ], [ 768005.877331482479349, 4482026.251177459955215 ], [ 768386.22762689832598, 4481887.67929972242564 ], [ 768909.768877062480897, 4481780.233549579046667 ], [ 769422.571875005029142, 4481735.118629691191018 ], [ 769628.201066705863923, 4481648.339580093510449 ], [ 770005.908267890568823, 4481445.273292266763747 ], [ 770091.474592125276104, 4481296.628724005073309 ], [ 770225.917685304302722, 4481186.638975746929646 ], [ 770621.395862362813205, 4480742.80466437805444 ], [ 770961.491613097954541, 4480535.543876048177481 ], [ 771101.082916557556018, 4480472.584508745931089 ], [ 771477.334344108123332, 4480227.277661035768688 ], [ 771815.273904180387035, 4480012.962311633862555 ], [ 772258.774526621680707, 4479798.040223809890449 ], [ 772345.983044087421149, 4479734.13898547925055 ], [ 772476.364065157482401, 4479647.908502398058772 ], [ 772709.603082532994449, 4479210.245500843040645 ], [ 772682.658646330120973, 4479076.302632069215178 ], [ 772654.13052954885643, 4479007.900099391117692 ], [ 772672.831068892497569, 4478944.855857186950743 ], [ 772886.698423961293884, 4478775.513652640394866 ], [ 772962.276795121142641, 4478723.227027962915599 ], [ 773093.175457930308767, 4478684.803314072079957 ], [ 773251.838822467951104, 4478647.429184537380934 ], [ 773836.164093698607758, 4477748.979211302474141 ], [ 774744.000951198861003, 4476902.114828953519464 ], [ 775179.743970952113159, 4476467.049993046559393 ], [ 776059.245683705667034, 4475525.007632985711098 ], [ 776812.964083762839437, 4474799.651453468948603 ], [ 776919.371708250138909, 4474629.173345123417675 ], [ 778087.633805224206299, 4473955.945074923336506 ], [ 778046.409652528120205, 4473362.573305076919496 ], [ 778089.464149507228285, 4473138.64794706646353 ], [ 778242.594628026825376, 4472942.222374660894275 ], [ 778375.889368029776961, 4472808.881499408744276 ], [ 778463.048143184161745, 4472716.360042403452098 ], [ 778514.230833073146641, 4472695.563699590042233 ], [ 778886.629254657076672, 4472251.353455471806228 ], [ 778954.152891305508092, 4472135.389687278307974 ], [ 779121.073151367017999, 4471915.955031465739012 ], [ 779434.310310909291729, 4471606.203906197100878 ], [ 779744.185817189980298, 4471351.016687027178705 ], [ 779726.936300000175834, 4471352.107899999246001 ], [ 779716.022499999962747, 4471352.467499999329448 ], [ 779710.014499999582767, 4471352.194299999624491 ], [ 779691.513700000010431, 4471338.05489999987185 ], [ 779677.997899999842048, 4471324.761499999091029 ], [ 779658.021099999547005, 4471307.102099999785423 ], [ 779631.241499999538064, 4471286.486500000581145 ], [ 779627.345700000412762, 4471270.218699999153614 ], [ 779627.199500000104308, 4471266.980499999597669 ], [ 779627.872499999590218, 4471264.366900000721216 ], [ 779632.799700000323355, 4471262.366900000721216 ], [ 779648.50069999974221, 4471260.5055 ], [ 779663.786700000055134, 4471262.557099999859929 ], [ 779672.86670000012964, 4471264.621300000697374 ], [ 779681.613699999637902, 4471258.262900000438094 ], [ 779701.414900000207126, 4471239.243899999186397 ], [ 779718.144100000150502, 4471222.819900000467896 ], [ 779732.396300000138581, 4471211.287499999627471 ], [ 779783.222699999809265, 4471174.163100000470877 ], [ 779815.486899999901652, 4471151.278699999675155 ], [ 779861.924300000071526, 4471122.274900000542402 ], [ 779876.49129999987781, 4471114.185499999672174 ], [ 779886.027099999599159, 4471127.64670000039041 ], [ 779897.024100000038743, 4471134.4529 ], [ 779924.474899999797344, 4471139.591900000348687 ], [ 779958.949699999764562, 4471144.284099999815226 ], [ 779946.7193, 4471103.6743 ], [ 779989.675499999895692, 4471083.337300000712276 ], [ 780003.709699999541044, 4471073.707900000736117 ], [ 780008.227699999697506, 4471070.27930000051856 ], [ 780031.599899999797344, 4471055.360300000756979 ], [ 780040.47690000012517, 4471046.291899999603629 ], [ 780053.386099999770522, 4471036.973500000312924 ], [ 780072.091099999845028, 4471024.464500000700355 ], [ 780077.962299999780953, 4471018.74269999936223 ], [ 780085.882299999706447, 4471015.005100000649691 ], [ 780087.767300000414252, 4471010.024299999698997 ], [ 780088.403500000014901, 4471002.63230000063777 ], [ 780087.541899999603629, 4470970.530899999663234 ], [ 780085.787299999967217, 4470937.622500000521541 ], [ 780084.004700000397861, 4470915.267699999734759 ], [ 780083.576700000092387, 4470910.206700000911951 ], [ 780081.665900000371039, 4470893.621099999174476 ], [ 780080.114099999889731, 4470889.472100000828505 ], [ 780077.940100000239909, 4470887.029899999499321 ], [ 780075.259100000374019, 4470885.7599 ], [ 780072.809100000187755, 4470885.336899999529123 ], [ 780069.962100000120699, 4470885.3377 ], [ 780039.949099999852479, 4470893.120500000193715 ], [ 780014.126899999566376, 4470900.535299999639392 ], [ 780003.335900000296533, 4470904.979900000616908 ], [ 779958.048700000159442, 4470927.047900000587106 ], [ 779938.494699999690056, 4470935.802899999544024 ], [ 779915.785500000230968, 4470945.6689 ], [ 779901.422500000335276, 4470951.720300000160933 ], [ 779892.391499999910593, 4470955.288899999111891 ], [ 779849.955299999564886, 4470970.833100000396371 ], [ 779829.304299999959767, 4470978.225099999457598 ], [ 779821.93709999974817, 4470980.749900000169873 ], [ 779815.180100000463426, 4470982.317500000819564 ], [ 779784.515300000086427, 4470987.556099999696016 ], [ 779783.955099999904633, 4470992.073300000280142 ], [ 779782.662899999879301, 4471006.915899999439716 ], [ 779782.877899999730289, 4471071.173499999567866 ], [ 779729.307500000111759, 4471056.415500000119209 ], [ 779621.97510000038892, 4471027.724899999797344 ], [ 779613.333899999968708, 4471035.347100000828505 ], [ 779578.913499999791384, 4471060.50650000013411 ], [ 779559.331299999728799, 4471077.567500000819564 ], [ 779550.101300000213087, 4471088.349899999797344 ], [ 779542.180100000463426, 4471105.37529999949038 ], [ 779538.743900000117719, 4471119.815899999812245 ], [ 779536.7807, 4471137.985500000417233 ], [ 779528.323699999600649, 4471133.4123 ], [ 779524.948699999600649, 4471131.687100000679493 ], [ 779524.657700000330806, 4471131.538100000470877 ], [ 779474.026100000366569, 4471104.398700000718236 ], [ 779454.46030000038445, 4471095.995100000873208 ], [ 779427.760300000198185, 4471095.129100000485778 ], [ 779398.80449999962002, 4471095.415100000798702 ], [ 779392.451299999840558, 4471101.9857 ], [ 779366.057900000363588, 4471133.50730000063777 ], [ 779345.201700000092387, 4471158.816099999472499 ], [ 779335.5625, 4471170.270500000566244 ], [ 779323.162499999627471, 4471183.357699999585748 ], [ 779318.119500000029802, 4471181.0197 ], [ 779307.733300000429153, 4471188.613099999725819 ], [ 779299.157300000078976, 4471193.375700000673532 ], [ 779291.715300000272691, 4471196.14949999935925 ], [ 779284.273299999535084, 4471197.3311 ], [ 779276.316300000064075, 4471197.4507 ], [ 779267.661299999803305, 4471196.988500000908971 ], [ 779256.630300000309944, 4471196.537100000306964 ], [ 779248.225300000049174, 4471196.877699999138713 ], [ 779240.875300000421703, 4471197.307499999180436 ], [ 779225.584499999880791, 4471199.462899999693036 ], [ 779207.745500000193715, 4471201.277300000190735 ], [ 779189.437300000339746, 4471203.502499999478459 ], [ 779174.513500000350177, 4471204.796900000423193 ], [ 779163.638500000350177, 4471205.246500000357628 ], [ 779148.797500000335276, 4471205.819900000467896 ], [ 779137.518500000238419, 4471205.871500000357628 ], [ 779128.509499999694526, 4471205.872099999338388 ], [ 779112.414499999955297, 4471205.1415 ], [ 779099.1705, 4471204.487099999561906 ], [ 779090.621500000357628, 4471203.1667 ], [ 779084.726700000464916, 4471201.402699999511242 ], [ 779074.210699999704957, 4471197.285299999639392 ], [ 779050.332899999804795, 4471187.238500000908971 ], [ 778999.015300000086427, 4471165.187100000679493 ], [ 778961.259499999694526, 4471149.343900000676513 ], [ 778950.918499999679625, 4471145.927699999883771 ], [ 778894.476099999621511, 4471120.4869 ], [ 778859.625300000421703, 4471105.415899999439716 ], [ 778828.82149999961257, 4471091.976099999621511 ], [ 778802.328700000420213, 4471080.256300000473857 ], [ 778790.471699999645352, 4471075.1418999992311 ], [ 778779.4989, 4471073.375499999150634 ], [ 778772.973899999633431, 4471073.039300000295043 ], [ 778750.126899999566376, 4471077.45130000077188 ], [ 778716.821700000204146, 4471084.047900000587106 ], [ 778699.482699999585748, 4471092.542099999263883 ], [ 778699.054700000211596, 4471092.748299999162555 ], [ 778691.223899999633431, 4471087.870899999514222 ], [ 778497.224499999545515, 4470988.324500000104308 ], [ 778471.126899999566376, 4471115.68129999935627 ], [ 778425.500099999830127, 4471100.9649 ], [ 778424.380099999718368, 4471100.583699999377131 ], [ 778421.338100000284612, 4471099.550699999555945 ], [ 778241.00829999987036, 4471038.286100000143051 ], [ 778215.719899999909103, 4471149.089099999517202 ], [ 778149.150299999862909, 4471121.133099999278784 ], [ 778022.067300000227988, 4471061.7665 ], [ 778016.672100000083447, 4471058.9869 ], [ 778031.693500000052154, 4471044.0811 ], [ 778047.343700000084937, 4471023.071100000292063 ], [ 778056.800900000147521, 4471007.431700000539422 ], [ 778058.434100000187755, 4471003.710899999365211 ], [ 778056.254099999554455, 4471001.6009 ], [ 778051.744099999777973, 4470997.431700000539422 ], [ 778002.78969999961555, 4470960.961500000208616 ], [ 777975.903500000014901, 4470948.513900000602007 ], [ 777902.755900000222027, 4470924.6217 ], [ 777881.861100000329316, 4470919.803300000727177 ], [ 777863.778900000266731, 4470910.16609999909997 ], [ 777816.14670000039041, 4470899.459699999541044 ], [ 777745.361100000329316, 4470872.79450000077486 ], [ 777704.078300000168383, 4470858.712300000712276 ], [ 777676.010499999858439, 4470849.723300000652671 ], [ 777618.497899999842048, 4470833.23450000025332 ], [ 777609.96129999961704, 4470830.412699999287724 ], [ 777639.159500000067055, 4470783.337099999189377 ], [ 777660.73589999973774, 4470745.295499999076128 ], [ 777685.303299999795854, 4470699.684299999848008 ], [ 777701.314899999648333, 4470673.004100000485778 ], [ 777721.518099999986589, 4470685.632500000298023 ], [ 777740.564899999648333, 4470628.579299999400973 ], [ 777765.449500000104308, 4470631.224700000137091 ], [ 777780.793100000359118, 4470588.325899999588728 ], [ 777786.414099999703467, 4470561.095899999141693 ], [ 777765.281899999827147, 4470556.0197 ], [ 777741.391099999658763, 4470550.265100000426173 ], [ 777715.893099999986589, 4470544.5461 ], [ 777689.7023, 4470538.156300000846386 ], [ 777682.816300000064075, 4470535.503100000321865 ], [ 777679.331299999728799, 4470532.944900000467896 ], [ 777677.380499999970198, 4470529.886900000274181 ], [ 777676.585500000044703, 4470527.2668999992311 ], [ 777676.468500000424683, 4470525.2281 ], [ 777677.161500000394881, 4470517.714099999517202 ], [ 777680.090699999593198, 4470498.642699999734759 ], [ 777680.983900000341237, 4470489.326899999752641 ], [ 777682.019100000150502, 4470463.999299999326468 ], [ 777683.371500000357628, 4470441.277699999511242 ], [ 777684.89670000039041, 4470411.677300000563264 ], [ 777688.286299999803305, 4470371.598099999129772 ], [ 777690.294499999843538, 4470348.612500000745058 ], [ 777691.857699999585748, 4470333.849899999797344 ], [ 777695.108900000341237, 4470322.175300000235438 ], [ 777699.637099999934435, 4470309.408700000494719 ], [ 777708.862099999561906, 4470303.003100000321865 ], [ 777721.7341, 4470304.811499999836087 ], [ 777726.487099999561906, 4470305.009700000286102 ], [ 777743.944099999964237, 4470305.737299999222159 ], [ 777768.652900000102818, 4470306.342299999669194 ], [ 777780.302899999544024, 4470306.715700000524521 ], [ 777784.243900000117719, 4470306.841900000348687 ], [ 777785.972099999897182, 4470295.473099999129772 ], [ 777788.258100000210106, 4470287.911299999803305 ], [ 777791.351300000213087, 4470280.082499999552965 ], [ 777794.234299999661744, 4470273.2917 ], [ 777795.634300000034273, 4470266.156899999827147 ], [ 777796.525500000454485, 4470256.099099999293685 ], [ 777797.325699999928474, 4470244.966499999165535 ], [ 777798.910899999551475, 4470230.307700000703335 ], [ 777801.881099999882281, 4470211.451099999248981 ], [ 777806.162299999967217, 4470190.81870000064373 ], [ 777809.393500000238419, 4470179.3849 ], [ 777810.534099999815226, 4470175.741100000217557 ], [ 777926.044099999591708, 4470199.765900000929832 ], [ 777928.708300000056624, 4470185.5263 ], [ 777944.044099999591708, 4470191.034700000658631 ], [ 777959.688099999912083, 4470194.144300000742078 ], [ 777979.200100000016391, 4470186.530099999159575 ], [ 777986.031299999915063, 4470174.747700000181794 ], [ 777987.0795, 4470161.117900000885129 ], [ 777986.34250000026077, 4470151.633099999278784 ], [ 777985.988499999977648, 4470149.268100000917912 ], [ 777893.058299999684095, 4470100.292500000447035 ], [ 777918.661299999803305, 4470022.341700000688434 ], [ 777914.593299999833107, 4470020.857699999585748 ], [ 777942.071700000204146, 4469977.179500000551343 ], [ 777955.768299999646842, 4469951.457299999892712 ], [ 777958.844499999657273, 4469945.684499999508262 ], [ 777973.614099999889731, 4469919.1985 ], [ 777990.710900000296533, 4469885.146299999207258 ], [ 778262.198499999940395, 4470021.136900000274181 ], [ 778279.333499999716878, 4469977.9759 ], [ 778289.07010000012815, 4469954.4287 ], [ 778315.135900000110269, 4469959.215500000864267 ], [ 778382.99930000025779, 4469981.0877 ], [ 778449.174700000323355, 4470007.560699999332428 ], [ 778475.396499999798834, 4470018.25650000013411 ], [ 778534.322300000116229, 4470040.847300000488758 ], [ 778539.400299999862909, 4470041.680500000715256 ], [ 778549.936300000175834, 4470028.295099999755621 ], [ 778557.561499999836087, 4470016.4485 ], [ 778568.3277000002563, 4469997.245300000533462 ], [ 778580.567300000227988, 4469975.173100000247359 ], [ 778593.427899999544024, 4469951.250900000333786 ], [ 778599.616100000217557, 4469940.694299999624491 ], [ 778604.156299999915063, 4469934.278699999675155 ], [ 778612.408699999563396, 4469923.479100000113249 ], [ 778613.504700000397861, 4469921.355100000277162 ], [ 778613.878700000233948, 4469920.062300000339746 ], [ 778614.078700000420213, 4469918.278300000354648 ], [ 778614.228900000452995, 4469915.767300000414252 ], [ 778614.251899999566376, 4469913.650299999862909 ], [ 778613.824900000356138, 4469911.011299999430776 ], [ 778611.678100000135601, 4469904.387299999594688 ], [ 778606.105499999597669, 4469890.739299999549985 ], [ 778602.795699999667704, 4469883.104299999773502 ], [ 778598.228900000452995, 4469873.504300000146031 ], [ 778586.08669999986887, 4469841.872500000521541 ], [ 778577.724299999885261, 4469822.877499999478459 ], [ 778576.343299999833107, 4469820.86629999987781 ], [ 778574.706500000320375, 4469819.440300000831485 ], [ 778570.49349999986589, 4469816.971300000324845 ], [ 778535.266900000162423, 4469799.727299999445677 ], [ 778502.662499999627471, 4469783.963300000876188 ], [ 778475.647699999623001, 4469770.7675 ], [ 778463.747899999842048, 4469765.566099999472499 ], [ 778457.644899999722838, 4469763.428899999707937 ], [ 778436.497100000269711, 4469757.755100000649691 ], [ 778410.941300000064075, 4469752.039300000295043 ], [ 778373.880499999970198, 4469743.659099999815226 ], [ 778334.835900000296533, 4469735.004899999126792 ], [ 778308.318900000303984, 4469729.921900000423193 ], [ 778287.749099999666214, 4469726.321100000292063 ], [ 778268.027300000190735, 4469722.66950000077486 ], [ 778259.004300000146031, 4469720.260299999266863 ], [ 778242.809500000439584, 4469713.949699999764562 ], [ 778214.785899999551475, 4469699.904899999499321 ], [ 778170.775500000454485, 4469676.830700000748038 ], [ 778122.999099999666214, 4469653.407299999147654 ], [ 778119.4841, 4469651.834100000560284 ], [ 778104.963299999944866, 4469646.94370000064373 ], [ 778100.832299999892712, 4469646.23450000025332 ], [ 778089.130300000309944, 4469645.487099999561906 ], [ 778084.379300000146031, 4469644.9419 ], [ 778080.279500000178814, 4469644.471699999645352 ], [ 778077.752500000409782, 4469644.182700000703335 ], [ 778062.530500000342727, 4469641.44510000012815 ], [ 778015.79590000025928, 4469631.844499999657273 ], [ 777980.483900000341237, 4469625.465299999341369 ], [ 777953.131099999882281, 4469620.058499999344349 ], [ 777949.476099999621511, 4469619.572300000116229 ], [ 777931.915300000458956, 4469618.080700000748038 ], [ 777917.863300000317395, 4469616.819299999624491 ], [ 777917.480499999597669, 4469611.32630000077188 ], [ 777921.330500000156462, 4469610.957499999552965 ], [ 777923.316499999724329, 4469610.065500000491738 ], [ 777951.590300000272691, 4469579.397099999710917 ], [ 777956.779500000178814, 4469572.910299999639392 ], [ 777959.361499999649823, 4469569.683499999344349 ], [ 777970.484899999573827, 4469551.11710000038147 ], [ 777942.324500000104308, 4469532.156500000506639 ], [ 777934.784699999727309, 4469527.108300000429153 ], [ 777920.482900000177324, 4469516.980900000780821 ], [ 777815.923899999819696, 4469450.281099999323487 ], [ 777744.549100000411272, 4469405.852099999785423 ], [ 777686.985100000165403, 4469367.309699999168515 ], [ 777682.408099999651313, 4469373.830299999564886 ], [ 777678.739099999889731, 4469372.467299999669194 ], [ 777620.476700000464916, 4469352.896299999207258 ], [ 777582.075899999588728, 4469345.238099999725819 ], [ 777554.931099999696016, 4469338.54109999909997 ], [ 777514.677899999544024, 4469344.001499999314547 ], [ 777508.164900000207126, 4469348.075300000607967 ], [ 777385.161100000143051, 4469344.307700000703335 ], [ 777383.068300000391901, 4469335.435900000855327 ], [ 777379.290300000458956, 4469333.239700000733137 ], [ 777321.257100000046194, 4469304.3301 ], [ 777275.821700000204146, 4469285.692700000479817 ], [ 777247.416100000031292, 4469274.917700000107288 ], [ 777212.509499999694526, 4469258.190700000151992 ], [ 777141.355700000189245, 4469220.755699999630451 ], [ 777135.02350000012666, 4469228.716299999505281 ], [ 777125.546900000423193, 4469244.045700000599027 ], [ 777100.231100000441074, 4469282.247300000861287 ], [ 777034.194500000216067, 4469392.275900000706315 ], [ 776940.897499999962747, 4469525.375499999150634 ], [ 776912.36629999987781, 4469570.034700000658631 ], [ 776597.648900000378489, 4469448.2511 ], [ 776564.057300000451505, 4469434.306099999696016 ], [ 776564.662899999879301, 4469452.777699999511242 ], [ 776565.436700000427663, 4469457.900699999183416 ], [ 776566.984899999573827, 4469488.993300000205636 ], [ 776567.903099999763072, 4469512.690899999812245 ], [ 776569.814100000075996, 4469553.175300000235438 ], [ 776570.898699999786913, 4469569.68610000051558 ], [ 776571.578099999576807, 4469588.981899999082088 ], [ 776570.886099999770522, 4469592.2917 ], [ 776594.028500000014901, 4470046.690300000831485 ], [ 776593.153500000014901, 4470054.1570999994874 ], [ 776591.513500000350177, 4470059.38289999961853 ], [ 776587.914300000295043, 4470064.846699999645352 ], [ 776583.061300000175834, 4470074.1743 ], [ 776578.375099999830127, 4470084.648900000378489 ], [ 776575.004099999554455, 4470091.085699999704957 ], [ 776572.702100000344217, 4470095.13150000013411 ], [ 776567.192900000140071, 4470102.099300000816584 ], [ 776565.307900000363588, 4470106.230100000277162 ], [ 776562.347900000400841, 4470115.378900000825524 ], [ 776555.156499999575317, 4470145.836100000888109 ], [ 776552.80350000038743, 4470150.079900000244379 ], [ 776550.912499999627471, 4470153.489700000733137 ], [ 776546.818300000391901, 4470160.873500000685453 ], [ 776540.386300000362098, 4470172.176100000739098 ], [ 776534.324099999852479, 4470182.437699999660254 ], [ 776528.561099999584258, 4470191.6283 ], [ 776525.339900000020862, 4470195.826099999248981 ], [ 776516.694899999536574, 4470205.606499999761581 ], [ 776515.238699999637902, 4470210.220499999821186 ], [ 776519.919099999591708, 4470212.555500000715256 ], [ 776520.163900000043213, 4470212.677500000223517 ], [ 776527.065700000151992, 4470213.319900000467896 ], [ 776541.622700000181794, 4470215.24129999987781 ], [ 776552.285699999891222, 4470216.264699999243021 ], [ 776560.609699999913573, 4470216.605100000277162 ], [ 776575.212700000032783, 4470215.23450000025332 ], [ 776589.420699999667704, 4470214.300100000575185 ], [ 776600.409699999727309, 4470214.079500000923872 ], [ 776611.298700000159442, 4470214.9989 ], [ 776623.026499999687076, 4470217.142300000414252 ], [ 776635.037499999627471, 4470220.181700000539422 ], [ 776639.248499999754131, 4470221.246899999678135 ], [ 776650.673499999567866, 4470223.781300000846386 ], [ 776660.297500000335276, 4470225.138499999418855 ], [ 776670.739500000141561, 4470225.652899999171495 ], [ 776683.74129999987781, 4470225.469499999657273 ], [ 776696.140300000086427, 4470226.174900000914931 ], [ 776712.4222999997437, 4470227.809499999508262 ], [ 776737.630300000309944, 4470230.213300000876188 ], [ 776759.71030000038445, 4470231.77309999987483 ], [ 776773.630300000309944, 4470231.489700000733137 ], [ 776782.291299999691546, 4470230.491900000721216 ], [ 776795.191300000064075, 4470226.884500000625849 ], [ 776810.66330000013113, 4470222.55210000090301 ], [ 776830.004300000146031, 4470215.272900000214577 ], [ 776840.475300000049174, 4470210.527499999850988 ], [ 776850.257500000298023, 4470204.961899999529123 ], [ 776863.145499999634922, 4470196.150499999523163 ], [ 776872.947499999776483, 4470188.261099999770522 ], [ 776882.054700000211596, 4470180.606499999761581 ], [ 776893.813699999824166, 4470170.082299999892712 ], [ 776902.379900000058115, 4470162.883500000461936 ], [ 776903.63190000038594, 4470167.288899999111891 ], [ 776910.340699999593198, 4470180.684699999168515 ], [ 776914.832299999892712, 4470199.127499999478459 ], [ 776919.223100000061095, 4470216.38230000063777 ], [ 776923.319899999536574, 4470236.401100000366569 ], [ 776924.683899999596179, 4470244.559100000187755 ], [ 776927.884700000286102, 4470257.289899999275804 ], [ 776930.602500000037253, 4470269.831700000911951 ], [ 776933.294300000183284, 4470286.046700000762939 ], [ 776935.895299999974668, 4470296.957499999552965 ], [ 776937.729100000113249, 4470303.775499999523163 ], [ 776938.295099999755621, 4470307.942500000819564 ], [ 776938.344100000336766, 4470309.608300000429153 ], [ 776938.215099999681115, 4470311.006300000473857 ], [ 776938.009100000374019, 4470312.068299999460578 ], [ 776937.108900000341237, 4470316.142300000414252 ], [ 776937.96889999974519, 4470321.050100000575185 ], [ 776939.668899999931455, 4470332.565099999308586 ], [ 776940.159699999727309, 4470338.809900000691414 ], [ 776939.942699999548495, 4470351.028699999675155 ], [ 776941.675499999895692, 4470365.944499999284744 ], [ 776942.404299999587238, 4470383.747300000861287 ], [ 776943.998100000433624, 4470398.564099999144673 ], [ 776947.368900000117719, 4470418.3279 ], [ 776948.4227, 4470430.949699999764562 ], [ 776952.137299999594688, 4470454.376299999654293 ], [ 776957.446100000292063, 4470477.585100000724196 ], [ 776957.621100000105798, 4470477.750099999830127 ], [ 776957.8761, 4470478.3191 ], [ 776958.485100000165403, 4470479.322100000455976 ], [ 776959.274100000038743, 4470481.883099999278784 ], [ 776960.3739, 4470488.04109999909997 ], [ 776962.917700000107288, 4470502.86089999973774 ], [ 776965.824699999764562, 4470516.107699999585748 ], [ 776966.948499999940395, 4470518.488700000569224 ], [ 776967.702499999664724, 4470519.8257 ], [ 776968.828499999828637, 4470525.71169999986887 ], [ 776969.80350000038743, 4470531.089700000360608 ], [ 776971.212299999780953, 4470536.217700000852346 ], [ 776972.205299999564886, 4470542.241499999538064 ], [ 776973.202100000344217, 4470551.836500000208616 ], [ 776974.275100000202656, 4470559.3893 ], [ 776975.595099999569356, 4470569.586300000548363 ], [ 776976.450899999588728, 4470576.668099999427795 ], [ 776977.441899999976158, 4470583.7820999994874 ], [ 776977.767900000326335, 4470584.452099999412894 ], [ 776978.297899999655783, 4470585.150100000202656 ], [ 776978.75690000038594, 4470585.714099999517202 ], [ 776979.010700000450015, 4470586.2511 ], [ 776983.259700000286102, 4470600.033900000154972 ], [ 776988.075500000268221, 4470619.209899999201298 ], [ 776989.826299999840558, 4470625.516699999570847 ], [ 776992.788099999539554, 4470636.038699999451637 ], [ 776993.012099999934435, 4470636.71169999986887 ], [ 776993.152099999599159, 4470637.99970000050962 ], [ 776992.632100000046194, 4470648.01549999974668 ], [ 776991.914900000207126, 4470657.184299999848008 ], [ 776990.546900000423193, 4470662.386099999770522 ], [ 776990.635700000450015, 4470668.786100000143051 ], [ 776990.841699999757111, 4470677.319900000467896 ], [ 776991.294700000435114, 4470682.925899999216199 ], [ 776993.081299999728799, 4470718.963300000876188 ], [ 776993.464100000448525, 4470726.980100000277162 ], [ 776994.139899999834597, 4470741.140900000929832 ], [ 776994.708899999968708, 4470751.794700000435114 ], [ 776995.969700000248849, 4470765.856499999761581 ], [ 776996.633500000461936, 4470773.260500000789762 ], [ 776998.014499999582767, 4470786.114299999549985 ], [ 776999.5472999997437, 4470798.92710000090301 ], [ 777001.337100000120699, 4470813.892899999395013 ], [ 777002.172100000083447, 4470821.210899999365211 ], [ 777003.517900000326335, 4470830.67369999922812 ], [ 777004.651700000278652, 4470838.752499999478459 ], [ 777005.212700000032783, 4470845.22749999910593 ], [ 777005.962700000032783, 4470851.147299999371171 ], [ 777006.512699999846518, 4470855.4923 ], [ 777007.077499999664724, 4470859.012299999594688 ], [ 777006.960500000044703, 4470861.964299999177456 ], [ 777006.540500000119209, 4470866.755100000649691 ], [ 777006.539499999955297, 4470867.266100000590086 ], [ 777006.537499999627471, 4470868.322100000455976 ], [ 777006.520299999974668, 4470878.212899999693036 ], [ 777006.499099999666214, 4470890.247700000181794 ], [ 777006.481100000441074, 4470900.967499999329448 ], [ 777006.479899999685585, 4470908.773499999195337 ], [ 777006.040900000371039, 4470913.065300000831485 ], [ 777005.895899999886751, 4470913.474300000816584 ], [ 777005.488900000229478, 4470914.61629999987781 ], [ 777004.977900000289083, 4470916.052300000563264 ], [ 777004.242899999953806, 4470918.119100000709295 ], [ 777003.009899999946356, 4470921.465099999681115 ], [ 776999.9057, 4470932.675699999555945 ], [ 776998.839700000360608, 4470940.324500000104308 ], [ 776997.330500000156462, 4470952.1733 ], [ 776996.156299999915063, 4470963.7061 ], [ 776995.201100000180304, 4470979.070699999108911 ], [ 776995.18709999974817, 4470986.602700000628829 ], [ 776995.605899999849498, 4470998.888499999418855 ], [ 776998.411700000055134, 4471020.270099999383092 ], [ 776998.963700000196695, 4471024.395099999383092 ], [ 777003.816499999724329, 4471041.496899999678135 ], [ 777005.294300000183284, 4471055.135700000450015 ], [ 777005.3273, 4471057.908700000494719 ], [ 777007.568900000303984, 4471087.224300000816584 ], [ 777010.365699999965727, 4471106.966099999845028 ], [ 777009.645700000226498, 4471108.969100000336766 ], [ 777009.141699999570847, 4471109.809900000691414 ], [ 777008.330500000156462, 4471114.135900000110269 ], [ 777007.845499999821186, 4471127.229699999094009 ], [ 777007.939299999736249, 4471135.828500000759959 ], [ 777008.0472999997437, 4471145.614299999549985 ], [ 777009.27309999987483, 4471157.913100000470877 ], [ 777010.076899999752641, 4471164.94510000012815 ], [ 777010.474899999797344, 4471172.405899999663234 ], [ 777010.497700000181794, 4471179.395899999886751 ], [ 777011.533499999903142, 4471199.20549999922514 ], [ 777011.694500000216067, 4471204.10050000064075 ], [ 777011.896499999798834, 4471211.554300000891089 ], [ 777012.049300000071526, 4471229.502100000157952 ], [ 777013.157100000418723, 4471241.5929000005126 ], [ 777013.597900000400841, 4471256.268699999898672 ], [ 777013.924700000323355, 4471268.748500000685453 ], [ 777013.168700000271201, 4471274.112299999222159 ], [ 777012.621700000017881, 4471278.861099999397993 ], [ 777012.409500000067055, 4471288.16190000064671 ], [ 777012.456500000320375, 4471299.4759 ], [ 777012.252299999818206, 4471308.993699999526143 ], [ 777012.604899999685585, 4471336.559100000187755 ], [ 777012.467699999921024, 4471365.784700000658631 ], [ 777012.635499999858439, 4471379.463300000876188 ], [ 777007.2193, 4471388.926100000739098 ], [ 777005.601300000213087, 4471391.798900000751019 ], [ 777023.872100000269711, 4471402.930500000715256 ], [ 777046.902099999599159, 4471412.719100000336766 ], [ 777063.154900000430644, 4471421.385500000789762 ], [ 777079.049700000323355, 4471430.82289999909699 ], [ 777107.936700000427663, 4471434.31389999948442 ], [ 777127.96750000026077, 4471433.856699999421835 ], [ 777154.683500000275671, 4471435.62470000050962 ], [ 777177.259300000034273, 4471439.915500000119209 ], [ 777219.858300000429153, 4471447.0449 ], [ 777222.674300000071526, 4471447.23509999923408 ], [ 777233.001299999654293, 4471447.047499999403954 ], [ 777253.143099999986589, 4471450.765100000426173 ], [ 777276.952899999916553, 4471458.003900000825524 ], [ 777274.601700000464916, 4471474.462500000372529 ], [ 777272.1875, 4471499.252900000661612 ], [ 777271.871299999766052, 4471523.4375 ], [ 777267.746899999678135, 4471553.142899999395013 ], [ 777264.743300000205636, 4471596.905899999663234 ], [ 777264.062300000339746, 4471610.22069999948144 ], [ 777263.821100000292063, 4471616.469499999657273 ], [ 777261.683100000023842, 4471623.677500000223517 ], [ 777260.835099999792874, 4471629.433299999684095 ], [ 777259.539900000207126, 4471634.3421 ], [ 777258.079900000244379, 4471642.213899999856949 ], [ 777256.4227, 4471649.542700000107288 ], [ 777251.440700000151992, 4471666.202299999073148 ], [ 777249.971499999985099, 4471671.279100000858307 ], [ 777249.28249999973923, 4471673.6570999994874 ], [ 777246.079300000332296, 4471684.724700000137091 ], [ 777244.651300000026822, 4471690.911699999123812 ], [ 777242.727300000376999, 4471699.893300000578165 ], [ 777239.920099999755621, 4471708.048100000247359 ], [ 777235.838100000284612, 4471718.305700000375509 ], [ 777232.171900000423193, 4471729.973500000312924 ], [ 777228.66370000038296, 4471742.303099999204278 ], [ 777224.063500000163913, 4471759.305500000715256 ], [ 777219.536299999803305, 4471775.450099999085069 ], [ 777217.087299999780953, 4471786.814899999648333 ], [ 777215.912100000306964, 4471796.964700000360608 ], [ 777214.866100000217557, 4471802.489499999210238 ], [ 777205.647900000214577, 4471825.926699999719858 ], [ 777194.488499999977648, 4471852.233899999409914 ], [ 777187.605299999937415, 4471874.202299999073148 ], [ 777175.946899999864399, 4471904.647299999371171 ], [ 777167.764700000174344, 4471919.005699999630451 ], [ 777164.670300000347197, 4471917.531500000506639 ], [ 777156.852900000289083, 4471914.323699999600649 ], [ 777143.25789999961853, 4471913.358899999409914 ], [ 777126.984899999573827, 4471914.108300000429153 ], [ 777112.435899999924004, 4471922.533700000494719 ], [ 777096.436700000427663, 4471934.313699999824166 ], [ 777079.232699999585748, 4471945.865900000557303 ], [ 777071.610700000077486, 4471949.39949999935925 ], [ 777066.37569999974221, 4471950.911299999803305 ], [ 777061.015700000338256, 4471951.238099999725819 ], [ 777055.355700000189245, 4471950.999900000169873 ], [ 777038.226700000464916, 4471947.879300000146031 ], [ 777027.139700000174344, 4471945.895899999886751 ], [ 777020.970900000073016, 4471944.968699999153614 ], [ 777017.0329, 4471944.442700000479817 ], [ 777012.090900000184774, 4471944.273499999195337 ], [ 777006.560899999924004, 4471944.609300000593066 ], [ 776998.686900000087917, 4471945.7379 ], [ 776986.219899999909103, 4471949.675499999895692 ], [ 776974.419900000095367, 4471952.66190000064671 ], [ 776965.999900000169873, 4471954.464500000700355 ], [ 776960.719899999909103, 4471955.059299999848008 ], [ 776955.52489999961108, 4471955.276100000366569 ], [ 776949.783900000154972, 4471954.770899999886751 ], [ 776936.230899999849498, 4471953.145500000566244 ], [ 776921.358900000341237, 4471950.968900000676513 ], [ 776912.588100000284612, 4471949.725700000301003 ], [ 776905.94510000012815, 4471947.593499999493361 ], [ 776902.843100000172853, 4471946.831299999728799 ], [ 776898.808100000023842, 4471945.554300000891089 ], [ 776895.455099999904633, 4471944.425100000575185 ], [ 776891.679100000299513, 4471943.723099999129772 ], [ 776882.88910000026226, 4471942.820699999108911 ], [ 776877.77309999987483, 4471942.557499999180436 ], [ 776871.116100000217557, 4471942.8103 ], [ 776868.464300000108778, 4471942.870100000873208 ], [ 776867.646300000138581, 4471942.8421 ], [ 776859.369300000369549, 4471939.871899999678135 ], [ 776851.412299999967217, 4471935.013699999079108 ], [ 776846.517300000414252, 4471932.288499999791384 ], [ 776840.172500000335276, 4471929.123299999162555 ], [ 776835.509499999694526, 4471927.680099999532104 ], [ 776828.931499999947846, 4471925.341900000348687 ], [ 776821.511500000022352, 4471923.181700000539422 ], [ 776795.42850000038743, 4471914.007500000298023 ], [ 776757.805900000035763, 4471909.427699999883771 ], [ 776745.196899999864399, 4471909.049100000411272 ], [ 776735.106900000013411, 4471908.72069999948144 ], [ 776726.936900000087917, 4471907.959499999880791 ], [ 776718.491899999789894, 4471907.176100000739098 ], [ 776708.426900000311434, 4471905.960899999365211 ], [ 776699.183100000023842, 4471904.093499999493361 ], [ 776689.393099999986589, 4471900.074300000444055 ], [ 776685.909099999815226, 4471898.405099999159575 ], [ 776679.735100000165403, 4471896.694900000467896 ], [ 776671.953300000168383, 4471894.1097 ], [ 776663.148299999535084, 4471892.902300000190735 ], [ 776656.467299999669194, 4471892.0011 ], [ 776646.58629999961704, 4471891.765699999406934 ], [ 776640.648299999535084, 4471892.155500000342727 ], [ 776629.311300000175834, 4471892.8081 ], [ 776619.431300000287592, 4471894.035700000822544 ], [ 776605.08530000038445, 4471895.141100000590086 ], [ 776596.333300000056624, 4471896.48589999973774 ], [ 776581.393500000238419, 4471897.244300000369549 ], [ 776564.959499999880791, 4471898.0757 ], [ 776547.48450000025332, 4471899.229900000616908 ], [ 776534.869500000029802, 4471900.217499999329448 ], [ 776525.257500000298023, 4471901.3651 ], [ 776516.607499999925494, 4471902.703700000420213 ], [ 776508.394500000402331, 4471903.204299999400973 ], [ 776493.933500000275671, 4471904.041899999603629 ], [ 776481.218500000424683, 4471903.637299999594688 ], [ 776471.772499999962747, 4471903.279100000858307 ], [ 776464.017699999734759, 4471902.7017 ], [ 776454.519700000062585, 4471902.651499999687076 ], [ 776451.372700000181794, 4471903.077299999073148 ], [ 776449.359699999913573, 4471903.6853 ], [ 776446.75870000012219, 4471904.084100000560284 ], [ 776438.677699999883771, 4471903.7939 ], [ 776431.089700000360608, 4471903.1415 ], [ 776423.382699999958277, 4471902.834300000220537 ], [ 776415.395700000226498, 4471903.799900000914931 ], [ 776404.773699999786913, 4471905.88150000013411 ], [ 776397.523699999786913, 4471906.608300000429153 ], [ 776389.924700000323355, 4471907.1469 ], [ 776381.282700000330806, 4471907.9397 ], [ 776371.283699999563396, 4471909.515100000426173 ], [ 776368.46169999986887, 4471910.298100000247359 ], [ 776359.938699999824166, 4471910.142899999395013 ], [ 776277.36089999973774, 4471922.077500000596046 ], [ 776269.835900000296533, 4471927.346100000664592 ], [ 776262.077899999916553, 4471930.014699999243021 ], [ 776253.398699999786913, 4471932.376299999654293 ], [ 776239.56969999987632, 4471936.17090000025928 ], [ 776230.060700000263751, 4471938.885500000789762 ], [ 776218.613699999637902, 4471940.459899999201298 ], [ 776206.591699999757111, 4471941.273499999195337 ], [ 776193.850899999961257, 4471942.70409999974072 ], [ 776184.2829, 4471943.150699999183416 ], [ 776172.096900000236928, 4471943.243100000545382 ], [ 776160.588899999856949, 4471943.611700000241399 ], [ 776144.160899999551475, 4471944.221100000664592 ], [ 776133.014899999834597, 4471945.08669999986887 ], [ 776123.402900000102818, 4471946.204299999400973 ], [ 776116.556900000199676, 4471947.942099999636412 ], [ 776103.572900000028312, 4471950.913499999791384 ], [ 776085.604899999685585, 4471954.309699999168515 ], [ 776075.433899999596179, 4471956.4463 ], [ 776064.869900000281632, 4471958.335899999365211 ], [ 776060.866899999789894, 4471958.463700000196695 ], [ 776055.694899999536574, 4471958.066500000655651 ], [ 776044.503100000321865, 4471956.277300000190735 ], [ 776032.553100000135601, 4471954.403699999675155 ], [ 776019.53110000025481, 4471953.296299999579787 ], [ 776012.39809999987483, 4471952.4331 ], [ 776001.213299999944866, 4471948.550699999555945 ], [ 775989.058299999684095, 4471943.959300000220537 ], [ 775977.63329999987036, 4471938.968100000172853 ], [ 775969.555499999783933, 4471934.784700000658631 ], [ 775964.346499999985099, 4471931.288699999451637 ], [ 775955.308500000275671, 4471925.990499999374151 ], [ 775914.0307, 4471919.886299999430776 ], [ 775897.697900000028312, 4471915.719499999657273 ], [ 775894.040900000371039, 4471915.781300000846386 ], [ 775887.242899999953806, 4471914.317099999636412 ], [ 775879.021900000050664, 4471912.795700000599027 ], [ 775868.418899999931455, 4471912.707299999892712 ], [ 775850.147900000214577, 4471912.431700000539422 ], [ 775836.962100000120699, 4471911.490299999713898 ], [ 775828.729100000113249, 4471910.398900000378489 ], [ 775821.238099999725819, 4471908.901699999347329 ], [ 775814.362099999561906, 4471908.238500000908971 ], [ 775805.1091, 4471907.8081 ], [ 775798.547100000083447, 4471907.546900000423193 ], [ 775792.137099999934435, 4471907.191700000315905 ], [ 775789.792100000195205, 4471907.398499999195337 ], [ 775787.913099999539554, 4471907.731499999761581 ], [ 775787.189100000075996, 4471908.389499999582767 ], [ 775775.614299999549985, 4471902.948100000619888 ], [ 775733.574900000356138, 4471893.6765 ], [ 775669.00069999974221, 4471886.444299999624491 ], [ 775651.436499999836087, 4471885.411100000143051 ], [ 775590.995099999941885, 4471887.994100000709295 ], [ 775560.942099999636412, 4471882.736500000581145 ], [ 775565.663099999539554, 4471863.192099999636412 ], [ 775566.539300000295043, 4471860.364099999889731 ], [ 775564.571299999952316, 4471854.958499999716878 ], [ 775530.865500000305474, 4471844.517899999395013 ], [ 775505.56969999987632, 4471838.849099999293685 ], [ 775502.548700000159442, 4471837.348099999129772 ], [ 775497.121700000017881, 4471836.222899999469519 ], [ 775496.168300000019372, 4471836.33390000090003 ], [ 775487.256699999794364, 4471837.370500000193715 ], [ 775479.44469999987632, 4471837.557499999180436 ], [ 775449.475700000301003, 4471838.275100000202656 ], [ 775449.371899999678135, 4471823.622300000861287 ], [ 775445.163900000043213, 4471816.668299999088049 ], [ 775441.283099999651313, 4471810.894300000742078 ], [ 775433.777099999599159, 4471804.49210000038147 ], [ 775418.381299999542534, 4471801.586500000208616 ], [ 775404.503299999982119, 4471797.868100000545382 ], [ 775393.868300000205636, 4471795.8717 ], [ 775380.03830000013113, 4471799.803300000727177 ], [ 775373.919300000183284, 4471802.846899999305606 ], [ 775366.050499999895692, 4471785.5099 ], [ 775349.75789999961853, 4471746.38910000026226 ], [ 775340.925300000235438, 4471725.313100000843406 ], [ 775333.037499999627471, 4471708.722100000828505 ], [ 775322.529699999839067, 4471691.201899999752641 ], [ 775310.908900000154972, 4471673.093900000676513 ], [ 775307.09389999974519, 4471666.5168999992311 ], [ 775303.082899999804795, 4471665.941700000315905 ], [ 775300.684899999760091, 4471666.478700000792742 ], [ 775297.13190000038594, 4471668.092499999329448 ], [ 775285.957899999804795, 4471675.416899999603629 ], [ 775272.260700000450015, 4471686.781099999323487 ], [ 775245.336500000208616, 4471709.513699999079108 ], [ 775241.732499999925494, 4471713.476500000804663 ], [ 775239.777499999850988, 4471714.536499999463558 ], [ 775237.661100000143051, 4471718.570299999788404 ], [ 775243.230499999597669, 4471721.465500000864267 ], [ 775214.790900000371039, 4471776.025499999523163 ], [ 775237.199699999764562, 4471794.43889999948442 ], [ 775245.771499999798834, 4471801.479100000113249 ], [ 775251.76549999974668, 4471804.668299999088049 ], [ 775242.298299999907613, 4471826.978499999269843 ], [ 775236.972299999557436, 4471836.510299999266863 ], [ 775223.398900000378489, 4471875.437100000679493 ], [ 775217.907700000330806, 4471890.80350000038743 ], [ 775218.049700000323355, 4471892.310499999672174 ], [ 775219.56969999987632, 4471893.535499999299645 ], [ 775222.002700000070035, 4471894.856699999421835 ], [ 775222.824699999764562, 4471894.770700000226498 ], [ 775222.541699999943376, 4471895.433700000867248 ], [ 775221.300300000235438, 4471899.304500000551343 ], [ 775214.911700000055134, 4471910.683900000527501 ], [ 775206.732900000177324, 4471920.264699999243021 ], [ 775213.144100000150502, 4471924.733300000429153 ], [ 775211.4671, 4471929.961300000548363 ], [ 775196.593100000172853, 4471944.954700000584126 ], [ 775183.654099999926984, 4471954.066099999472499 ], [ 775175.257699999958277, 4471952.24070000089705 ], [ 775169.438500000163913, 4471950.975700000301003 ], [ 775168.123700000345707, 4471950.5307 ], [ 775149.351300000213087, 4471944.176899999380112 ], [ 775126.714499999769032, 4471933.14949999935925 ], [ 775123.817499999888241, 4471932.122300000861287 ], [ 775113.100499999709427, 4471929.540899999439716 ], [ 775083.576700000092387, 4471922.788899999111891 ], [ 775072.729700000025332, 4471920.3277000002563 ], [ 775064.020899999886751, 4471917.828299999237061 ], [ 775049.346900000236928, 4471913.548900000751019 ], [ 775042.118900000117719, 4471911.589700000360608 ], [ 775040.344899999909103, 4471911.370500000193715 ], [ 775037.958899999968708, 4471911.111500000581145 ], [ 775035.0159, 4471911.2303 ], [ 775001.587899999693036, 4471918.2051 ], [ 774923.237900000065565, 4471934.123700000345707 ], [ 774914.608900000341237, 4471935.950500000268221 ], [ 774903.770100000314415, 4471938.502900000661612 ], [ 774902.491899999789894, 4471938.4869 ], [ 774871.952100000344217, 4471942.151699999347329 ], [ 774863.333100000396371, 4471942.665300000458956 ], [ 774833.612099999561906, 4471941.738299999386072 ], [ 774820.175099999643862, 4471941.4539 ], [ 774801.074300000444055, 4471943.708100000396371 ], [ 774799.059100000187755, 4471943.780099999159575 ], [ 774775.215099999681115, 4471947.843100000172853 ], [ 774774.724100000225008, 4471949.056099999696016 ], [ 774726.647300000302494, 4471957.736099999397993 ], [ 774650.138299999758601, 4471968.19789999909699 ], [ 774638.533699999563396, 4471967.7259 ], [ 774508.862700000405312, 4471566.108899999409914 ], [ 774526.496700000017881, 4471568.167500000447035 ], [ 774552.814699999988079, 4471567.593499999493361 ], [ 774556.246299999766052, 4471567.144099999219179 ], [ 774551.709499999880791, 4471540.724899999797344 ], [ 774511.285299999639392, 4471468.660900000482798 ], [ 774483.174100000411272, 4471414.190700000151992 ], [ 774468.089700000360608, 4471382.758300000801682 ], [ 774494.486100000329316, 4471359.037100000306964 ], [ 774477.018099999986589, 4471339.277699999511242 ], [ 774462.216300000436604, 4471332.001299999654293 ], [ 774439.216500000096858, 4471308.602900000289083 ], [ 774448.956699999980628, 4471299.031500000506639 ], [ 774454.207700000144541, 4471290.323699999600649 ], [ 774459.335900000296533, 4471282.768100000917912 ], [ 774481.284099999815226, 4471250.430500000715256 ], [ 774456.519700000062585, 4471222.676100000739098 ], [ 774433.629900000058115, 4471265.156300000846386 ], [ 774428.63150000013411, 4471273.3355 ], [ 774408.985700000077486, 4471292.363700000569224 ], [ 774391.691899999976158, 4471305.498099999502301 ], [ 774370.4222999997437, 4471324.047700000926852 ], [ 774342.578700000420213, 4471339.892300000414252 ], [ 774334.844499999657273, 4471340.665100000798702 ], [ 774331.363900000229478, 4471342.983899999409914 ], [ 774329.410500000230968, 4471342.71309999935329 ], [ 774293.696299999952316, 4471317.665100000798702 ], [ 774291.71030000038445, 4471316.933900000527501 ], [ 774286.997700000181794, 4471317.623099999502301 ], [ 774284.584099999628961, 4471318.197300000116229 ], [ 774281.480700000189245, 4471316.3597 ], [ 774273.52309999987483, 4471310.465500000864267 ], [ 774268.810499999672174, 4471303.344100000336766 ], [ 774262.833700000308454, 4471293.236500000581145 ], [ 774256.386699999682605, 4471275.156300000846386 ], [ 774244.918899999931455, 4471226.000099999830127 ], [ 774247.394899999722838, 4471225.593299999833107 ], [ 774275.202899999916553, 4471213.79450000077486 ], [ 774327.097900000400841, 4471194.353700000792742 ], [ 774359.114099999889731, 4471181.214099999517202 ], [ 774408.649100000038743, 4471160.554300000891089 ], [ 774405.573300000280142, 4471152.489499999210238 ], [ 774398.030500000342727, 4471123.175699999555945 ], [ 774389.669900000095367, 4471090.949899999424815 ], [ 774388.530899999663234, 4471085.8399 ], [ 774384.038099999539554, 4471081.551899999380112 ], [ 774370.779099999926984, 4471073.288499999791384 ], [ 774362.527099999599159, 4471067.3443 ], [ 774356.429299999959767, 4471059.238299999386072 ], [ 774356.157300000078976, 4471057.282299999147654 ], [ 774354.032300000078976, 4471057.716099999845028 ], [ 774352.373300000093877, 4471056.155099999159575 ], [ 774350.739299999549985, 4471054.664100000634789 ], [ 774349.119300000369549, 4471053.525100000202656 ], [ 774346.034300000406802, 4471052.8429000005126 ], [ 774344.385700000450015, 4471052.327099999412894 ], [ 774339.213299999944866, 4471053.125700000673532 ], [ 774315.157300000078976, 4471057.474700000137091 ], [ 774303.00829999987036, 4471059.268300000578165 ], [ 774289.318300000391901, 4471063.024700000882149 ], [ 774273.643299999646842, 4471067.754100000485778 ], [ 774254.950299999676645, 4471073.484099999070168 ], [ 774239.164300000295043, 4471079.246500000357628 ], [ 774212.88329999987036, 4471088.6283 ], [ 774204.395299999974668, 4471091.504100000485778 ], [ 774199.518299999646842, 4471092.2029 ], [ 774195.250300000421703, 4471091.885700000450015 ], [ 774190.648299999535084, 4471090.260500000789762 ], [ 774188.37430000025779, 4471088.48450000025332 ], [ 774186.072300000116229, 4471085.906500000506639 ], [ 774184.302299999631941, 4471083.4825 ], [ 774182.137299999594688, 4471079.626299999654293 ], [ 774179.6705, 4471074.38230000063777 ], [ 774176.129499999806285, 4471067.75029999949038 ], [ 774172.861700000241399, 4471061.813300000503659 ], [ 774160.887900000438094, 4471043.496300000697374 ], [ 774153.569899999536574, 4471034.289100000634789 ], [ 774146.470900000073016, 4471025.707100000232458 ], [ 774141.744099999777973, 4471020.685900000855327 ], [ 774134.951100000180304, 4471016.059699999168515 ], [ 774129.283099999651313, 4471015.250499999150634 ], [ 774123.57909999974072, 4471014.137299999594688 ], [ 774073.556900000199676, 4471051.355900000780821 ], [ 773907.220700000412762, 4470902.070699999108911 ], [ 773766.690499999560416, 4470997.368699999526143 ], [ 773756.71129999961704, 4470974.875499999150634 ], [ 773747.986499999649823, 4470954.479499999433756 ], [ 773742.871500000357628, 4470943.88150000013411 ], [ 773740.096699999645352, 4470941.64049999974668 ], [ 773732.816700000315905, 4470937.45130000077188 ], [ 773721.421900000423193, 4470929.541899999603629 ], [ 773706.196899999864399, 4470916.24970000050962 ], [ 773696.659099999815226, 4470904.753499999642372 ], [ 773694.299100000411272, 4470903.1535 ], [ 773691.39809999987483, 4470898.911299999803305 ], [ 773690.548299999907613, 4470892.9145 ], [ 773690.821299999952316, 4470890.19649999961257 ], [ 773691.723299999721348, 4470886.043700000271201 ], [ 773693.040300000458956, 4470879.783900000154972 ], [ 773695.855299999937415, 4470867.904100000858307 ], [ 773703.007500000298023, 4470858.417500000447035 ], [ 773711.742700000293553, 4470847.894099999219179 ], [ 773714.03870000038296, 4470843.929099999368191 ], [ 773736.719700000248849, 4470817.152699999511242 ], [ 773733.041699999943376, 4470812.42710000090301 ], [ 773728.31290000025183, 4470810.064300000667572 ], [ 773722.66469999961555, 4470808.357899999246001 ], [ 773710.951700000092387, 4470800.238500000908971 ], [ 773704.117700000293553, 4470795.145300000905991 ], [ 773700.758500000461936, 4470793.177500000223517 ], [ 773691.3761, 4470790.167899999767542 ], [ 773685.151700000278652, 4470791.929700000211596 ], [ 773682.541100000031292, 4470789.42989999987185 ], [ 773676.996299999766052, 4470779.518899999558926 ], [ 773666.602500000037253, 4470758.022900000214577 ], [ 773649.429299999959767, 4470724.606899999082088 ], [ 773645.86089999973774, 4470727.759700000286102 ], [ 773637.545699999667704, 4470739.974300000816584 ], [ 773628.558699999935925, 4470743.712899999693036 ], [ 773616.967899999581277, 4470739.235500000417233 ], [ 773592.965900000184774, 4470744.714500000700355 ], [ 773555.232699999585748, 4470760.064899999648333 ], [ 773542.503700000233948, 4470771.723099999129772 ], [ 773527.220700000412762, 4470773.738500000908971 ], [ 773517.565700000151992, 4470772.327099999412894 ], [ 773482.502899999730289, 4470751.8783 ], [ 773465.542500000447035, 4470808.469499999657273 ], [ 773456.017300000414252, 4470832.965900000184774 ], [ 773455.206100000068545, 4470839.016699999570847 ], [ 773457.549700000323355, 4470882.700899999588728 ], [ 773457.835699999704957, 4470895.593699999153614 ], [ 773457.270499999634922, 4470905.307499999180436 ], [ 773450.881299999542534, 4470927.783900000154972 ], [ 773445.458100000396371, 4470945.83530000038445 ], [ 773425.453700000420213, 4470955.679500000551343 ], [ 773427.531700000166893, 4470958.891100000590086 ], [ 773425.266099999658763, 4470962.1009 ], [ 773426.776499999687076, 4470964.9331 ], [ 773430.741499999538064, 4470964.744100000709295 ], [ 773432.818300000391901, 4470966.63230000063777 ], [ 773427.005900000222027, 4470970.01630000025034 ], [ 773410.38289999961853, 4470982.297499999403954 ], [ 773407.879099999554455, 4470982.8059 ], [ 773397.697100000455976, 4470971.519099999219179 ], [ 773393.804100000299513, 4470966.71309999935329 ], [ 773397.66509999986738, 4470963.137299999594688 ], [ 773410.958100000396371, 4470953.3059 ], [ 773411.686099999584258, 4470951.771099999547005 ], [ 773411.129099999554455, 4470950.590099999681115 ], [ 773409.098100000061095, 4470948.1689 ], [ 773407.772300000302494, 4470945.165100000798702 ], [ 773406.018299999646842, 4470943.149900000542402 ], [ 773403.620299999602139, 4470929.738099999725819 ], [ 773402.059500000439584, 4470921.102299999445677 ], [ 773399.019500000402331, 4470913.637299999594688 ], [ 773387.44469999987632, 4470893.480100000277162 ], [ 773372.158099999651313, 4470866.545099999755621 ], [ 773375.985100000165403, 4470862.8333 ], [ 773384.464100000448525, 4470856.386700000613928 ], [ 773390.233300000429153, 4470844.575099999085069 ], [ 773390.893299999646842, 4470840.224300000816584 ], [ 773388.571299999952316, 4470830.37529999949038 ], [ 773385.245500000193715, 4470818.944499999284744 ], [ 773380.432500000111759, 4470810.822300000116229 ], [ 773377.641499999910593, 4470807.32630000077188 ], [ 773376.942699999548495, 4470805.570299999788404 ], [ 773376.551699999719858, 4470804.081299999728799 ], [ 773376.66469999961555, 4470802.146500000730157 ], [ 773377.313699999824166, 4470799.558499999344349 ], [ 773377.994699999690056, 4470796.9375 ], [ 773379.712700000032783, 4470792.844699999317527 ], [ 773379.720700000412762, 4470790.706700000911951 ], [ 773378.330699999816716, 4470787.9397 ], [ 773376.116899999789894, 4470784.368699999526143 ], [ 773356.818099999800324, 4470757.1425 ], [ 773340.331500000320375, 4470729.074699999764562 ], [ 773340.044499999843538, 4470729.222300000488758 ], [ 773324.794700000435114, 4470702.896299999207258 ], [ 773306.939100000075996, 4470668.793299999088049 ], [ 773297.652300000190735, 4470652.883099999278784 ], [ 773291.291299999691546, 4470640.400100000202656 ], [ 773273.563699999824166, 4470608.397099999710917 ], [ 773264.118294535204768, 4470577.959936327300966 ], [ 772648.72840501437895, 4470767.358284581452608 ], [ 772112.431502301129512, 4470924.838496587239206 ], [ 772515.830761332530528, 4471691.619792344048619 ], [ 772599.993708619149402, 4471834.678575846366584 ], [ 773141.828800620278344, 4472367.725774734281003 ], [ 773337.179182740510441, 4472572.352278650738299 ], [ 773394.176669579115696, 4472640.487237133085728 ], [ 773443.903048660140485, 4472781.311362257227302 ], [ 773474.226592117454857, 4472934.752587193623185 ], [ 773487.211300530354492, 4473091.50737461168319 ], [ 773444.888435524422675, 4473219.480354875326157 ], [ 773386.288484174758196, 4473450.85607298091054 ], [ 773356.485500584123656, 4473570.120874585583806 ], [ 773307.392081560334191, 4473722.134493495337665 ], [ 773251.897450449876487, 4473889.102385895326734 ], [ 773166.428110588109121, 4474087.435898223891854 ], [ 773063.519697760464624, 4474196.132134892977774 ], [ 772946.788990646367893, 4474330.588623366318643 ], [ 772896.274850699817762, 4474383.483582507818937 ], [ 772724.365521324099973, 4474511.617605629377067 ], [ 772582.882736741914414, 4474598.827153595164418 ], [ 772391.035355970496312, 4474709.525293859653175 ], [ 772201.795378080918454, 4474818.004141763783991 ], [ 772052.535390701144934, 4474912.409830123186111 ], [ 771513.872285358607769, 4475219.461649080738425 ], [ 771396.14749142434448, 4475254.850370620377362 ], [ 771116.260334063321352, 4475317.000668171793222 ], [ 770648.694110720185563, 4475402.780039022676647 ], [ 770256.871918656630442, 4475477.380111005157232 ], [ 769935.68478345987387, 4475533.330796794965863 ], [ 769519.015011378796771, 4475609.685122519731522 ], [ 769140.51872444327455, 4475617.677562326192856 ], [ 768911.289481743006036, 4475617.676928584463894 ], [ 768589.95657975692302, 4475572.570141830481589 ], [ 768286.311373977921903, 4475408.874024078249931 ], [ 767999.722202725592069, 4475166.739925325848162 ], [ 767713.133125796564855, 4474890.504058458842337 ], [ 767606.815864951116964, 4474759.396443906240165 ], [ 767552.226705085369758, 4474575.23769037052989 ], [ 767450.148257946129888, 4474565.205019179731607 ], [ 767191.720297438907437, 4474512.344096656888723 ], [ 767191.697100000455976, 4474512.554700000211596 ], [ 767191.512099999934435, 4474514.994699999690056 ], [ 767189.698099999688566, 4474529.767300000414252 ], [ 767188.389899999834597, 4474540.363099999725819 ], [ 767185.168899999931455, 4474565.374299999326468 ], [ 767179.94550000037998, 4474605.834300000220537 ], [ 767175.590300000272691, 4474639.162499999627471 ], [ 767174.454300000332296, 4474653.295099999755621 ], [ 767171.3761, 4474683.725299999117851 ], [ 767159.466900000348687, 4474736.662699999287724 ], [ 767158.158900000154972, 4474740.545499999076128 ], [ 767156.193900000303984, 4474746.377299999818206 ], [ 767149.996899999678135, 4474764.770899999886751 ], [ 767141.754900000058115, 4474788.970899999141693 ], [ 767130.473899999633431, 4474825.674900000914931 ], [ 767118.846900000236928, 4474857.330700000748038 ], [ 767108.064100000075996, 4474885.502699999138713 ], [ 767100.081100000068545, 4474905.812100000679493 ], [ 767095.9841, 4474918.361700000241399 ], [ 767091.758100000210106, 4474936.17710000090301 ], [ 767091.043100000359118, 4474939.544099999591708 ], [ 767084.696899999864399, 4474969.408099999651313 ], [ 767056.843299999833107, 4474995.817500000819564 ], [ 767035.957499999552965, 4475015.564099999144673 ], [ 767034.853099999949336, 4475019.081700000911951 ], [ 767052.734299999661744, 4475042.768699999898672 ], [ 767052.771300000138581, 4475043.474500000476837 ], [ 767053.11629999987781, 4475044.265699999406934 ], [ 767053.667299999855459, 4475045.146500000730157 ], [ 767128.892500000074506, 4475148.693299999460578 ], [ 767147.286500000394881, 4475172.915300000458956 ], [ 767166.975700000301003, 4475198.796299999579787 ], [ 767197.757100000046194, 4475240.342299999669194 ], [ 767219.931300000287592, 4475270.538699999451637 ], [ 767240.166100000031292, 4475252.964099999517202 ], [ 767282.956299999728799, 4475215.6151 ], [ 767315.204300000332296, 4475188.7489 ], [ 767315.501899999566376, 4475187.7763 ], [ 767386.272300000302494, 4475134.318900000303984 ], [ 767386.559700000099838, 4475134.221100000664592 ], [ 767414.558899999596179, 4475116.454299999400973 ], [ 767424.022499999962747, 4475111.13370000012219 ], [ 767430.013500000350177, 4475107.297900000587106 ], [ 767454.31969999987632, 4475092.043099999427795 ], [ 767458.310899999924004, 4475089.581900000572205 ], [ 767464.500099999830127, 4475090.154699999839067 ], [ 767467.594700000248849, 4475094.16330000013113 ], [ 767472.262099999934435, 4475097.244300000369549 ], [ 767479.378700000233948, 4475101.962500000372529 ], [ 767481.987700000405312, 4475103.557499999180436 ], [ 767497.479899999685585, 4475114.527699999511242 ], [ 767501.146900000050664, 4475117.4517 ], [ 767504.590699999593198, 4475121.638699999079108 ], [ 767508.14850000012666, 4475128.149700000882149 ], [ 767509.235500000417233, 4475127.590700000524521 ], [ 767509.865500000305474, 4475128.066700000315905 ], [ 767536.321100000292063, 4475159.796900000423193 ], [ 767560.966900000348687, 4475187.910900000482798 ], [ 767591.676900000311434, 4475198.930500000715256 ], [ 767602.213499999605119, 4475204.264699999243021 ], [ 767608.387500000186265, 4475204.826099999248981 ], [ 767617.652300000190735, 4475204.826099999248981 ], [ 767624.137699999846518, 4475204.1743 ], [ 767634.815299999900162, 4475202.332699999213219 ], [ 767663.741100000217557, 4475204.597500000149012 ], [ 767670.255900000222027, 4475209.058499999344349 ], [ 767676.508500000461936, 4475221.627499999478459 ], [ 767675.818500000052154, 4475222.256300000473857 ], [ 767675.337700000032783, 4475223.081499999389052 ], [ 767675.370500000193715, 4475224.193299999460578 ], [ 767678.27350000012666, 4475229.7763 ], [ 767708.970099999569356, 4475207.1667 ], [ 767727.494099999777973, 4475202.745300000533462 ], [ 767748.371299999766052, 4475190.6513 ], [ 767751.438299999572337, 4475194.845300000160933 ], [ 767765.740500000305474, 4475215.778100000694394 ], [ 767783.721699999645352, 4475241.1570999994874 ], [ 767786.636500000022352, 4475253.826899999752641 ], [ 767790.729899999685585, 4475262.715299999341369 ], [ 767827.323300000280142, 4475312.53969999961555 ], [ 767845.832499999552965, 4475336.044700000435114 ], [ 767858.710900000296533, 4475356.850700000301003 ], [ 767864.44550000037998, 4475367.112500000745058 ], [ 767867.494300000369549, 4475371.259700000286102 ], [ 767885.557500000111759, 4475390.534700000658631 ], [ 767901.603699999861419, 4475406.446900000795722 ], [ 767903.024699999950826, 4475407.363900000229478 ], [ 767905.073499999940395, 4475407.933900000527501 ], [ 767906.32149999961257, 4475407.338899999856949 ], [ 767909.340099999681115, 4475396.901900000870228 ], [ 767913.226700000464916, 4475396.383099999278784 ], [ 767925.531899999827147, 4475396.125499999150634 ], [ 767934.86089999973774, 4475396.6425 ], [ 767937.919499999843538, 4475399.810100000351667 ], [ 767938.940499999560416, 4475402.554099999368191 ], [ 767940.007299999706447, 4475415.937699999660254 ], [ 767941.015100000426173, 4475432.331499999389052 ], [ 767942.255900000222027, 4475443.7171 ], [ 767944.812699999660254, 4475457.0789 ], [ 767951.096300000324845, 4475476.936699999496341 ], [ 767956.220900000073016, 4475492.159499999135733 ], [ 767962.63150000013411, 4475511.18129999935627 ], [ 767967.778099999763072, 4475526.7820999994874 ], [ 767970.586900000460446, 4475537.671900000423193 ], [ 767973.487700000405312, 4475555.286699999123812 ], [ 767976.35329999960959, 4475570.417300000786781 ], [ 767979.299100000411272, 4475582.3881 ], [ 767982.680900000035763, 4475593.868100000545382 ], [ 767988.686499999836087, 4475611.879899999126792 ], [ 767991.667299999855459, 4475621.420700000599027 ], [ 767993.756099999882281, 4475633.194499999284744 ], [ 767994.625099999830127, 4475639.261299999430776 ], [ 767995.553899999707937, 4475646.748299999162555 ], [ 767995.794700000435114, 4475660.07289999909699 ], [ 767994.511699999682605, 4475673.170700000599027 ], [ 767991.073499999940395, 4475689.913100000470877 ], [ 767985.407700000330806, 4475708.168500000610948 ], [ 767981.826500000432134, 4475721.878100000321865 ], [ 767980.343500000424683, 4475729.03690000064671 ], [ 767979.654500000178814, 4475735.210899999365211 ], [ 767979.595499999821186, 4475744.693499999120831 ], [ 767980.138299999758601, 4475750.347500000149012 ], [ 767983.052099999971688, 4475766.057299999520183 ], [ 767990.130499999970198, 4475797.378699999302626 ], [ 767991.712299999780953, 4475806.032500000670552 ], [ 767992.467299999669194, 4475810.604499999433756 ], [ 767993.134300000034273, 4475819.3783 ], [ 767993.438099999912083, 4475830.119100000709295 ], [ 767993.151899999938905, 4475842.3429000005126 ], [ 767992.596900000236928, 4475849.018699999898672 ], [ 767991.963899999856949, 4475852.626499999314547 ], [ 767991.070899999700487, 4475853.749500000849366 ], [ 767990.189899999648333, 4475855.540500000119209 ], [ 767989.672899999655783, 4475857.760500000789762 ], [ 767989.330900000408292, 4475860.260299999266863 ], [ 767989.143899999558926, 4475862.508300000801682 ], [ 767988.549899999983609, 4475866.452099999412894 ], [ 767987.706899999640882, 4475868.578099999576807 ], [ 767985.487900000065565, 4475873.651900000870228 ], [ 767982.491899999789894, 4475881.654699999839067 ], [ 767978.349899999797344, 4475891.427300000563264 ], [ 767977.11089999973774, 4475896.715099999681115 ], [ 767976.0159, 4475903.478900000452995 ], [ 767974.611899999901652, 4475912.347699999809265 ], [ 767970.993700000457466, 4475928.619300000369549 ], [ 767968.559899999760091, 4475937.866900000721216 ], [ 767965.690700000151992, 4475946.7467 ], [ 767964.035699999891222, 4475952.172499999403954 ], [ 767961.63289999961853, 4475957.7193 ], [ 767958.076899999752641, 4475964.146099999547005 ], [ 767954.111899999901652, 4475969.400900000706315 ], [ 767950.959099999628961, 4475973.372700000181794 ], [ 767944.470099999569356, 4475983.254300000146031 ], [ 767941.408099999651313, 4475989.4211 ], [ 767937.272300000302494, 4475999.393699999898672 ], [ 767932.214300000108778, 4476010.9583 ], [ 767928.588299999944866, 4476019.897099999710917 ], [ 767924.476300000213087, 4476027.919700000435114 ], [ 767915.186499999836087, 4476042.759099999442697 ], [ 767905.208700000308454, 4476058.469499999657273 ], [ 767896.700899999588728, 4476070.7379 ], [ 767887.827100000344217, 4476084.630300000309944 ], [ 767876.959300000220537, 4476103.516699999570847 ], [ 767864.163499999791384, 4476125.142899999395013 ], [ 767857.126500000245869, 4476138.680299999192357 ], [ 767850.315700000151992, 4476152.1787 ], [ 767845.453700000420213, 4476161.199500000104308 ], [ 767840.96169999986887, 4476171.6031 ], [ 767836.080699999816716, 4476184.516699999570847 ], [ 767831.933699999935925, 4476195.876299999654293 ], [ 767827.428899999707937, 4476209.1119 ], [ 767823.215900000184774, 4476222.540300000458956 ], [ 767819.797899999655783, 4476232.655099999159575 ], [ 767817.896900000050664, 4476236.937899999320507 ], [ 767815.053899999707937, 4476241.692700000479817 ], [ 767812.556900000199676, 4476245.627499999478459 ], [ 767807.249099999666214, 4476253.153300000354648 ], [ 767801.510099999606609, 4476261.6349 ], [ 767795.2023, 4476273.124500000849366 ], [ 767790.924300000071526, 4476283.270099999383092 ], [ 767788.789300000295043, 4476289.38990000076592 ], [ 767787.412299999967217, 4476294.754699999466538 ], [ 767786.990299999713898, 4476299.816700000315905 ], [ 767787.0921, 4476304.723500000312924 ], [ 767788.005900000222027, 4476320.2303 ], [ 767789.400899999774992, 4476334.78690000064671 ], [ 767790.299700000323355, 4476340.892899999395013 ], [ 767793.011500000022352, 4476358.693499999120831 ], [ 767793.230299999937415, 4476363.098300000652671 ], [ 767793.278300000354648, 4476367.683299999684095 ], [ 767793.713100000284612, 4476382.081900000572205 ], [ 767795.296900000423193, 4476395.19370000064373 ], [ 767796.645899999886751, 4476404.967499999329448 ], [ 767798.257699999958277, 4476415.042500000447035 ], [ 767799.215499999932945, 4476419.612299999222159 ], [ 767801.421500000171363, 4476423.21030000038445 ], [ 767803.244300000369549, 4476428.096300000324845 ], [ 767806.877100000157952, 4476444.090900000184774 ], [ 767809.527900000102818, 4476455.769899999722838 ], [ 767811.563500000163913, 4476467.050699999555945 ], [ 767813.760300000198185, 4476482.198300000280142 ], [ 767816.480100000277162, 4476494.8651 ], [ 767818.567900000140071, 4476504.059100000187755 ], [ 767818.752899999730289, 4476508.729900000616908 ], [ 767818.247899999842048, 4476517.079700000584126 ], [ 767817.173899999819696, 4476523.921499999240041 ], [ 767815.149699999950826, 4476532.592299999669194 ], [ 767812.969700000248849, 4476540.804099999368191 ], [ 767811.718700000084937, 4476547.63289999961853 ], [ 767809.764700000174344, 4476558.305500000715256 ], [ 767808.460699999704957, 4476569.14130000025034 ], [ 767806.994500000029802, 4476584.370899999514222 ], [ 767804.922500000335276, 4476600.623500000685453 ], [ 767800.458300000056624, 4476623.940700000151992 ], [ 767797.151300000026822, 4476636.8805 ], [ 767794.736100000329316, 4476651.633099999278784 ], [ 767793.78110000025481, 4476658.1699 ], [ 767793.481100000441074, 4476676.634500000625849 ], [ 767794.051900000311434, 4476684.144300000742078 ], [ 767794.891900000162423, 4476690.129100000485778 ], [ 767795.869699999690056, 4476694.923100000247359 ], [ 767799.733500000089407, 4476707.824899999424815 ], [ 767803.377100000157952, 4476721.732699999585748 ], [ 767805.955900000408292, 4476731.286699999123812 ], [ 767806.378899999894202, 4476733.4375 ], [ 767825.728699999861419, 4476784.06110000051558 ], [ 767825.299700000323355, 4476801.078700000420213 ], [ 767811.99170000012964, 4476821.269899999722838 ], [ 767812.222799999639392, 4476826.950099999085069 ], [ 767813.124099999666214, 4476849.104499999433756 ], [ 767809.612300000153482, 4476876.624500000849366 ], [ 767808.558299999684095, 4476885.2873 ], [ 767808.354299999773502, 4476886.962300000712276 ], [ 767807.49210000038147, 4476894.993100000545382 ], [ 767807.170099999755621, 4476903.505699999630451 ], [ 767806.671900000423193, 4476915.1415 ], [ 767807.779699999839067, 4476932.988099999725819 ], [ 767809.096699999645352, 4476946.7668999992311 ], [ 767810.766499999910593, 4476958.194700000807643 ], [ 767813.131299999542534, 4476967.879499999806285 ], [ 767815.748100000433624, 4476974.16950000077486 ], [ 767817.210900000296533, 4476977.909499999135733 ], [ 767820.876899999566376, 4476982.537499999627471 ], [ 767828.949500000104308, 4476991.407500000670552 ], [ 767829.258500000461936, 4476991.936499999836087 ], [ 767832.693300000391901, 4476995.611500000581145 ], [ 767836.301099999807775, 4476998.670499999076128 ], [ 767838.553700000047684, 4477000.292300000786781 ], [ 767838.000099999830127, 4477015.845300000160933 ], [ 767836.627899999730289, 4477019.125099999830127 ], [ 767836.63190000038594, 4477020.181099999696016 ], [ 767837.06969999987632, 4477037.194700000807643 ], [ 767837.658499999903142, 4477051.877499999478459 ], [ 767837.160500000230968, 4477058.9583 ], [ 767838.004300000146031, 4477067.272099999710917 ], [ 767803.46169999986887, 4477098.224700000137091 ], [ 767764.309100000187755, 4477126.250499999150634 ], [ 767748.920699999667704, 4477142.988299999386072 ], [ 767743.04590000025928, 4477152.004699999466538 ], [ 767737.291500000283122, 4477158.280300000682473 ], [ 767730.055100000463426, 4477167.356499999761581 ], [ 767716.344499999657273, 4477190.258300000801682 ], [ 767714.901300000026822, 4477195.343699999153614 ], [ 767714.329300000332296, 4477195.915500000119209 ], [ 767687.619099999777973, 4477253.02309999987483 ], [ 767685.432500000111759, 4477256.840299999341369 ], [ 767679.740699999965727, 4477264.052899999544024 ], [ 767671.362900000065565, 4477274.736300000920892 ], [ 767663.746100000105798, 4477283.4869 ], [ 767658.434100000187755, 4477289.73369999974966 ], [ 767650.436300000175834, 4477298.252299999818206 ], [ 767640.051500000059605, 4477309.06870000064373 ], [ 767629.014899999834597, 4477320.529100000858307 ], [ 767624.0329, 4477326.403699999675155 ], [ 767619.241100000217557, 4477333.592499999329448 ], [ 767615.953099999576807, 4477339.508300000801682 ], [ 767604.272300000302494, 4477364.692299999296665 ], [ 767595.160299999639392, 4477383.506699999794364 ], [ 767585.688500000163913, 4477403.347899999469519 ], [ 767580.108500000089407, 4477412.495500000193715 ], [ 767575.38370000012219, 4477417.962300000712276 ], [ 767568.482900000177324, 4477424.635900000110269 ], [ 767553.616100000217557, 4477436.712099999189377 ], [ 767540.111499999649823, 4477447.51549999974668 ], [ 767520.133100000210106, 4477463.152499999850988 ], [ 767500.686499999836087, 4477479.373500000685453 ], [ 767488.46889999974519, 4477489.513900000602007 ], [ 767471.351300000213087, 4477503.408099999651313 ], [ 767456.417700000107288, 4477516.2972999997437 ], [ 767442.3421, 4477527.935699999332428 ], [ 767432.545300000347197, 4477536.58809999935329 ], [ 767422.741499999538064, 4477546.50870000012219 ], [ 767415.486700000241399, 4477554.1513 ], [ 767401.153099999763072, 4477569.11849999986589 ], [ 767389.777300000190735, 4477580.722899999469519 ], [ 767382.430499999783933, 4477588.473500000312924 ], [ 767377.436499999836087, 4477594.118100000545382 ], [ 767372.638700000010431, 4477600.95890000090003 ], [ 767366.891699999570847, 4477609.791500000283122 ], [ 767359.236899999901652, 4477622.508899999782443 ], [ 767353.548899999819696, 4477630.832499999552965 ], [ 767345.813099999912083, 4477640.026100000366569 ], [ 767333.2955, 4477653.739499999210238 ], [ 767315.819899999536574, 4477672.287499999627471 ], [ 767307.090099999681115, 4477681.66190000064671 ], [ 767298.857300000265241, 4477689.684499999508262 ], [ 767290.988499999977648, 4477695.964099999517202 ], [ 767275.855899999849498, 4477704.742499999701977 ], [ 767267.173100000247359, 4477709.674100000411272 ], [ 767253.672500000335276, 4477717.413499999791384 ], [ 767236.608099999837577, 4477727.254699999466538 ], [ 767220.529500000178814, 4477736.814099999144673 ], [ 767205.385900000110269, 4477746.703299999237061 ], [ 767189.147300000302494, 4477756.779500000178814 ], [ 767175.581699999980628, 4477763.718100000172853 ], [ 767165.88910000026226, 4477768.630699999630451 ], [ 767148.090499999932945, 4477778.125900000333786 ], [ 767136.589900000020862, 4477784.394300000742078 ], [ 767128.392099999822676, 4477789.085899999365211 ], [ 767125.679100000299513, 4477791.723899999633431 ], [ 767119.631299999542534, 4477800.58049999922514 ], [ 767096.505699999630451, 4477839.250900000333786 ], [ 767091.099700000137091, 4477853.604299999773502 ], [ 767084.279699999839067, 4477871.7017 ], [ 767079.583700000308454, 4477883.577299999073148 ], [ 767073.724700000137091, 4477898.571699999272823 ], [ 767069.296900000423193, 4477910.022299999371171 ], [ 767063.754900000058115, 4477925.192900000140071 ], [ 767062.663900000043213, 4477928.197699999436736 ], [ 767060.697900000028312, 4477933.6085 ], [ 767056.586900000460446, 4477945.23509999923408 ], [ 767054.626899999566376, 4477952.250900000333786 ], [ 767051.469899999909103, 4477960.674699999392033 ], [ 767050.040900000371039, 4477964.099500000476837 ], [ 767046.527900000102818, 4477970.754300000146031 ], [ 767040.476099999621511, 4477980.821900000795722 ], [ 767037.951100000180304, 4477983.945699999108911 ], [ 767028.287299999967217, 4477996.122099999338388 ], [ 767021.245500000193715, 4478002.637700000777841 ], [ 767001.715900000184774, 4478018.2237 ], [ 766989.490299999713898, 4478026.768100000917912 ], [ 766968.942900000140071, 4478039.712300000712276 ], [ 766957.863099999725819, 4478047.459699999541044 ], [ 766944.44649999961257, 4478057.5121 ], [ 766940.372700000181794, 4478061.352900000289083 ], [ 766929.104899999685585, 4478072.095300000160933 ], [ 766918.13910000026226, 4478082.815700000151992 ], [ 766907.580500000156462, 4478090.772099999710917 ], [ 766895.642699999734759, 4478100.652499999850988 ], [ 766878.262099999934435, 4478113.661699999123812 ], [ 766841.14809999987483, 4478139.345899999141693 ], [ 766777.240899999625981, 4478182.267899999395013 ], [ 766771.943099999800324, 4478185.994699999690056 ], [ 766767.901100000366569, 4478190.091499999165535 ], [ 766763.164099999703467, 4478202.173900000751019 ], [ 766761.880300000309944, 4478201.686899999156594 ], [ 766760.75829999987036, 4478201.565899999812245 ], [ 766759.067300000227988, 4478201.992900000885129 ], [ 766748.464499999769032, 4478209.345300000160933 ], [ 766729.178100000135601, 4478222.595499999821186 ], [ 766715.557500000111759, 4478233.001700000837445 ], [ 766700.828900000080466, 4478243.4901 ], [ 766693.295099999755621, 4478248.493699999526143 ], [ 766675.606700000353158, 4478257.272900000214577 ], [ 766668.559899999760091, 4478260.619699999690056 ], [ 766661.996899999678135, 4478265.046299999579787 ], [ 766657.356100000441074, 4478270.852099999785423 ], [ 766654.723100000061095, 4478276.409900000318885 ], [ 766652.473100000061095, 4478283.05350000038743 ], [ 766648.11710000038147, 4478302.507099999114871 ], [ 766645.899100000038743, 4478312.388699999079108 ], [ 766640.550099999643862, 4478326.5483 ], [ 766634.546099999919534, 4478340.046700000762939 ], [ 766630.354100000113249, 4478347.844499999657273 ], [ 766626.977300000376999, 4478351.533099999651313 ], [ 766625.215300000272691, 4478352.370100000873208 ], [ 766617.403500000014901, 4478353.54590000025928 ], [ 766609.215900000184774, 4478353.736500000581145 ], [ 766604.763899999670684, 4478355.1733 ], [ 766599.041100000031292, 4478358.627100000157952 ], [ 766595.408099999651313, 4478364.359899999573827 ], [ 766589.299300000071526, 4478375.030500000342727 ], [ 766584.08629999961704, 4478388.268899999558926 ], [ 766577.277300000190735, 4478403.243300000205636 ], [ 766567.955500000156462, 4478421.2357 ], [ 766559.610500000417233, 4478438.752100000157952 ], [ 766552.389700000174344, 4478452.237500000745058 ], [ 766547.548700000159442, 4478463.627100000157952 ], [ 766543.940700000151992, 4478472.495699999853969 ], [ 766541.494900000281632, 4478477.837500000372529 ], [ 766530.163099999539554, 4478489.090900000184774 ], [ 766520.733300000429153, 4478497.269300000742078 ], [ 766509.870500000193715, 4478503.830900000408292 ], [ 766492.219100000336766, 4478513.114099999889731 ], [ 766475.551699999719858, 4478520.604499999433756 ], [ 766465.141900000162423, 4478527.840900000184774 ], [ 766446.536500000394881, 4478539.32010000012815 ], [ 766443.855499999597669, 4478541.43889999948442 ], [ 766422.846699999645352, 4478576.7665 ], [ 766412.146099999547005, 4478584.015900000929832 ], [ 766395.374499999918044, 4478597.1261 ], [ 766376.708899999968708, 4478611.986099999397993 ], [ 766362.044300000183284, 4478624.152300000190735 ], [ 766349.071700000204146, 4478634.67369999922812 ], [ 766334.683100000023842, 4478645.116900000721216 ], [ 766319.4375, 4478652.642300000414252 ], [ 766318.728500000201166, 4478652.758300000801682 ], [ 766315.53969999961555, 4478653.2820999994874 ], [ 766313.286700000055134, 4478653.651100000366569 ], [ 766303.194099999964237, 4478654.7237 ], [ 766288.059500000439584, 4478656.586300000548363 ], [ 766277.5159, 4478661.002699999138713 ], [ 766250.382699999958277, 4478677.313500000163913 ], [ 766233.7171, 4478688.248700000345707 ], [ 766229.504099999554455, 4478691.013499999418855 ], [ 766217.370500000193715, 4478698.9759 ], [ 766207.468700000084937, 4478705.246500000357628 ], [ 766181.669499999843538, 4478721.301300000399351 ], [ 766176.260700000450015, 4478724.668099999427795 ], [ 766165.95990000013262, 4478731.442500000819564 ], [ 766160.766099999658763, 4478736.284299999475479 ], [ 766158.28110000025481, 4478740.913100000470877 ], [ 766160.417899999767542, 4478746.53690000064671 ], [ 766168.561300000175834, 4478769.774700000882149 ], [ 766171.735100000165403, 4478780.673499999567866 ], [ 766173.064100000075996, 4478786.248500000685453 ], [ 766173.598100000061095, 4478788.605100000277162 ], [ 766172.430100000463426, 4478859.712099999189377 ], [ 766178.185100000351667, 4478910.498500000685453 ], [ 766193.107300000265241, 4479001.738299999386072 ], [ 766194.111100000329316, 4479021.801899999380112 ], [ 766194.171099999919534, 4479033.741499999538064 ], [ 766193.712100000120699, 4479042.273299999535084 ], [ 766192.966900000348687, 4479053.716099999845028 ], [ 766192.100899999961257, 4479061.0449 ], [ 766190.739900000393391, 4479069.680700000375509 ], [ 766189.570899999700487, 4479076.7105 ], [ 766187.614900000393391, 4479086.8553 ], [ 766185.068900000303984, 4479099.209899999201298 ], [ 766181.245699999853969, 4479117.189300000667572 ], [ 766175.9527000002563, 4479142.10050000064075 ], [ 766170.363699999637902, 4479167.915899999439716 ], [ 766165.754700000397861, 4479189.311300000175834 ], [ 766166.513700000010431, 4479205.953700000420213 ], [ 766162.087299999780953, 4479230.822499999776483 ], [ 766161.066499999724329, 4479252.628100000321865 ], [ 766162.435700000263751, 4479272.74070000089705 ], [ 766170.956899999640882, 4479314.994100000709295 ], [ 766175.385300000198185, 4479332.029699999839067 ], [ 766181.054100000299513, 4479343.075300000607967 ], [ 766180.438699999824166, 4479345.925300000235438 ], [ 766180.218100000172853, 4479411.692700000479817 ], [ 766175.180499999783933, 4479447.207299999892712 ], [ 766195.4227, 4479511.250900000333786 ], [ 766198.48450000025332, 4479532.310499999672174 ], [ 766200.774299999698997, 4479548.554300000891089 ], [ 766201.82010000012815, 4479556.9781 ], [ 766202.464100000448525, 4479565.403100000694394 ], [ 766202.801099999807775, 4479572.525900000706315 ], [ 766202.833899999968708, 4479579.047700000926852 ], [ 766202.772900000214577, 4479586.874500000849366 ], [ 766202.50789999961853, 4479594.00029999949038 ], [ 766202.13370000012219, 4479599.420299999415874 ], [ 766201.268699999898672, 4479606.950099999085069 ], [ 766200.309700000099838, 4479615.784900000318885 ], [ 766197.616499999538064, 4479638.877100000157952 ], [ 766197.166500000283122, 4479642.175100000575185 ], [ 766196.27350000012666, 4479648.723899999633431 ], [ 766193.455500000156462, 4479669.401499999687076 ], [ 766190.164300000295043, 4479693.398700000718236 ], [ 766188.136300000362098, 4479709.1623 ], [ 766186.69510000012815, 4479721.913100000470877 ], [ 766185.947100000455976, 4479732.753699999302626 ], [ 766185.506099999882281, 4479744.69649999961257 ], [ 766185.652900000102818, 4479753.926300000399351 ], [ 766186.087899999693036, 4479760.747099999338388 ], [ 766186.724700000137091, 4479767.667899999767542 ], [ 766187.557699999772012, 4479773.58390000090003 ], [ 766189.819500000216067, 4479784.408700000494719 ], [ 766191.152499999850988, 4479790.1217 ], [ 766193.600300000049174, 4479797.936499999836087 ], [ 766195.332299999892712, 4479803.145500000566244 ], [ 766197.972099999897182, 4479809.453500000759959 ], [ 766200.408900000154972, 4479815.0603 ], [ 766203.651700000278652, 4479821.365299999713898 ], [ 766206.284500000067055, 4479826.269300000742078 ], [ 766210.939299999736249, 4479833.972300000488758 ], [ 766217.516099999658763, 4479844.876299999654293 ], [ 766233.398299999535084, 4479870.584300000220537 ], [ 766247.558699999935925, 4479892.8893 ], [ 766260.911899999715388, 4479914.596100000664592 ], [ 766269.883500000461936, 4479928.79109999909997 ], [ 766276.424300000071526, 4479939.141100000590086 ], [ 766277.601099999621511, 4479941.002100000157952 ], [ 766290.751500000245869, 4479962.1081000007689 ], [ 766301.474100000225008, 4479979.413100000470877 ], [ 766312.600499999709427, 4479997.118100000545382 ], [ 766323.119099999777973, 4480013.722100000828505 ], [ 766333.84250000026077, 4480031.127100000157952 ], [ 766341.020100000314415, 4480043.8399 ], [ 766345.085900000296533, 4480052.142899999395013 ], [ 766348.841699999757111, 4480060.752900000661612 ], [ 766351.892500000074506, 4480068.864700000733137 ], [ 766354.744300000369549, 4480077.1787 ], [ 766356.787299999967217, 4480084.393500000238419 ], [ 766358.226099999621511, 4480091.10950000025332 ], [ 766359.669900000095367, 4480098.928300000727177 ], [ 766361.637900000438094, 4480111.1601 ], [ 766363.309700000099838, 4480124.3969 ], [ 766364.263500000350177, 4480134.525699999183416 ], [ 766364.799499999731779, 4480141.3465 ], [ 766365.029500000178814, 4480147.064500000327826 ], [ 766364.970300000160933, 4480155.192299999296665 ], [ 766364.098100000061095, 4480181.285700000822544 ], [ 766362.92090000025928, 4480206.67710000090301 ], [ 766361.756699999794364, 4480234.47749999910593 ], [ 766360.488499999977648, 4480261.776699999347329 ], [ 766359.579300000332296, 4480280.3443 ], [ 766358.742300000041723, 4480293.493100000545382 ], [ 766356.908300000242889, 4480307.850700000301003 ], [ 766354.857300000265241, 4480319.099300000816584 ], [ 766352.991100000217557, 4480327.0351 ], [ 766350.920300000347197, 4480334.269899999722838 ], [ 766347.759300000034273, 4480344.219499999657273 ], [ 766345.682300000451505, 4480350.150299999862909 ], [ 766343.501299999654293, 4480355.479100000113249 ], [ 766341.816300000064075, 4480359.601099999621511 ], [ 766340.129300000146031, 4480363.422900000587106 ], [ 766327.425499999895692, 4480391.079900000244379 ], [ 766319.886500000022352, 4480408.3761 ], [ 766318.823499999940395, 4480411.498099999502301 ], [ 766316.961500000208616, 4480417.115900000557303 ], [ 766314.456699999980628, 4480425.962500000372529 ], [ 766312.981700000353158, 4480431.990499999374151 ], [ 766310.822700000368059, 4480441.534099999815226 ], [ 766307.405500000342727, 4480460.515699999406934 ], [ 766301.943500000052154, 4480491.647700000554323 ], [ 766295.606300000101328, 4480528.504699999466538 ], [ 766287.996299999766052, 4480571.488500000908971 ], [ 766282.732099999673665, 4480602.018699999898672 ], [ 766278.486499999649823, 4480611.482100000604987 ], [ 766274.468299999833107, 4480615.430099999532104 ], [ 766269.257500000298023, 4480615.359899999573827 ], [ 766247.401100000366569, 4480631.131899999454618 ], [ 766221.222699999809265, 4480649.699500000104308 ], [ 766213.837899999693036, 4480656.74210000038147 ], [ 766212.387099999934435, 4480659.0461 ], [ 766212.359899999573827, 4480659.189899999648333 ], [ 766212.379900000058115, 4480659.740900000557303 ], [ 766212.842899999581277, 4480661.2039 ], [ 766213.660899999551475, 4480663.537900000810623 ], [ 766228.393099999986589, 4480692.641699999570847 ], [ 766243.206500000320375, 4480716.491699999198318 ], [ 766263.384499999694526, 4480749.763699999079108 ], [ 766283.646499999798834, 4480774.147900000214577 ], [ 766297.354899999685585, 4480788.741900000721216 ], [ 766298.338899999856949, 4480789.562899999320507 ], [ 766299.922899999655783, 4480790.396099999547005 ], [ 766320.332100000232458, 4480806.840299999341369 ], [ 766326.005900000222027, 4480813.161499999463558 ], [ 766341.194299999624491, 4480828.786499999463558 ], [ 766355.906499999575317, 4480843.2007 ], [ 766370.517900000326335, 4480857.712899999693036 ], [ 766387.575299999676645, 4480874.877100000157952 ], [ 766404.253499999642372, 4480891.033299999311566 ], [ 766424.848699999973178, 4480911.373500000685453 ], [ 766438.088100000284612, 4480924.455700000748038 ], [ 766451.520499999634922, 4480937.8429000005126 ], [ 766463.464100000448525, 4480950.699100000783801 ], [ 766473.716500000096858, 4480963.019099999219179 ], [ 766474.642500000074506, 4480964.24210000038147 ], [ 766476.772499999962747, 4480967.0581 ], [ 766481.023299999535084, 4480972.67710000090301 ], [ 766487.244900000281632, 4480981.5121 ], [ 766496.049499999731779, 4480996.104100000113249 ], [ 766500.459300000220537, 4481005.502100000157952 ], [ 766505.694099999964237, 4481018.518899999558926 ], [ 766509.090900000184774, 4481028.495899999514222 ], [ 766512.839499999769032, 4481040.782700000330806 ], [ 766516.927299999631941, 4481056.077500000596046 ], [ 766517.914300000295043, 4481060.045499999076128 ], [ 766518.847099999897182, 4481063.796299999579787 ], [ 766525.335699999704957, 4481089.875099999830127 ], [ 766535.119099999777973, 4481129.805500000715256 ], [ 766542.766499999910593, 4481161.68610000051558 ], [ 766550.788900000043213, 4481194.775499999523163 ], [ 766557.886500000022352, 4481224.243300000205636 ], [ 766566.263899999670684, 4481259.540699999779463 ], [ 766575.679299999959767, 4481297.863099999725819 ], [ 766582.953700000420213, 4481328.434699999168515 ], [ 766583.873700000345707, 4481332.24070000089705 ], [ 766588.00829999987036, 4481349.347500000149012 ], [ 766593.188099999912083, 4481370.776100000366569 ], [ 766600.088499999605119, 4481400.03969999961555 ], [ 766606.362099999561906, 4481425.787499999627471 ], [ 766611.249699999578297, 4481445.902100000530481 ], [ 766615.788499999791384, 4481463.608899999409914 ], [ 766619.470300000160933, 4481474.292700000107288 ], [ 766622.82010000012815, 4481481.6667 ], [ 766627.372899999842048, 4481488.965700000524521 ], [ 766632.246700000017881, 4481495.27170000039041 ], [ 766637.434500000439584, 4481500.88289999961853 ], [ 766640.971300000324845, 4481504.057900000363588 ], [ 766650.816899999976158, 4481511.86710000038147 ], [ 766669.82909999974072, 4481526.4693 ], [ 766688.841300000436604, 4481541.072699999436736 ], [ 766705.781700000166893, 4481554.231899999082088 ], [ 766717.006299999542534, 4481563.07010000012815 ], [ 766730.893699999898672, 4481573.864499999210238 ], [ 766738.371299999766052, 4481580.023499999195337 ], [ 766746.136099999770522, 4481586.888699999079108 ], [ 766755.746700000017881, 4481596.393699999898672 ], [ 766767.68709999974817, 4481609.349899999797344 ], [ 766779.795699999667704, 4481623.9101 ], [ 766792.385099999606609, 4481639.381100000813603 ], [ 766805.458499999716878, 4481655.663100000470877 ], [ 766814.129099999554455, 4481667.050300000235438 ], [ 766818.751899999566376, 4481673.666300000622869 ], [ 766823.752700000070035, 4481680.711300000548363 ], [ 766826.208700000308454, 4481684.587300000712276 ], [ 766837.936099999584258, 4481696.603499999269843 ], [ 766843.027900000102818, 4481701.339500000700355 ], [ 766846.970700000412762, 4481705.911499999463558 ], [ 766850.888500000350177, 4481710.45549999922514 ], [ 766853.337500000372529, 4481713.660499999299645 ], [ 766861.188500000163913, 4481719.655300000682473 ], [ 766859.47510000038892, 4481720.61570000089705 ], [ 766856.321299999952316, 4481722.436499999836087 ], [ 766853.252299999818206, 4481724.860300000756979 ], [ 766850.995500000193715, 4481726.905300000682473 ], [ 766849.548499999567866, 4481728.57010000012815 ], [ 766849.205500000156462, 4481729.57630000077188 ], [ 766843.460099999792874, 4481734.5581 ], [ 766837.797100000083447, 4481737.991100000217557 ], [ 766834.123100000433624, 4481741.004100000485778 ], [ 766831.890100000426173, 4481743.4901 ], [ 766830.517099999822676, 4481745.479100000113249 ], [ 766829.536100000143051, 4481748.766100000590086 ], [ 766829.383100000210106, 4481751.178099999204278 ], [ 766830.466099999845028, 4481762.549100000411272 ], [ 766834.551099999807775, 4481785.494100000709295 ], [ 766840.681099999696016, 4481811.055099999532104 ], [ 766844.199099999852479, 4481825.430099999532104 ], [ 766851.213100000284612, 4481848.471100000664592 ], [ 766857.580099999904633, 4481876.99210000038147 ], [ 766862.91509999986738, 4481894.6721 ], [ 766865.231100000441074, 4481896.143100000917912 ], [ 766872.419900000095367, 4481910.314899999648333 ], [ 766875.079900000244379, 4481934.714500000700355 ], [ 766878.060499999672174, 4481962.45409999974072 ], [ 766881.508100000210106, 4481995.190500000491738 ], [ 766885.566700000315905, 4482031.341700000688434 ], [ 766888.512299999594688, 4482057.4353 ], [ 766889.056300000287592, 4482068.02309999987483 ], [ 766889.286100000143051, 4482078.808900000527501 ], [ 766888.731100000441074, 4482092.112500000745058 ], [ 766886.432900000363588, 4482111.324100000783801 ], [ 766885.059899999760091, 4482122.181900000199676 ], [ 766881.717699999921024, 4482148.41609999909997 ], [ 766876.136500000022352, 4482189.18610000051558 ], [ 766872.340499999932945, 4482215.774299999698997 ], [ 766858.167899999767542, 4482233.909499999135733 ], [ 766841.068099999800324, 4482265.4070999994874 ], [ 766835.718100000172853, 4482276.9167 ], [ 766832.549100000411272, 4482287.088500000536442 ], [ 766828.033099999651313, 4482304.405899999663234 ], [ 766822.227099999785423, 4482332.142100000753999 ], [ 766819.274100000038743, 4482352.309100000187755 ], [ 766817.488900000229478, 4482363.332100000232458 ], [ 766813.35010000038892, 4482380.101700000464916 ], [ 766807.652099999599159, 4482395.88289999961853 ], [ 766801.263500000350177, 4482409.951899999752641 ], [ 766792.837700000032783, 4482425.751299999654293 ], [ 766783.242899999953806, 4482440.737299999222159 ], [ 766774.755300000309944, 4482453.23450000025332 ], [ 766754.789300000295043, 4482477.679700000211596 ], [ 766737.687699999660254, 4482494.63370000012219 ], [ 766719.487300000153482, 4482511.254100000485778 ], [ 766699.371700000017881, 4482524.765100000426173 ], [ 766682.28969999961555, 4482536.79590000025928 ], [ 766659.21129999961704, 4482553.819299999624491 ], [ 766643.582299999892712, 4482564.5789 ], [ 766630.763700000010431, 4482572.612500000745058 ], [ 766623.104299999773502, 4482578.435699999332428 ], [ 766613.5921, 4482589.261299999430776 ], [ 766602.362700000405312, 4482601.153100000694394 ], [ 766587.213299999944866, 4482614.728900000452995 ], [ 766576.362099999561906, 4482623.004300000146031 ], [ 766564.690499999560416, 4482631.68610000051558 ], [ 766551.246500000357628, 4482642.758300000801682 ], [ 766543.419099999591708, 4482650.191299999132752 ], [ 766533.304299999959767, 4482661.6733 ], [ 766527.709699999541044, 4482668.372099999338388 ], [ 766522.647499999962747, 4482677.017699999734759 ], [ 766515.694500000216067, 4482691.785900000482798 ], [ 766508.435300000011921, 4482708.92850000038743 ], [ 766500.487700000405312, 4482729.79869999922812 ], [ 766494.261699999682605, 4482747.962099999189377 ], [ 766485.658300000242889, 4482775.602299999445677 ], [ 766480.372100000269711, 4482792.14670000039041 ], [ 766473.924100000411272, 4482811.418500000610948 ], [ 766465.206899999640882, 4482830.20130000077188 ], [ 766455.208100000396371, 4482846.730699999257922 ], [ 766449.521900000050664, 4482854.597300000488758 ], [ 766438.793100000359118, 4482867.915300000458956 ], [ 766427.009100000374019, 4482879.3235 ], [ 766406.048499999567866, 4482900.588500000536442 ], [ 766392.60149999987334, 4482918.599500000476837 ], [ 766373.862300000153482, 4482945.111300000920892 ], [ 766364.830900000408292, 4482958.7741 ], [ 766346.720300000160933, 4482983.60329999960959 ], [ 766338.381299999542534, 4482992.278100000694394 ], [ 766319.914900000207126, 4483008.822100000455976 ], [ 766303.4545, 4483020.883099999278784 ], [ 766286.580099999904633, 4483031.747899999842048 ], [ 766253.221499999985099, 4483052.910499999299645 ], [ 766218.203099999576807, 4483076.251900000497699 ], [ 766195.258500000461936, 4483092.848899999633431 ], [ 766161.889899999834597, 4483114.385500000789762 ], [ 766149.691499999724329, 4483122.97550000064075 ], [ 766138.120500000193715, 4483131.167500000447035 ], [ 766116.950899999588728, 4483149.17989999987185 ], [ 766100.355700000189245, 4483163.879300000146031 ], [ 766086.696899999864399, 4483175.398299999535084 ], [ 766079.853099999949336, 4483180.191700000315905 ], [ 766062.575100000016391, 4483191.164100000634789 ], [ 766043.441899999976158, 4483203.036499999463558 ], [ 766030.341099999845028, 4483209.962500000372529 ], [ 766016.546299999579787, 4483218.489499999210238 ], [ 766002.504099999554455, 4483227.293500000610948 ], [ 765985.503899999894202, 4483236.780899999663234 ], [ 765969.654500000178814, 4483245.136900000274181 ], [ 765956.965300000272691, 4483251.685100000351667 ], [ 765951.119900000281632, 4483254.863099999725819 ], [ 765946.579699999652803, 4483257.371500000357628 ], [ 765902.102900000289083, 4483301.19370000064373 ], [ 765637.580900000408292, 4483369.639499999582767 ], [ 765629.954900000244379, 4483369.57289999909699 ], [ 765604.969899999909103, 4483375.508500000461936 ], [ 765585.594100000336766, 4483380.294299999251962 ], [ 765563.164099999703467, 4483385.473099999129772 ], [ 765552.049899999983609, 4483388.513499999418855 ], [ 765541.125300000421703, 4483389.0099 ], [ 765527.87430000025779, 4483387.441700000315905 ], [ 765520.0625, 4483386.80629999935627 ], [ 765510.058100000023842, 4483390.214500000700355 ], [ 765501.720700000412762, 4483391.067299999296665 ], [ 765492.643500000238419, 4483394.154500000178814 ], [ 765482.628100000321865, 4483397.02309999987483 ], [ 765466.763500000350177, 4483402.334499999880791 ], [ 765444.060300000011921, 4483409.466900000348687 ], [ 765432.55530000012368, 4483412.961100000888109 ], [ 765428.5943, 4483412.6425 ], [ 765420.932699999772012, 4483415.404500000178814 ], [ 765416.635499999858439, 4483416.582100000232458 ], [ 765408.615899999625981, 4483415.942099999636412 ], [ 765399.258899999782443, 4483415.6349 ], [ 765393.819099999964237, 4483416.963700000196695 ], [ 765383.264700000174344, 4483421.139699999243021 ], [ 765375.736700000241399, 4483426.951500000432134 ], [ 765372.502899999730289, 4483431.3399 ], [ 765370.830699999816716, 4483439.9233 ], [ 765369.533300000242889, 4483458.531700000166893 ], [ 765370.036500000394881, 4483460.431700000539422 ], [ 765366.892099999822676, 4483497.16950000077486 ], [ 765380.349254197557457, 4483531.217478096485138 ] ], [ [ 772778.405000775703229, 4474640.566874583251774 ], [ 772885.48606564803049, 4474609.674588690511882 ], [ 772881.75885215587914, 4474596.755053801462054 ], [ 772882.662855758448131, 4474586.609742264263332 ], [ 772934.518008379149251, 4474538.873015098273754 ], [ 772921.240600728662685, 4474530.718174571171403 ], [ 772957.811100717284717, 4474472.2050745729357 ], [ 773010.312800702638924, 4474519.144274557940662 ], [ 773065.608400685479864, 4474465.074874554760754 ], [ 773147.912425173446536, 4474544.162567533552647 ], [ 773041.674800117732957, 4474640.673115394078195 ], [ 773098.830863232375123, 4474707.913258959539235 ], [ 773105.373671097680926, 4474721.604426097124815 ], [ 772956.942850778112188, 4474726.560953924432397 ], [ 772949.182100726291537, 4474775.248474543914199 ], [ 772927.978113208897412, 4474760.254710900597274 ], [ 772828.541300761047751, 4474685.676674570888281 ], [ 772785.019700773991644, 4474653.55647458229214 ], [ 772778.405000775703229, 4474640.566874583251774 ] ] ] ] } },
{ "type": "Feature", "properties": { "fid": 9.0, "ogc_fid": 9.0, "district": "Leuca", "_mean": -1.472580469377436, "_stdev": 2.781402866239997, "_min": -7.9108371734619141, "_max": 5.9834117889404297 }, "geometry": { "type": "MultiPolygon", "coordinates": [ [ [ [ 769799.722997469129041, 4471589.733041610568762 ], [ 769799.722997469245456, 4471589.733041610568762 ], [ 769917.710929902386852, 4471502.639533029869199 ], [ 770115.004824388190173, 4471316.800917177461088 ], [ 770526.504084516782314, 4471225.029962196946144 ], [ 770923.367513962439261, 4471067.848363404162228 ], [ 771129.676676920149475, 4470989.788082706741989 ], [ 771199.265704446472228, 4470964.863849847577512 ], [ 771218.295481255976483, 4470964.884856098331511 ], [ 771360.081014499301091, 4470964.262504199519753 ], [ 771616.67563852481544, 4470987.830778851173818 ], [ 771769.036215514410287, 4471003.755270559340715 ], [ 771870.267007944639772, 4470995.948576994240284 ], [ 772112.431502301129512, 4470924.838496587239206 ], [ 772648.72840501437895, 4470767.358284581452608 ], [ 773264.118294535204768, 4470577.959936327300966 ], [ 773263.432900000363588, 4470575.751299999654293 ], [ 773253.104299999773502, 4470546.9233 ], [ 773247.853500000201166, 4470532.379499999806285 ], [ 773235.424700000323355, 4470497.737500000745058 ], [ 773232.835900000296533, 4470487.252699999138713 ], [ 773231.177899999544024, 4470479.524700000882149 ], [ 773228.039099999703467, 4470466.602900000289083 ], [ 773225.118300000205636, 4470453.180099999532104 ], [ 773239.830500000156462, 4470412.869300000369549 ], [ 773262.131699999794364, 4470390.777499999850988 ], [ 773256.049100000411272, 4470361.716900000348687 ], [ 773256.032100000418723, 4470360.273900000378489 ], [ 773253.243300000205636, 4470339.2820999994874 ], [ 773252.527300000190735, 4470333.892300000414252 ], [ 773251.441300000064075, 4470325.717299999669194 ], [ 773275.3125, 4470302.1985 ], [ 773296.499699999578297, 4470281.323699999600649 ], [ 773316.114699999801815, 4470263.925899999216199 ], [ 773325.215900000184774, 4470250.892300000414252 ], [ 773323.661100000143051, 4470241.1415 ], [ 773294.907100000418723, 4470235.842499999329448 ], [ 773288.607300000265241, 4470233.283299999311566 ], [ 773283.405299999751151, 4470229.687100000679493 ], [ 773274.251299999654293, 4470224.776900000870228 ], [ 773264.367499999701977, 4470216.167700000107288 ], [ 773264.169499999843538, 4470215.751700000837445 ], [ 773238.938699999824166, 4470185.272299999371171 ], [ 773231.401899999938905, 4470176.167300000786781 ], [ 773225.95990000013262, 4470169.593100000172853 ], [ 773235.397099999710917, 4470148.774900000542402 ], [ 773247.209499999880791, 4470108.929700000211596 ], [ 773250.951299999840558, 4470076.592499999329448 ], [ 773245.840900000184774, 4470063.505699999630451 ], [ 773233.015100000426173, 4470045.546700000762939 ], [ 773223.904099999926984, 4470033.779500000178814 ], [ 773217.021300000138581, 4470025.818499999120831 ], [ 773211.110100000165403, 4470020.396500000730157 ], [ 773216.356300000101328, 4470014.741499999538064 ], [ 773216.547500000335276, 4470009.686699999496341 ], [ 773213.599700000137091, 4469981.099099999293685 ], [ 773212.614699999801815, 4469974.347100000828505 ], [ 773208.377899999730289, 4469959.51630000025034 ], [ 773187.212299999780953, 4469919.646099999547005 ], [ 773170.132699999958277, 4469887.71309999935329 ], [ 773149.470900000073016, 4469852.55489999987185 ], [ 773124.776499999687076, 4469792.817099999636412 ], [ 773146.461099999956787, 4469772.859300000593066 ], [ 773147.639299999922514, 4469764.39049999974668 ], [ 773147.432900000363588, 4469715.1053 ], [ 773147.38190000038594, 4469714.289300000295043 ], [ 773146.960099999792874, 4469707.327299999073148 ], [ 773145.770899999886751, 4469678.066700000315905 ], [ 773151.776499999687076, 4469657.130300000309944 ], [ 773156.11089999973774, 4469641.592700000852346 ], [ 773159.936300000175834, 4469627.362099999561906 ], [ 773161.737700000405312, 4469618.011299999430776 ], [ 773161.769899999722838, 4469608.634500000625849 ], [ 773160.359699999913573, 4469594.223899999633431 ], [ 773167.24349999986589, 4469584.19649999961257 ], [ 773173.991899999789894, 4469573.913699999451637 ], [ 773188.322900000028312, 4469560.329900000244379 ], [ 773200.218100000172853, 4469550.0033 ], [ 773219.641099999658763, 4469531.379899999126792 ], [ 773230.026499999687076, 4469517.269500000402331 ], [ 773264.302899999544024, 4469470.8465 ], [ 773324.301500000059605, 4469390.359099999070168 ], [ 773276.223500000312924, 4469378.2423 ], [ 773196.676099999807775, 4469358.605699999257922 ], [ 773184.019299999810755, 4469356.240299999713898 ], [ 773126.153699999675155, 4469340.782299999147654 ], [ 773094.479899999685585, 4469333.2972999997437 ], [ 773069.928100000135601, 4469328.942500000819564 ], [ 773020.024500000290573, 4469319.786699999123812 ], [ 772980.134700000286102, 4469311.395500000566244 ], [ 772948.148900000378489, 4469304.464500000700355 ], [ 772942.917899999767542, 4469304.081299999728799 ], [ 772934.707899999804795, 4469304.22690000012517 ], [ 772926.001899999566376, 4469305.02449999935925 ], [ 772912.452899999916553, 4469306.382099999114871 ], [ 772900.909900000318885, 4469307.976700000464916 ], [ 772898.263899999670684, 4469308.02449999935925 ], [ 772892.005900000222027, 4469307.1513 ], [ 772887.56290000025183, 4469305.39809999987483 ], [ 772881.958899999968708, 4469303.192099999636412 ], [ 772874.934100000187755, 4469299.347699999809265 ], [ 772871.369099999777973, 4469297.274700000882149 ], [ 772870.24210000038147, 4469296.886700000613928 ], [ 772865.992899999953806, 4469293.2007 ], [ 772859.705500000156462, 4469288.202299999073148 ], [ 772846.474100000225008, 4469268.341299999505281 ], [ 772838.471900000236928, 4469241.112299999222159 ], [ 772828.220099999569356, 4469234.20409999974072 ], [ 772825.395700000226498, 4469233.497500000521541 ], [ 772806.037700000219047, 4469222.0461 ], [ 772797.480299999937415, 4469223.109300000593066 ], [ 772779.673299999907613, 4469225.3213 ], [ 772774.025299999862909, 4469228.090099999681115 ], [ 772735.681099999696016, 4469204.2631 ], [ 772709.333899999968708, 4469182.482300000265241 ], [ 772708.551699999719858, 4469183.478499999269843 ], [ 772696.862300000153482, 4469193.0219 ], [ 772693.024299999698997, 4469196.153699999675155 ], [ 772676.984899999573827, 4469209.246899999678135 ], [ 772673.940899999812245, 4469209.774700000882149 ], [ 772672.583899999968708, 4469209.79869999922812 ], [ 772626.319299999624491, 4469195.325300000607967 ], [ 772583.877700000070035, 4469182.140900000929832 ], [ 772580.775899999774992, 4469181.348899999633431 ], [ 772577.924899999983609, 4469179.397700000554323 ], [ 772575.224899999797344, 4469176.393699999898672 ], [ 772572.619099999777973, 4469172.979699999094009 ], [ 772567.428299999795854, 4469167.339500000700355 ], [ 772559.729500000365078, 4469159.8103 ], [ 772552.716699999757111, 4469154.711100000888109 ], [ 772548.75069999974221, 4469152.984099999070168 ], [ 772543.420699999667704, 4469150.908900000154972 ], [ 772518.996100000105798, 4469139.675300000235438 ], [ 772501.713299999944866, 4469131.267699999734759 ], [ 772497.235500000417233, 4469129.413499999791384 ], [ 772495.352500000037253, 4469128.429500000551343 ], [ 772480.840499999932945, 4469123.1941 ], [ 772478.171699999831617, 4469121.9529 ], [ 772469.471699999645352, 4469117.290699999779463 ], [ 772457.013100000098348, 4469107.370500000193715 ], [ 772443.213499999605119, 4469096.423100000247359 ], [ 772420.511900000274181, 4469079.055500000715256 ], [ 772405.778300000354648, 4469069.5121 ], [ 772396.959499999880791, 4469062.508899999782443 ], [ 772387.757699999958277, 4469054.438699999824166 ], [ 772381.940899999812245, 4469049.331499999389052 ], [ 772376.299899999983609, 4469044.279500000178814 ], [ 772369.368300000205636, 4469037.166300000622869 ], [ 772363.818500000052154, 4469031.078099999576807 ], [ 772358.561499999836087, 4469025.652100000530481 ], [ 772346.691899999976158, 4469015.490900000557303 ], [ 772327.271300000138581, 4468999.086300000548363 ], [ 772310.051900000311434, 4468984.948899999260902 ], [ 772304.990899999625981, 4468983.831700000911951 ], [ 772297.518099999986589, 4468973.888699999079108 ], [ 772199.894299999810755, 4468905.964099999517202 ], [ 772194.885300000198185, 4468902.480100000277162 ], [ 772188.914499999955297, 4468898.324899999424815 ], [ 772174.629900000058115, 4468887.527499999850988 ], [ 772168.483900000341237, 4468882.137299999594688 ], [ 772162.798299999907613, 4468872.938300000503659 ], [ 772156.84250000026077, 4468861.599300000816584 ], [ 772156.323499999940395, 4468861.090299999341369 ], [ 772143.049100000411272, 4468843.2621 ], [ 772142.7511, 4468843.1601 ], [ 772135.215499999932945, 4468833.265900000929832 ], [ 772107.746500000357628, 4468795.087500000372529 ], [ 772086.857300000265241, 4468769.730100000277162 ], [ 772060.537899999879301, 4468739.54590000025928 ], [ 772057.984299999661744, 4468733.153899999335408 ], [ 772043.431099999696016, 4468719.7379 ], [ 772041.636300000362098, 4468719.156899999827147 ], [ 772036.811300000175834, 4468718.433700000867248 ], [ 772031.599700000137091, 4468713.857699999585748 ], [ 772026.269100000150502, 4468707.458699999377131 ], [ 772016.739900000393391, 4468693.482699999585748 ], [ 772000.393299999646842, 4468666.7697 ], [ 771984.901499999687076, 4468643.576899999752641 ], [ 771976.765100000426173, 4468633.7179000005126 ], [ 771964.583700000308454, 4468622.050699999555945 ], [ 771949.641699999570847, 4468610.038499999791384 ], [ 771916.343700000084937, 4468582.903300000354648 ], [ 771894.017900000326335, 4468564.471100000664592 ], [ 771845.424700000323355, 4468525.391699999570847 ], [ 771838.149299999698997, 4468518.49349999986589 ], [ 771832.882500000298023, 4468513.304500000551343 ], [ 771828.001899999566376, 4468505.865499999374151 ], [ 771818.189899999648333, 4468488.800699999555945 ], [ 771787.857499999925494, 4468431.228900000452995 ], [ 771787.593700000084937, 4468430.053899999707937 ], [ 771794.193699999712408, 4468423.109099999070168 ], [ 771796.7807, 4468419.900299999862909 ], [ 771771.990699999965727, 4468413.479900000616908 ], [ 771759.685300000011921, 4468408.972699999809265 ], [ 771747.709699999541044, 4468404.0175 ], [ 771700.224899999797344, 4468384.361700000241399 ], [ 771688.274500000290573, 4468378.525499999523163 ], [ 771636.916100000031292, 4468352.742900000885129 ], [ 771581.839499999769032, 4468324.729499999433756 ], [ 771579.261699999682605, 4468324.8575 ], [ 771572.448099999688566, 4468320.837899999693036 ], [ 771563.74170000012964, 4468313.695900000631809 ], [ 771560.576899999752641, 4468311.017899999395013 ], [ 771557.753100000321865, 4468308.626900000497699 ], [ 771539.169099999591708, 4468292.897700000554323 ], [ 771525.302899999544024, 4468281.160499999299645 ], [ 771509.952899999916553, 4468268.168299999088049 ], [ 771481.222500000149012, 4468243.7820999994874 ], [ 771481.064500000327826, 4468243.632099999114871 ], [ 771478.738699999637902, 4468241.417099999263883 ], [ 771459.38190000038594, 4468222.981100000441074 ], [ 771441.105100000277162, 4468205.385900000110269 ], [ 771436.786299999803305, 4468201.165899999439716 ], [ 771425.043100000359118, 4468191.832900000736117 ], [ 771406.47690000012517, 4468180.808499999344349 ], [ 771404.013100000098348, 4468179.0855 ], [ 771396.424499999731779, 4468173.7785 ], [ 771394.465699999593198, 4468172.409499999135733 ], [ 771372.820700000040233, 4468157.152300000190735 ], [ 771350.067099999636412, 4468140.981899999082088 ], [ 771327.3443, 4468126.895700000226498 ], [ 771314.368900000117719, 4468118.530500000342727 ], [ 771300.593500000424683, 4468110.827299999073148 ], [ 771279.832499999552965, 4468100.4211 ], [ 771258.193699999712408, 4468089.274700000882149 ], [ 771246.054299999959767, 4468082.347699999809265 ], [ 771239.223500000312924, 4468083.190500000491738 ], [ 771234.693500000052154, 4468086.091299999505281 ], [ 771233.567499999888241, 4468087.1733 ], [ 771229.141499999910593, 4468092.652100000530481 ], [ 771215.902499999850988, 4468109.474500000476837 ], [ 771198.47829999960959, 4468130.42369999922812 ], [ 771192.661299999803305, 4468137.436499999836087 ], [ 771188.632299999706447, 4468142.292300000786781 ], [ 771177.937300000339746, 4468155.879899999126792 ], [ 771163.214100000448525, 4468180.026100000366569 ], [ 771147.204699999652803, 4468210.46030000038445 ], [ 771142.009499999694526, 4468222.95890000090003 ], [ 771136.548299999907613, 4468239.430500000715256 ], [ 771118.810100000351667, 4468296.7621 ], [ 771082.302699999883771, 4468251.17710000090301 ], [ 771056.972500000149012, 4468221.519500000402331 ], [ 771056.206500000320375, 4468222.4211 ], [ 771048.08530000038445, 4468213.000700000673532 ], [ 771049.0159, 4468211.905300000682473 ], [ 771002.511099999770522, 4468161.225299999117851 ], [ 770965.997499999590218, 4468199.731300000101328 ], [ 770957.74170000012964, 4468190.005300000309944 ], [ 770956.541699999943376, 4468190.794299999251962 ], [ 770939.501899999566376, 4468205.73369999974966 ], [ 770903.146900000050664, 4468243.493300000205636 ], [ 770879.159099999815226, 4468268.582299999892712 ], [ 770866.515100000426173, 4468283.783700000494719 ], [ 770851.613900000229478, 4468304.499099999666214 ], [ 770840.555499999783933, 4468328.65430000051856 ], [ 770835.254300000146031, 4468340.05210000090301 ], [ 770828.372499999590218, 4468346.7807 ], [ 770819.018500000238419, 4468354.868300000205636 ], [ 770809.444500000216067, 4468367.103900000452995 ], [ 770798.811300000175834, 4468381.701500000432134 ], [ 770771.589499999769032, 4468409.02449999935925 ], [ 770765.771300000138581, 4468414.446100000292063 ], [ 770771.674499999731779, 4468420.487299999222159 ], [ 770710.937699999660254, 4468476.604699999094009 ], [ 770680.694099999964237, 4468486.444700000807643 ], [ 770667.522300000302494, 4468495.065500000491738 ], [ 770658.428100000135601, 4468505.632099999114871 ], [ 770641.581299999728799, 4468515.4013 ], [ 770635.798100000247359, 4468521.156700000166893 ], [ 770628.946299999952316, 4468519.616499999538064 ], [ 770602.612300000153482, 4468537.190300000831485 ], [ 770598.894100000150502, 4468539.810900000855327 ], [ 770597.030299999751151, 4468543.0219 ], [ 770595.597500000149012, 4468548.921700000762939 ], [ 770593.2977, 4468550.529899999499321 ], [ 770580.619500000029802, 4468558.084100000560284 ], [ 770563.88289999961853, 4468572.993699999526143 ], [ 770566.096499999985099, 4468581.826899999752641 ], [ 770573.355700000189245, 4468590.975700000301003 ], [ 770579.666100000031292, 4468600.4375 ], [ 770578.722099999897182, 4468611.79590000025928 ], [ 770578.089499999769032, 4468615.5811 ], [ 770576.513100000098348, 4468618.73509999923408 ], [ 770570.198099999688566, 4468622.520300000905991 ], [ 770565.780299999751151, 4468627.568099999800324 ], [ 770559.148900000378489, 4468632.929099999368191 ], [ 770546.52350000012666, 4468638.292500000447035 ], [ 770546.839700000360608, 4468645.231699999421835 ], [ 770544.947100000455976, 4468649.332699999213219 ], [ 770542.421900000423193, 4468653.117900000885129 ], [ 770533.26549999974668, 4468653.749099999666214 ], [ 770525.057699999772012, 4468653.749099999666214 ], [ 770484.33490000013262, 4468682.13990000076592 ], [ 770484.2171, 4468681.986700000241399 ], [ 770483.449099999852479, 4468682.695699999108911 ], [ 770457.967299999669194, 4468655.283700000494719 ], [ 770455.054700000211596, 4468652.150299999862909 ], [ 770447.447499999776483, 4468648.534900000318885 ], [ 770395.862099999561906, 4468624.261700000613928 ], [ 770385.746299999766052, 4468663.859300000593066 ], [ 770384.936099999584258, 4468666.758300000801682 ], [ 770380.789099999703467, 4468670.464099999517202 ], [ 770378.339300000108778, 4468673.08390000090003 ], [ 770344.704300000332296, 4468703.130899999290705 ], [ 770343.24930000025779, 4468704.585899999365211 ], [ 770336.528300000354648, 4468709.2511 ], [ 770329.859899999573827, 4468716.586300000548363 ], [ 770328.526300000026822, 4468722.4211 ], [ 770328.859699999913573, 4468731.4233 ], [ 770330.526700000278652, 4468736.091099999845028 ], [ 770333.440700000151992, 4468741.7961 ], [ 770335.758500000461936, 4468746.333699999377131 ], [ 770345.106700000353158, 4468761.949699999764562 ], [ 770346.855499999597669, 4468765.2971 ], [ 770358.256099999882281, 4468776.912900000810623 ], [ 770374.174100000411272, 4468779.709300000220537 ], [ 770377.615899999625981, 4468783.796299999579787 ], [ 770378.17989999987185, 4468800.901699999347329 ], [ 770377.989099999889731, 4468802.619699999690056 ], [ 770377.012299999594688, 4468812.062100000679493 ], [ 770379.291699999943376, 4468826.388699999079108 ], [ 770381.570899999700487, 4468839.412699999287724 ], [ 770378.840099999681115, 4468858.226099999621511 ], [ 770351.707700000144541, 4468935.6031 ], [ 770355.411299999803305, 4468939.306700000539422 ], [ 770357.058699999935925, 4468940.95409999974072 ], [ 770358.231100000441074, 4468988.011700000613928 ], [ 770358.311700000427663, 4468991.249099999666214 ], [ 770359.457100000232458, 4469011.510700000450015 ], [ 770361.071899999864399, 4469021.218299999833107 ], [ 770366.088299999944866, 4469040.281099999323487 ], [ 770370.89130000025034, 4469059.92710000090301 ], [ 770374.921900000423193, 4469070.323100000619888 ], [ 770381.137900000438094, 4469087.770700000226498 ], [ 770385.519700000062585, 4469097.882500000298023 ], [ 770396.924700000323355, 4469124.2017 ], [ 770409.544499999843538, 4469144.2105 ], [ 770413.760099999606609, 4469151.787499999627471 ], [ 770410.250300000421703, 4469154.226299999281764 ], [ 770413.589100000448525, 4469187.103900000452995 ], [ 770424.106300000101328, 4469241.587300000712276 ], [ 770426.967899999581277, 4469249.738099999725819 ], [ 770427.436900000087917, 4469252.310100000351667 ], [ 770427.242700000293553, 4469255.460100000724196 ], [ 770426.615699999965727, 4469258.291899999603629 ], [ 770426.122700000181794, 4469261.252900000661612 ], [ 770425.115299999713898, 4469271.546700000762939 ], [ 770425.276100000366569, 4469279.262499999254942 ], [ 770426.471699999645352, 4469288.541500000283122 ], [ 770428.104500000365078, 4469297.073300000280142 ], [ 770435.486899999901652, 4469312.260299999266863 ], [ 770437.832499999552965, 4469321.882099999114871 ], [ 770439.615100000053644, 4469329.1381 ], [ 770442.190700000151992, 4469338.8429000005126 ], [ 770443.882699999958277, 4469342.626900000497699 ], [ 770451.604100000113249, 4469350.082900000736117 ], [ 770455.866100000217557, 4469353.403699999675155 ], [ 770437.495500000193715, 4469390.383899999782443 ], [ 770436.802500000223517, 4469392.832900000736117 ], [ 770435.557900000363588, 4469403.5417 ], [ 770434.364099999889731, 4469413.816500000655651 ], [ 770432.166500000283122, 4469432.727099999785423 ], [ 770430.894299999810755, 4469437.213899999856949 ], [ 770426.182099999859929, 4469448.429700000211596 ], [ 770409.143699999898672, 4469484.073699999600649 ], [ 770394.558299999684095, 4469519.645700000226498 ], [ 770392.912299999967217, 4469523.660499999299645 ], [ 770384.241100000217557, 4469538.792099999263883 ], [ 770362.055900000035763, 4469573.806099999696016 ], [ 770369.177299999631941, 4469584.4831000007689 ], [ 770382.146300000138581, 4469604.463500000536442 ], [ 770393.598500000312924, 4469615.7369 ], [ 770399.277099999599159, 4469620.526100000366569 ], [ 770424.211500000208616, 4469641.1985 ], [ 770428.116100000217557, 4469647.448300000280142 ], [ 770433.787700000219047, 4469656.701899999752641 ], [ 770437.966699999757111, 4469672.224300000816584 ], [ 770432.892300000414252, 4469716.403100000694394 ], [ 770421.548899999819696, 4469761.178899999707937 ], [ 770426.922100000083447, 4469770.619100000709295 ], [ 770450.098100000061095, 4469794.9869 ], [ 770437.022499999962747, 4469806.654500000178814 ], [ 770425.268699999898672, 4469819.573899999260902 ], [ 770418.340900000184774, 4469828.564500000327826 ], [ 770411.740100000053644, 4469839.844100000336766 ], [ 770400.056499999947846, 4469860.17090000025928 ], [ 770390.850499999709427, 4469875.770899999886751 ], [ 770387.74349999986589, 4469884.034700000658631 ], [ 770381.142699999734759, 4469893.388299999758601 ], [ 770362.441100000403821, 4469910.702500000596046 ], [ 770354.22829999960959, 4469917.873299999162555 ], [ 770336.720900000073016, 4469934.715500000864267 ], [ 770321.027099999599159, 4469952.1853 ], [ 770303.564500000327826, 4469988.453700000420213 ], [ 770297.967699999921024, 4470002.110300000756979 ], [ 770288.564699999988079, 4470017.110300000756979 ], [ 770282.072100000455976, 4470024.946100000292063 ], [ 770272.893099999986589, 4470036.140100000426173 ], [ 770262.594700000248849, 4470052.483300000429153 ], [ 770254.535099999979138, 4470068.826500000432134 ], [ 770227.221699999645352, 4470121.66190000064671 ], [ 770205.281700000166893, 4470162.631899999454618 ], [ 770187.371299999766052, 4470186.13910000026226 ], [ 770183.789099999703467, 4470184.348099999129772 ], [ 770170.580299999564886, 4470173.8257 ], [ 770160.603699999861419, 4470162.850700000301003 ], [ 770156.923700000159442, 4470157.706499999389052 ], [ 770133.864099999889731, 4470139.124500000849366 ], [ 770121.141699999570847, 4470127.1081000007689 ], [ 770106.998499999754131, 4470114.945499999448657 ], [ 770093.71169999986887, 4470101.39949999935925 ], [ 770030.643699999898672, 4470039.002100000157952 ], [ 770013.956299999728799, 4470031.506300000473857 ], [ 769991.298299999907613, 4470021.328700000420213 ], [ 769989.534300000406802, 4470020.639499999582767 ], [ 769983.201700000092387, 4470017.66950000077486 ], [ 769972.657100000418723, 4470012.953299999237061 ], [ 769967.614299999549985, 4470010.961300000548363 ], [ 769964.793300000019372, 4470009.847300000488758 ], [ 769952.969499999657273, 4470041.960899999365211 ], [ 769944.462299999780953, 4470038.378900000825524 ], [ 769950.50690000038594, 4470022.707299999892712 ], [ 769888.35329999960959, 4469998.806700000539422 ], [ 769864.313500000163913, 4469989.573100000619888 ], [ 769833.194299999624491, 4469977.707499999552965 ], [ 769832.970300000160933, 4469975.468699999153614 ], [ 769834.313500000163913, 4469951.513699999079108 ], [ 769831.659699999727309, 4469949.235300000756979 ], [ 769797.373499999754131, 4469928.006300000473857 ], [ 769762.444299999624491, 4469919.099300000816584 ], [ 769736.705500000156462, 4469912.156899999827147 ], [ 769716.24930000025779, 4469906.8881 ], [ 769697.49309999961406, 4469902.150100000202656 ], [ 769695.732300000265241, 4469901.8125 ], [ 769671.052500000223517, 4469949.111500000581145 ], [ 769668.317699999548495, 4469946.319499999284744 ], [ 769652.639299999922514, 4469932.578500000759959 ], [ 769625.717699999921024, 4469890.572699999436736 ], [ 769602.551099999807775, 4469911.409299999475479 ], [ 769585.221499999985099, 4469907.896500000730157 ], [ 769574.347500000149012, 4469849.706900000572205 ], [ 769555.244900000281632, 4469770.6513 ], [ 769568.267099999822676, 4469764.570900000631809 ], [ 769594.10869999974966, 4469741.743300000205636 ], [ 769624.476700000464916, 4469714.917300000786781 ], [ 769614.072300000116229, 4469701.983300000429153 ], [ 769606.473899999633431, 4469692.5373 ], [ 769603.034900000318885, 4469688.262299999594688 ], [ 769595.563500000163913, 4469678.974099999293685 ], [ 769588.076700000092387, 4469669.667099999263883 ], [ 769580.7341, 4469660.539300000295043 ], [ 769572.858099999837577, 4469650.748099999502301 ], [ 769565.607300000265241, 4469641.734300000593066 ], [ 769563.557500000111759, 4469639.186300000175834 ], [ 769546.516499999910593, 4469656.1239 ], [ 769543.191100000403821, 4469659.428899999707937 ], [ 769526.444099999964237, 4469651.626900000497699 ], [ 769503.837500000372529, 4469553.951500000432134 ], [ 769499.660099999979138, 4469538.556700000539422 ], [ 769489.073699999600649, 4469498.573100000619888 ], [ 769488.233900000341237, 4469495.290200000628829 ], [ 769482.214100000448525, 4469496.505300000309944 ], [ 769462.653500000014901, 4469500.453500000759959 ], [ 769430.966500000096858, 4469508.517699999734759 ], [ 769422.540699999779463, 4469511.000499999150634 ], [ 769408.891099999658763, 4469514.497099999338388 ], [ 769393.1705, 4469518.529699999839067 ], [ 769372.245900000445545, 4469526.712099999189377 ], [ 769368.351099999621511, 4469527.709899999201298 ], [ 769356.947900000028312, 4469531.998700000345707 ], [ 769350.528699999675155, 4469527.191500000655651 ], [ 769346.369900000281632, 4469523.241499999538064 ], [ 769341.746299999766052, 4469518.715500000864267 ], [ 769336.747700000181794, 4469512.1985 ], [ 769334.534699999727309, 4469509.313500000163913 ], [ 769326.964499999769032, 4469499.358300000429153 ], [ 769317.9989, 4469487.568499999120831 ], [ 769310.143500000238419, 4469477.063500000163913 ], [ 769306.053899999707937, 4469471.82149999961257 ], [ 769301.525100000202656, 4469466.160499999299645 ], [ 769294.627700000070035, 4469457.538499999791384 ], [ 769286.968100000172853, 4469447.964500000700355 ], [ 769283.287499999627471, 4469443.363500000908971 ], [ 769279.423700000159442, 4469438.866499999538064 ], [ 769266.424700000323355, 4469420.217499999329448 ], [ 769257.221699999645352, 4469424.7851 ], [ 769249.820899999700487, 4469428.318900000303984 ], [ 769247.82010000012815, 4469424.127900000661612 ], [ 769217.723299999721348, 4469378.222500000149012 ], [ 769187.082899999804795, 4469335.179300000891089 ], [ 769181.947499999776483, 4469327.9649 ], [ 769178.316700000315905, 4469322.864499999210238 ], [ 769175.776300000026822, 4469319.278899999335408 ], [ 769157.560899999924004, 4469293.569299999624491 ], [ 769151.694299999624491, 4469297.823300000280142 ], [ 769147.115100000053644, 4469301.143899999558926 ], [ 769141.846099999733269, 4469304.4627 ], [ 769132.307300000451505, 4469311.4013 ], [ 769078.541100000031292, 4469351.5373 ], [ 769074.616899999789894, 4469346.828099999576807 ], [ 769067.029900000430644, 4469319.881300000473857 ], [ 769055.518699999898672, 4469297.643500000238419 ], [ 769046.885099999606609, 4469283.515900000929832 ], [ 769045.679700000211596, 4469282.019099999219179 ], [ 769030.66469999961555, 4469263.371300000697374 ], [ 769028.048499999567866, 4469264.417700000107288 ], [ 769019.975300000049174, 4469270.133899999782443 ], [ 769016.896300000138581, 4469272.31389999948442 ], [ 769003.404699999839067, 4469281.86629999987781 ], [ 768992.206500000320375, 4469289.7949 ], [ 768990.577100000344217, 4469290.600299999117851 ], [ 768970.844499999657273, 4469300.3531 ], [ 768967.352171533857472, 4469305.22787833865732 ], [ 769293.913264410337433, 4471020.773532894439995 ], [ 769800.967815534910187, 4471584.662098908796906 ], [ 769799.722997469129041, 4471589.733041610568762 ] ] ] ] } },
{ "type": "Feature", "properties": { "fid": 10.0, "ogc_fid": 10.0, "district": "Santa Rosa", "_mean": -1.395111505482554, "_stdev": 2.4220694226891468, "_min": -8.0373058319091797, "_max": 4.4863185882568359 }, "geometry": { "type": "MultiPolygon", "coordinates": [ [ [ [ 769174.396872195298783, 4472645.301474992185831 ], [ 769137.972269959980622, 4472683.557524530217052 ], [ 769131.80311263690237, 4472702.051793054677546 ], [ 769130.120543837081641, 4472734.556861467659473 ], [ 769131.024238050566055, 4472917.319097169674933 ], [ 769128.453244553413242, 4472966.342398376204073 ], [ 769122.614201153977774, 4473039.690764768049121 ], [ 769111.770455054473132, 4473098.036036711186171 ], [ 769086.746591053437442, 4473185.553909970447421 ], [ 769059.220345489331521, 4473270.571276814676821 ], [ 769049.085693029104732, 4473317.056572296656668 ], [ 769029.066432157531381, 4473443.749160616658628 ], [ 769019.063284559408203, 4473522.577482140623033 ], [ 769031.667480875737965, 4473616.266510891728103 ], [ 769035.691148832673207, 4473714.170718938112259 ], [ 769050.779240942792967, 4473991.489318489097059 ], [ 769068.29534796345979, 4474153.775535114109516 ], [ 769069.963438310194761, 4474202.952280784025788 ], [ 769064.124473149189726, 4474247.961506536230445 ], [ 769058.285452731186524, 4474312.974811921827495 ], [ 769032.358641815721057, 4474514.498663709498942 ], [ 769019.846653368324041, 4474578.678471732884645 ], [ 769004.832299478817731, 4474634.523211781866848 ], [ 768989.715715350816026, 4474696.756430486217141 ], [ 768988.04742239206098, 4474720.928046492859721 ], [ 768977.203294007340446, 4474917.635022631846368 ], [ 768963.854436055407859, 4475178.342833150178194 ], [ 768959.683633134467527, 4475258.359223818406463 ], [ 768948.822046554065309, 4475471.574317717924714 ], [ 768947.987795015098527, 4475515.750057498924434 ], [ 768949.656003330368549, 4475534.087142089381814 ], [ 768952.992430922342464, 4475554.924772608093917 ], [ 768963.001817326177843, 4475579.92992074880749 ], [ 768981.130993589758873, 4475617.677121672779322 ], [ 769140.51872444327455, 4475617.677562326192856 ], [ 769519.015011378796771, 4475609.685122519731522 ], [ 769935.68478345987387, 4475533.330796794965863 ], [ 770256.871918656630442, 4475477.380111005157232 ], [ 770574.065374492085539, 4475416.988803118467331 ], [ 770551.922691340208985, 4475377.149897861294448 ], [ 770505.16870147769805, 4475288.584874889813364 ], [ 770485.083401483716443, 4475235.193074901588261 ], [ 770464.961575548397377, 4475120.913431530818343 ], [ 770447.071148700779304, 4475037.567702431231737 ], [ 770422.353020129958168, 4474980.607768186368048 ], [ 770365.634121128357947, 4474900.244685050100088 ], [ 770323.518701524008065, 4474840.605074961669743 ], [ 770270.114301537163556, 4474742.319674977101386 ], [ 770227.248304775217548, 4474619.879637123085558 ], [ 770140.500279287807643, 4474494.717687953263521 ], [ 770069.436910269199871, 4474373.257993841543794 ], [ 769998.988096787710674, 4474210.355457120575011 ], [ 770369.441901494283229, 4474065.871375024318695 ], [ 770614.041601417819038, 4473951.545574991963804 ], [ 770369.872293472057208, 4473593.308645252138376 ], [ 770144.209369294461794, 4473286.833666350692511 ], [ 769904.123601614264771, 4472952.093275198712945 ], [ 769869.762601624242961, 4472915.609875204972923 ], [ 769783.878773625241593, 4472825.037163509987295 ], [ 769738.051901662372984, 4472817.080175236798823 ], [ 769708.142601669649594, 4472700.132875251583755 ], [ 769668.904782397672534, 4472569.067053442820907 ], [ 769661.185901679797098, 4472508.673875277861953 ], [ 769648.058655275031924, 4472412.575466910377145 ], [ 769577.941352549009025, 4472134.194429136812687 ], [ 769577.94135254889261, 4472134.194429136812687 ], [ 769577.378009936772287, 4472134.295791488140821 ], [ 769451.012297264300287, 4472401.758934091776609 ], [ 769372.155521255917847, 4472504.222304644994438 ], [ 769174.396872195298783, 4472645.301474992185831 ] ] ] ] } },
{ "type": "Feature", "properties": { "fid": 11.0, "ogc_fid": 11.0, "district": "Ferrovia - Casermette", "_mean": -1.573177445272286, "_stdev": 2.8177905971821109, "_min": -9.4865474700927734, "_max": 7.4292354583740243 }, "geometry": { "type": "MultiPolygon", "coordinates": [ [ [ [ 765101.667439199518412, 4471285.237837393768132 ], [ 765244.359724875772372, 4471334.239108495414257 ], [ 765345.600995284621604, 4471429.487788403406739 ], [ 765477.471326418919489, 4471424.262540771625936 ], [ 765768.388079807860777, 4471300.531297282315791 ], [ 765932.021271646837704, 4471270.171264216303825 ], [ 766109.209472662536427, 4471211.6786541743204 ], [ 766228.426655297051184, 4471177.249731832183897 ], [ 766318.135911768767983, 4471176.082033299840987 ], [ 766483.199022518587299, 4471246.792096728459001 ], [ 766635.922834474476986, 4471253.484694776125252 ], [ 766729.534097989555448, 4471298.143374410457909 ], [ 766953.951780662871897, 4471290.28476756811142 ], [ 767203.418699184549041, 4471248.272805702872574 ], [ 767836.239447806030512, 4471453.502886542119086 ], [ 767962.600343693979084, 4471458.077368737198412 ], [ 768040.798129759496078, 4471445.198921056464314 ], [ 768055.78515241923742, 4471469.122582335025072 ], [ 768333.156136298552155, 4471292.812753029167652 ], [ 768530.231162410462275, 4471381.625551031902432 ], [ 768663.699247361626476, 4471478.462899507954717 ], [ 769293.913264410337433, 4471020.773532894439995 ], [ 768967.352171533857472, 4469305.22787833865732 ], [ 768963.137099999934435, 4469311.111500000581145 ], [ 768959.250300000421703, 4469313.926300000399351 ], [ 768942.590499999932945, 4469325.449699999764562 ], [ 768916.100899999961257, 4469344.04869999922812 ], [ 768908.861499999649823, 4469332.098899999633431 ], [ 768904.451899999752641, 4469325.888699999079108 ], [ 768901.99210000038147, 4469322.578700000420213 ], [ 768891.135700000450015, 4469308.613900000229478 ], [ 768883.703300000168383, 4469297.518899999558926 ], [ 768879.583700000308454, 4469291.108899999409914 ], [ 768877.849700000137091, 4469287.434699999168515 ], [ 768865.344899999909103, 4469261.749099999666214 ], [ 768862.315100000239909, 4469259.129100000485778 ], [ 768855.915500000119209, 4469250.479100000113249 ], [ 768843.896499999798834, 4469233.369100000709295 ], [ 768840.196899999864399, 4469225.949100000783801 ], [ 768838.986899999901652, 4469222.129100000485778 ], [ 768816.368700000457466, 4469187.089299999177456 ], [ 768801.849700000137091, 4469169.459300000220537 ], [ 768801.549700000323355, 4469168.559299999848008 ], [ 768801.889700000174344, 4469167.6393 ], [ 768810.67949999962002, 4469162.099500000476837 ], [ 768810.551099999807775, 4469161.908299999311566 ], [ 768789.471099999733269, 4469130.509700000286102 ], [ 768726.575699999928474, 4469045.049699999392033 ], [ 768776.144899999722838, 4469008.961500000208616 ], [ 768792.514700000174344, 4468997.0121 ], [ 768801.054700000211596, 4468988.502499999478459 ], [ 768761.255699999630451, 4468925.205299999564886 ], [ 768745.517099999822676, 4468903.405099999159575 ], [ 768739.126299999654293, 4468899.48589999973774 ], [ 768737.724100000225008, 4468898.551699999719858 ], [ 768738.204300000332296, 4468895.494899999350309 ], [ 768717.893500000238419, 4468860.9583 ], [ 768701.462700000032783, 4468836.28690000064671 ], [ 768673.541699999943376, 4468848.758899999782443 ], [ 768500.350700000301003, 4468931.63429999910295 ], [ 768482.464700000360608, 4468945.000700000673532 ], [ 768482.076299999840558, 4468945.85869999974966 ], [ 768552.837299999780953, 4469051.734300000593066 ], [ 768479.972900000400841, 4469096.013499999418855 ], [ 768436.17090000025928, 4469128.706299999728799 ], [ 768401.701500000432134, 4469155.253900000825524 ], [ 768390.854299999773502, 4469124.5987 ], [ 768380.204900000244379, 4469105.541899999603629 ], [ 768369.555499999783933, 4469096.013499999418855 ], [ 768364.511099999770522, 4469084.80350000038743 ], [ 768357.224499999545515, 4469062.944299999624491 ], [ 768356.103699999861419, 4469031.556500000879169 ], [ 768348.817099999636412, 4469001.850299999117851 ], [ 768340.970300000160933, 4468980.5515 ], [ 768351.619699999690056, 4468960.373700000345707 ], [ 768357.224499999545515, 4468926.744100000709295 ], [ 768347.408499999903142, 4468904.011900000274181 ], [ 768344.849899999797344, 4468895.704900000244379 ], [ 768322.104700000025332, 4468849.984099999070168 ], [ 768292.267300000414252, 4468796.04450000077486 ], [ 768284.25789999961853, 4468780.584499999880791 ], [ 768276.998499999754131, 4468766.994699999690056 ], [ 768275.938699999824166, 4468764.844499999657273 ], [ 768260.945899999700487, 4468733.413899999111891 ], [ 768255.580500000156462, 4468723.174900000914931 ], [ 768246.861100000329316, 4468707.6349 ], [ 768239.261699999682605, 4468697.5351 ], [ 768237.401700000278652, 4468695.055099999532104 ], [ 768232.102099999785423, 4468688.015100000426173 ], [ 768125.549300000071526, 4468553.745100000873208 ], [ 768121.129700000397861, 4468549.335100000724196 ], [ 768117.409699999727309, 4468548.095100000500679 ], [ 768094.791100000031292, 4468525.124900000169873 ], [ 768088.420300000347197, 4468518.61570000089705 ], [ 768084.430900000035763, 4468515.549900000914931 ], [ 768078.293700000271201, 4468513.096699999645352 ], [ 768074.918499999679625, 4468510.644099999219179 ], [ 768066.940700000151992, 4468503.592299999669194 ], [ 768033.447300000116229, 4468481.111300000920892 ], [ 768021.094499999657273, 4468469.7533 ], [ 767969.940100000239909, 4468515.220300000160933 ], [ 767919.504499999806285, 4468468.5449 ], [ 767874.273299999535084, 4468426.878499999642372 ], [ 767805.287499999627471, 4468484.004699999466538 ], [ 767734.551099999807775, 4468422.120699999853969 ], [ 767687.230299999937415, 4468475.781700000166893 ], [ 767644.308899999596179, 4468433.738299999386072 ], [ 767553.254099999554455, 4468350.785900000482798 ], [ 767495.396099999547005, 4468402.009700000286102 ], [ 767466.388299999758601, 4468426.250700000673532 ], [ 767433.316100000403821, 4468437.200300000607967 ], [ 767422.212899999693036, 4468438.957499999552965 ], [ 767421.447700000368059, 4468447.714099999517202 ], [ 767416.921900000423193, 4468447.5131 ], [ 767413.603099999949336, 4468451.234099999070168 ], [ 767413.785899999551475, 4468455.523299999535084 ], [ 767415.566100000403821, 4468459.600299999117851 ], [ 767421.535899999551475, 4468460.302500000223517 ], [ 767414.512699999846518, 4468472.593100000172853 ], [ 767409.595700000412762, 4468475.870300000533462 ], [ 767413.108099999837577, 4468480.669700000435114 ], [ 767418.375500000081956, 4468492.96030000038445 ], [ 767418.726700000464916, 4468524.213500000536442 ], [ 767418.024299999698997, 4468540.366900000721216 ], [ 767419.318699999712408, 4468561.84569999948144 ], [ 767418.263100000098348, 4468598.545700000599027 ], [ 767420.664499999955297, 4468665.525699999183416 ], [ 767418.381299999542534, 4468714.714099999517202 ], [ 767406.436099999584258, 4468806.89670000039041 ], [ 767400.466300000436604, 4468807.950099999085069 ], [ 767399.061700000427663, 4468804.78969999961555 ], [ 767316.188099999912083, 4468627.454299999400973 ], [ 767147.631699999794364, 4468724.374299999326468 ], [ 767280.489099999889731, 4468912.5691 ], [ 767292.551099999807775, 4468929.287100000306964 ], [ 767208.629499999806285, 4468998.615900000557303 ], [ 767173.554100000299513, 4469027.590700000524521 ], [ 767161.997299999929965, 4469035.031500000506639 ], [ 767151.143299999646842, 4469017.943499999120831 ], [ 767039.893099999986589, 4468849.643899999558926 ], [ 767022.253299999982119, 4468822.932900000363588 ], [ 766990.354700000025332, 4468776.451099999248981 ], [ 766968.19510000012815, 4468744.113299999386072 ], [ 766955.289099999703467, 4468725.9627 ], [ 766951.563699999824166, 4468720.723500000312924 ], [ 767014.191100000403821, 4468634.828700000420213 ], [ 767043.688500000163913, 4468600.06389999948442 ], [ 767069.939299999736249, 4468558.3607 ], [ 767078.85869999974966, 4468530.49269999936223 ], [ 767079.00870000012219, 4468530.078700000420213 ], [ 767079.683699999935925, 4468528.195900000631809 ], [ 767080.349700000137091, 4468526.309900000691414 ], [ 767080.677699999883771, 4468525.366900000721216 ], [ 767081.006699999794364, 4468524.42090000025928 ], [ 767081.653699999675155, 4468522.528899999335408 ], [ 767082.290900000371039, 4468520.633099999278784 ], [ 767082.919900000095367, 4468518.734099999070168 ], [ 767083.537899999879301, 4468516.833100000396371 ], [ 767084.182900000363588, 4468514.939099999144673 ], [ 767084.879900000058115, 4468513.065300000831485 ], [ 767085.629900000058115, 4468511.211300000548363 ], [ 767086.430900000035763, 4468509.3783 ], [ 767087.2829, 4468507.569299999624491 ], [ 767088.184899999760091, 4468505.784499999135733 ], [ 767089.135900000110269, 4468504.025499999523163 ], [ 767090.136099999770522, 4468502.293500000610948 ], [ 767091.162100000306964, 4468500.576500000432134 ], [ 767092.212100000120699, 4468498.873700000345707 ], [ 767093.284099999815226, 4468497.185699999332428 ], [ 767094.379099999554455, 4468495.512900000438094 ], [ 767095.498100000433624, 4468493.854900000616908 ], [ 767096.63910000026226, 4468492.211899999529123 ], [ 767097.802099999971688, 4468490.584899999201298 ], [ 767098.987099999561906, 4468488.975099999457598 ], [ 767100.19510000012815, 4468487.380100000649691 ], [ 767099.677699999883771, 4468483.793099999427795 ], [ 767097.963499999605119, 4468485.935699999332428 ], [ 767088.32149999961257, 4468481.007500000298023 ], [ 767063.648299999535084, 4468442.783099999651313 ], [ 767042.25870000012219, 4468456.582299999892712 ], [ 767040.855700000189245, 4468457.688500000163913 ], [ 767008.341099999845028, 4468408.972500000149012 ], [ 766965.816499999724329, 4468343.159299999475479 ], [ 766937.046299999579787, 4468298.63289999961853 ], [ 766932.98450000025332, 4468291.896299999207258 ], [ 766929.786700000055134, 4468286.593100000172853 ], [ 766926.997100000269711, 4468278.883099999278784 ], [ 766925.777499999850988, 4468264.203299999237061 ], [ 766912.628700000233948, 4468236.673499999567866 ], [ 766899.552500000223517, 4468212.317099999636412 ], [ 766875.650299999862909, 4468183.117499999701977 ], [ 766917.550900000147521, 4468154.679300000891089 ], [ 766955.200899999588728, 4468206.2325 ], [ 766976.46750000026077, 4468191.025900000706315 ], [ 767029.310100000351667, 4468156.899900000542402 ], [ 767024.89850000012666, 4468150.394099999219179 ], [ 767018.256299999542534, 4468138.609300000593066 ], [ 767028.745299999602139, 4468127.9835 ], [ 767065.189100000075996, 4468103.80210000090301 ], [ 767077.179700000211596, 4468098.1129 ], [ 767039.913099999539554, 4468042.783099999651313 ], [ 767012.685300000011921, 4468007.263900000602007 ], [ 766965.747100000269711, 4467945.635299999266863 ], [ 766958.596499999985099, 4467935.82630000077188 ], [ 766954.833300000056624, 4467931.627699999138713 ], [ 766898.427699999883771, 4467849.5757 ], [ 766872.689899999648333, 4467814.485500000417233 ], [ 766869.388500000350177, 4467817.285299999639392 ], [ 766866.871700000017881, 4467819.4199 ], [ 766821.68030000012368, 4467858.049499999731779 ], [ 766815.762900000438094, 4467862.941099999472499 ], [ 766788.681499999947846, 4467885.327500000596046 ], [ 766789.521300000138581, 4467886.97749999910593 ], [ 766789.871299999766052, 4467890.707299999892712 ], [ 766785.191300000064075, 4467895.697100000455976 ], [ 766779.46129999961704, 4467900.466900000348687 ], [ 766775.531499999575317, 4467899.926899999380112 ], [ 766773.25069999974221, 4467896.82149999961257 ], [ 766771.591699999757111, 4467898.616900000721216 ], [ 766735.694899999536574, 4467937.464099999517202 ], [ 766727.931900000199676, 4467945.864900000393391 ], [ 766668.925300000235438, 4467992.289300000295043 ], [ 766621.703700000420213, 4467924.66469999961555 ], [ 766602.401300000026822, 4467935.436300000175834 ], [ 766566.78870000038296, 4467952.2653 ], [ 766563.657300000078976, 4467953.351099999621511 ], [ 766556.120699999853969, 4467934.0757 ], [ 766552.698499999940395, 4467923.711500000208616 ], [ 766552.442099999636412, 4467918.540699999779463 ], [ 766547.313500000163913, 4467921.16469999961555 ], [ 766547.739699999801815, 4467922.267899999395013 ], [ 766549.341099999845028, 4467926.412499999627471 ], [ 766543.302500000223517, 4467929.401900000870228 ], [ 766527.648900000378489, 4467937.150699999183416 ], [ 766525.999699999578297, 4467942.470899999141693 ], [ 766525.268500000238419, 4467944.829900000244379 ], [ 766525.268299999646842, 4467950.202099999412894 ], [ 766522.148699999786913, 4467953.32010000012815 ], [ 766437.620500000193715, 4467992.097500000149012 ], [ 766409.132699999958277, 4467938.078700000420213 ], [ 766406.705699999816716, 4467933.918099999427795 ], [ 766405.123100000433624, 4467931.158099999651313 ], [ 766402.069500000216067, 4467924.472899999469519 ], [ 766399.143699999898672, 4467918.068099999800324 ], [ 766382.414099999703467, 4467925.047499999403954 ], [ 766372.744300000369549, 4467932.997300000861287 ], [ 766352.384499999694526, 4467947.056500000879169 ], [ 766326.465099999681115, 4467964.105499999597669 ], [ 766305.045300000347197, 4467977.55489999987185 ], [ 766280.365899999625981, 4467993.213899999856949 ], [ 766246.266499999910593, 4468015.162900000810623 ], [ 766204.7972999997437, 4468039.801300000399351 ], [ 766172.627899999730289, 4468057.6403 ], [ 766169.108099999837577, 4468059.170299999415874 ], [ 766163.178299999795854, 4468060.210100000724196 ], [ 766152.67850000038743, 4468066.329700000584126 ], [ 766124.508899999782443, 4468086.148700000718236 ], [ 766104.779299999587238, 4468099.718100000172853 ], [ 766065.769899999722838, 4468131.076500000432134 ], [ 766046.200100000016391, 4468147.5757 ], [ 766040.940100000239909, 4468151.525499999523163 ], [ 766034.880300000309944, 4468154.055299999192357 ], [ 766031.07050000037998, 4468154.745300000533462 ], [ 766013.53110000025481, 4468149.374900000169873 ], [ 766008.701299999840558, 4468149.064899999648333 ], [ 766003.07149999961257, 4468150.3147 ], [ 765995.301699999719858, 4468154.084499999880791 ], [ 765991.201700000092387, 4468157.034299999475479 ], [ 765984.641900000162423, 4468161.754100000485778 ], [ 765977.611899999901652, 4468167.383899999782443 ], [ 765970.0921, 4468172.833499999716878 ], [ 765967.321100000292063, 4468174.004499999806285 ], [ 765963.87430000025779, 4468174.37529999949038 ], [ 765962.220300000160933, 4468174.267300000414252 ], [ 765959.424499999731779, 4468173.670299999415874 ], [ 765956.44550000037998, 4468172.485300000756979 ], [ 765954.609699999913573, 4468171.788100000470877 ], [ 765927.757299999706447, 4468142.006100000813603 ], [ 765880.917100000195205, 4468085.543299999088049 ], [ 765804.891900000162423, 4467996.023299999535084 ], [ 765797.932300000451505, 4467988.193299999460578 ], [ 765789.872700000181794, 4467978.643300000578165 ], [ 765782.923299999907613, 4467969.363299999386072 ], [ 765774.553899999707937, 4467954.9233 ], [ 765763.654699999839067, 4467931.193499999120831 ], [ 765758.995099999941885, 4467921.263699999079108 ], [ 765752.815499999560416, 4467912.503699999302626 ], [ 765745.48589999973774, 4467904.17369999922812 ], [ 765731.466699999757111, 4467888.863700000569224 ], [ 765716.507699999958277, 4467875.503699999302626 ], [ 765699.438500000163913, 4467860.5735 ], [ 765682.119500000029802, 4467846.003499999642372 ], [ 765669.420099999755621, 4467835.613299999386072 ], [ 765660.910500000230968, 4467829.283299999311566 ], [ 765651.071100000292063, 4467822.223099999129772 ], [ 765635.761900000274181, 4467807.193099999800324 ], [ 765622.782700000330806, 4467792.303099999204278 ], [ 765601.6239, 4467769.563100000843406 ], [ 765592.05449999962002, 4467759.563100000843406 ], [ 765582.41509999986738, 4467747.783099999651313 ], [ 765582.095099999569356, 4467747.373099999502301 ], [ 765575.755499999970198, 4467739.643100000917912 ], [ 765569.23589999973774, 4467730.973099999129772 ], [ 765560.716500000096858, 4467717.8531 ], [ 765552.457100000232458, 4467706.033299999311566 ], [ 765544.227500000037253, 4467692.273299999535084 ], [ 765538.218100000172853, 4467684.483300000429153 ], [ 765531.958300000056624, 4467676.513499999418855 ], [ 765525.808699999935925, 4467668.813500000163913 ], [ 765507.619900000281632, 4467648.133500000461936 ], [ 765498.100499999709427, 4467636.1535 ], [ 765491.540900000371039, 4467629.4233 ], [ 765477.171500000171363, 4467616.073300000280142 ], [ 765473.861700000241399, 4467613.053300000727177 ], [ 765468.06209999974817, 4467607.783299999311566 ], [ 765466.522099999710917, 4467606.263299999758601 ], [ 765458.932699999772012, 4467598.793299999088049 ], [ 765457.752700000070035, 4467597.633300000801682 ], [ 765440.763500000350177, 4467583.793299999088049 ], [ 765427.214300000108778, 4467574.02309999987483 ], [ 765426.144299999810755, 4467573.02309999987483 ], [ 765418.434700000099838, 4467565.883099999278784 ], [ 765413.184899999760091, 4467560.2331000007689 ], [ 765406.465300000272691, 4467552.553099999204278 ], [ 765398.725899999961257, 4467542.993100000545382 ], [ 765383.986899999901652, 4467523.9331 ], [ 765373.437699999660254, 4467504.033299999311566 ], [ 765368.847900000400841, 4467495.973300000652671 ], [ 765362.75829999987036, 4467486.013299999758601 ], [ 765358.338700000196695, 4467476.9835 ], [ 765344.689500000327826, 4467458.713500000536442 ], [ 765332.320299999788404, 4467441.503499999642372 ], [ 765319.911100000143051, 4467424.653699999675155 ], [ 765307.481900000013411, 4467407.653699999675155 ], [ 765302.582299999892712, 4467398.833699999377131 ], [ 765296.262900000438094, 4467387.013900000602007 ], [ 765288.363300000317395, 4467371.81389999948442 ], [ 765253.366100000217557, 4467307.924499999731779 ], [ 765242.306900000199676, 4467286.114700000733137 ], [ 765236.037299999967217, 4467274.504699999466538 ], [ 765232.267699999734759, 4467265.804700000211596 ], [ 765228.098100000061095, 4467256.684900000691414 ], [ 765221.028699999675155, 4467237.625099999830127 ], [ 765217.278900000266731, 4467229.69510000012815 ], [ 765213.099299999885261, 4467222.795299999415874 ], [ 765206.78969999961555, 4467212.195299999788404 ], [ 765177.641699999570847, 4467164.535700000822544 ], [ 765152.203700000420213, 4467117.73589999973774 ], [ 765148.203900000080466, 4467110.716099999845028 ], [ 765145.554100000299513, 4467106.536100000143051 ], [ 765145.2341, 4467103.236099999397993 ], [ 765138.574300000444055, 4467110.595899999141693 ], [ 765131.044300000183284, 4467118.995500000193715 ], [ 765111.034500000067055, 4467142.324500000104308 ], [ 765092.524500000290573, 4467163.523700000718236 ], [ 765085.554700000211596, 4467171.593499999493361 ], [ 765080.074699999764562, 4467177.433299999684095 ], [ 765077.974700000137091, 4467179.673100000247359 ], [ 765077.744699999690056, 4467179.913100000470877 ], [ 765067.16469999961555, 4467191.582699999213219 ], [ 765019.275100000202656, 4467241.560499999672174 ], [ 765003.666299999691546, 4467256.133899999782443 ], [ 764997.708499999716878, 4467261.993699999526143 ], [ 764986.805499999783933, 4467272.999299999326468 ], [ 764977.315700000151992, 4467282.738900000229478 ], [ 764971.145700000226498, 4467289.418500000610948 ], [ 764964.105700000189245, 4467297.268300000578165 ], [ 764917.976099999621511, 4467354.816099999472499 ], [ 764881.776300000026822, 4467398.874299999326468 ], [ 764865.476300000213087, 4467419.243699999526143 ], [ 764856.456500000320375, 4467429.053300000727177 ], [ 764851.50789999961853, 4467434.2215 ], [ 764849.426500000059605, 4467436.392899999395013 ], [ 764843.166500000283122, 4467443.412699999287724 ], [ 764836.25650000013411, 4467450.122300000861287 ], [ 764823.186700000427663, 4467462.971699999645352 ], [ 764811.626899999566376, 4467474.43129999935627 ], [ 764799.917100000195205, 4467484.970899999141693 ], [ 764788.647099999710917, 4467495.170299999415874 ], [ 764786.417299999855459, 4467497.190300000831485 ], [ 764775.667299999855459, 4467507.059900000691414 ], [ 764762.6875, 4467519.659299999475479 ], [ 764750.967699999921024, 4467530.95890000090003 ], [ 764735.276899999938905, 4467545.194299999624491 ], [ 764729.971900000236928, 4467550.187899999320507 ], [ 764712.778099999763072, 4467569.417300000786781 ], [ 764700.438099999912083, 4467582.506699999794364 ], [ 764693.89809999987483, 4467590.61629999987781 ], [ 764692.846300000324845, 4467591.721300000324845 ], [ 764682.140300000086427, 4467604.308900000527501 ], [ 764679.468299999833107, 4467608.295700000599027 ], [ 764675.778300000354648, 4467613.965500000864267 ], [ 764670.53830000013113, 4467621.795299999415874 ], [ 764664.858300000429153, 4467631.144899999722838 ], [ 764658.018299999646842, 4467643.54450000077486 ], [ 764652.848100000061095, 4467653.744100000709295 ], [ 764647.458100000396371, 4467665.633899999782443 ], [ 764636.537899999879301, 4467688.253100000321865 ], [ 764631.567900000140071, 4467698.892899999395013 ], [ 764626.607900000177324, 4467709.1425 ], [ 764620.677699999883771, 4467719.962099999189377 ], [ 764615.607699999585748, 4467727.8918999992311 ], [ 764611.347900000400841, 4467734.491699999198318 ], [ 764604.917700000107288, 4467744.361300000920892 ], [ 764597.587899999693036, 4467753.910900000482798 ], [ 764589.537899999879301, 4467765.170499999076128 ], [ 764580.217899999581277, 4467777.530099999159575 ], [ 764566.787899999879301, 4467794.809499999508262 ], [ 764554.258100000210106, 4467811.238900000229478 ], [ 764543.538099999539554, 4467826.338300000876188 ], [ 764539.258100000210106, 4467832.758099999278784 ], [ 764537.578099999576807, 4467835.267899999395013 ], [ 764534.028099999763072, 4467840.587899999693036 ], [ 764523.778099999763072, 4467855.887299999594688 ], [ 764516.448099999688566, 4467865.7668999992311 ], [ 764510.168100000359118, 4467874.556500000879169 ], [ 764501.708300000056624, 4467883.366100000217557 ], [ 764492.608300000429153, 4467891.585899999365211 ], [ 764490.358300000429153, 4467893.625700000673532 ], [ 764478.528500000014901, 4467904.83530000038445 ], [ 764441.959099999628961, 4467937.603700000792742 ], [ 764380.389899999834597, 4467993.331299999728799 ], [ 764374.351099999621511, 4467998.891100000590086 ], [ 764357.010300000198185, 4468014.96030000038445 ], [ 764340.550499999895692, 4468030.2697 ], [ 764331.090499999932945, 4468038.959300000220537 ], [ 764321.320700000040233, 4468048.448899999260902 ], [ 764317.490699999965727, 4468052.408700000494719 ], [ 764353.678700000047684, 4468087.4287 ], [ 764362.388299999758601, 4468095.308900000527501 ], [ 764367.258100000210106, 4468101.488900000229478 ], [ 764378.397300000302494, 4468116.518699999898672 ], [ 764387.296699999831617, 4468127.718699999153614 ], [ 764404.025899999774992, 4468144.218699999153614 ], [ 764416.495099999941885, 4468155.408900000154972 ], [ 764422.264899999834597, 4468162.288899999111891 ], [ 764424.524699999950826, 4468163.198899999260902 ], [ 764431.542500000447035, 4468160.5471 ], [ 764438.958499999716878, 4468153.8553 ], [ 764446.605299999937415, 4468147.412699999287724 ], [ 764454.413099999539554, 4468141.140900000929832 ], [ 764462.309100000187755, 4468134.963300000876188 ], [ 764470.222900000400841, 4468128.802500000223517 ], [ 764478.083700000308454, 4468122.580900000408292 ], [ 764482.689699999988079, 4468118.851099999621511 ], [ 764490.486700000241399, 4468112.582299999892712 ], [ 764498.463499999605119, 4468106.571699999272823 ], [ 764501.66330000013113, 4468104.501700000837445 ], [ 764504.85329999960959, 4468103.301899999380112 ], [ 764508.063299999572337, 4468103.181900000199676 ], [ 764516.175900000147521, 4468103.618100000545382 ], [ 764526.122499999590218, 4468103.862299999222159 ], [ 764538.162100000306964, 4468103.172499999403954 ], [ 764541.442099999636412, 4468103.4627 ], [ 764544.811900000087917, 4468105.842700000852346 ], [ 764553.676300000399351, 4468114.981699999421835 ], [ 764560.192900000140071, 4468122.593699999153614 ], [ 764566.401700000278652, 4468130.335699999704957 ], [ 764572.522300000302494, 4468138.105699999257922 ], [ 764578.769899999722838, 4468145.802699999883771 ], [ 764586.371500000357628, 4468154.535700000822544 ], [ 764593.149100000038743, 4468161.912699999287724 ], [ 764601.388500000350177, 4468170.552699999883771 ], [ 764606.468299999833107, 4468175.642699999734759 ], [ 764609.727099999785423, 4468178.8037 ], [ 764616.887699999846518, 4468185.782700000330806 ], [ 764621.094499999657273, 4468190.105699999257922 ], [ 764628.017099999822676, 4468197.322699999436736 ], [ 764632.860700000077486, 4468202.158700000494719 ], [ 764640.086500000208616, 4468209.07289999909699 ], [ 764647.915900000371039, 4468216.38289999961853 ], [ 764653.657700000330806, 4468223.432700000703335 ], [ 764659.945299999788404, 4468231.2017 ], [ 764666.185899999924004, 4468239.016699999570847 ], [ 764672.354500000365078, 4468246.902699999511242 ], [ 764675.187300000339746, 4468250.620699999853969 ], [ 764680.783900000154972, 4468258.902699999511242 ], [ 764682.5477, 4468262.113700000569224 ], [ 764686.453499999828637, 4468271.332499999552965 ], [ 764687.583300000056624, 4468274.532500000670552 ], [ 764690.663099999539554, 4468280.152499999850988 ], [ 764693.6239, 4468284.059499999508262 ], [ 764700.202499999664724, 4468291.60249999910593 ], [ 764702.433299999684095, 4468294.2785 ], [ 764708.791899999603629, 4468301.992499999701977 ], [ 764711.685899999924004, 4468305.161499999463558 ], [ 764718.761500000022352, 4468312.242499999701977 ], [ 764725.081100000068545, 4468318.872500000521541 ], [ 764730.674700000323355, 4468327.3015 ], [ 764735.570299999788404, 4468336.082299999892712 ], [ 764742.42090000025928, 4468346.523299999535084 ], [ 764748.469499999657273, 4468354.4923 ], [ 764750.212299999780953, 4468356.68129999935627 ], [ 764756.71889999974519, 4468364.272299999371171 ], [ 764760.409699999727309, 4468368.053300000727177 ], [ 764767.778300000354648, 4468374.8103 ], [ 764775.427899999544024, 4468381.292500000447035 ], [ 764780.727699999697506, 4468386.112500000745058 ], [ 764816.215900000184774, 4468413.772700000554323 ], [ 764821.435499999672174, 4468416.9627 ], [ 764823.628499999642372, 4468416.944900000467896 ], [ 764826.275500000454485, 4468415.622899999842048 ], [ 764828.990500000305474, 4468412.866900000721216 ], [ 764832.185499999672174, 4468409.623099999502301 ], [ 764851.665300000458956, 4468384.494100000709295 ], [ 764852.255300000309944, 4468384.124099999666214 ], [ 764856.565100000239909, 4468381.354299999773502 ], [ 764860.405100000090897, 4468381.9243 ], [ 764865.674700000323355, 4468384.624299999326468 ], [ 764867.534699999727309, 4468385.574300000444055 ], [ 764898.723100000061095, 4468405.864700000733137 ], [ 764983.019100000150502, 4468458.495500000193715 ], [ 765005.028099999763072, 4468473.805700000375509 ], [ 765030.39670000039041, 4468497.04590000025928 ], [ 765035.356300000101328, 4468503.375900000333786 ], [ 765035.206299999728799, 4468507.86570000089705 ], [ 765031.196299999952316, 4468512.465700000524521 ], [ 765023.136500000022352, 4468519.145300000905991 ], [ 765002.696700000204146, 4468537.284499999135733 ], [ 764995.776700000278652, 4468543.894099999219179 ], [ 764995.956699999980628, 4468548.624099999666214 ], [ 765002.746299999766052, 4468556.304099999368191 ], [ 765033.944500000216067, 4468586.924100000411272 ], [ 765047.113699999637902, 4468600.544299999251962 ], [ 765106.780100000090897, 4468670.254100000485778 ], [ 765109.14989999961108, 4468673.0143 ], [ 765134.288499999791384, 4468702.394300000742078 ], [ 765157.137099999934435, 4468729.76410000026226 ], [ 765158.856900000013411, 4468735.214099999517202 ], [ 765158.386699999682605, 4468738.733899999409914 ], [ 765128.257100000046194, 4468768.072699999436736 ], [ 765120.457299999892712, 4468775.492499999701977 ], [ 765113.157300000078976, 4468782.1721 ], [ 765100.577499999664724, 4468791.6217 ], [ 765074.64809999987483, 4468809.710699999704957 ], [ 765054.17850000038743, 4468824.079900000244379 ], [ 765030.838899999856949, 4468840.459100000560284 ], [ 765006.859299999661744, 4468856.668299999088049 ], [ 764981.739900000393391, 4468873.247300000861287 ], [ 764966.460099999792874, 4468885.8267 ], [ 764964.190100000239909, 4468887.316700000315905 ], [ 764953.413499999791384, 4468897.783700000494719 ], [ 764940.573099999688566, 4468926.496300000697374 ], [ 764973.787700000219047, 4468982.754899999126792 ], [ 764982.746899999678135, 4468998.55489999987185 ], [ 764991.206299999728799, 4469016.504699999466538 ], [ 764996.245900000445545, 4469030.804500000551343 ], [ 765000.545300000347197, 4469042.154500000178814 ], [ 765004.66509999986738, 4469052.044299999251962 ], [ 765009.124699999578297, 4469059.4243 ], [ 765017.654299999587238, 4469069.194299999624491 ], [ 765023.543899999931455, 4469075.184299999848008 ], [ 765030.93790000025183, 4469081.583699999377131 ], [ 765011.545699999667704, 4469115.304300000891089 ], [ 765007.015100000426173, 4469123.738500000908971 ], [ 764976.729899999685585, 4469180.116900000721216 ], [ 764946.618900000117719, 4469236.92989999987185 ], [ 764986.341099999845028, 4469254.099899999797344 ], [ 764988.798100000247359, 4469254.773900000378489 ], [ 765008.60010000038892, 4469269.890100000426173 ], [ 765011.389899999834597, 4469271.100099999457598 ], [ 765033.768899999558926, 4469279.7105 ], [ 764989.165300000458956, 4469378.370899999514222 ], [ 764928.5477, 4469502.213700000196695 ], [ 764890.878100000321865, 4469582.170700000599027 ], [ 764874.173700000159442, 4469615.991900000721216 ], [ 764835.002500000409782, 4469658.045499999076128 ], [ 764782.637699999846518, 4469713.008500000461936 ], [ 764628.116100000217557, 4469879.760900000110269 ], [ 764720.888500000350177, 4469898.748500000685453 ], [ 764778.121500000357628, 4469910.134700000286102 ], [ 764952.697900000028312, 4469945.3399 ], [ 764967.772300000302494, 4469948.380100000649691 ], [ 765089.056499999947846, 4469972.841499999165535 ], [ 765033.546699999831617, 4470136.5099 ], [ 765031.066700000315905, 4470142.209699999541044 ], [ 764977.837299999780953, 4470255.005699999630451 ], [ 764960.617700000293553, 4470275.654699999839067 ], [ 764862.580699999816716, 4470329.6809 ], [ 764836.762099999934435, 4470287.761499999091029 ], [ 764752.524500000290573, 4470331.278300000354648 ], [ 764612.918700000271201, 4470403.723099999129772 ], [ 764588.139499999582767, 4470420.991900000721216 ], [ 764584.863099999725819, 4470423.834100000560284 ], [ 764646.156899999827147, 4470461.442299999296665 ], [ 764736.192900000140071, 4470526.372899999842048 ], [ 764759.514700000174344, 4470543.441700000315905 ], [ 764776.571299999952316, 4470537.5735 ], [ 764808.330299999564886, 4470530.014499999582767 ], [ 764829.929299999959767, 4470550.864499999210238 ], [ 764937.154299999587238, 4470657.634500000625849 ], [ 764939.7341, 4470660.324500000104308 ], [ 764939.904099999926984, 4470660.504499999806285 ], [ 764945.763899999670684, 4470666.064500000327826 ], [ 764952.563500000163913, 4470673.344499999657273 ], [ 764954.204699999652803, 4470674.564899999648333 ], [ 764956.021900000050664, 4470674.0197 ], [ 764956.240299999713898, 4470684.941700000315905 ], [ 764962.356700000353158, 4470685.597100000828505 ], [ 764962.356700000353158, 4470691.931900000199676 ], [ 764957.987900000065565, 4470694.116100000217557 ], [ 764958.017300000414252, 4470697.980900000780821 ], [ 764950.253299999982119, 4470711.103499999269843 ], [ 765017.550499999895692, 4470751.26410000026226 ], [ 765016.560499999672174, 4470752.094100000336766 ], [ 765040.929299999959767, 4470772.654100000858307 ], [ 765077.088100000284612, 4470795.481899999082088 ], [ 765077.127500000409782, 4470812.744100000709295 ], [ 765077.547500000335276, 4470817.003900000825524 ], [ 765087.923499999567866, 4471026.031899999827147 ], [ 765101.009100000374019, 4471272.094100000336766 ], [ 765101.667439199518412, 4471285.237837393768132 ] ] ] ] } },
{ "type": "Feature", "properties": { "fid": 12.0, "ogc_fid": 12.0, "district": "Borgo San Nicola", "_mean": -1.0664828686448971, "_stdev": 2.12991282344057, "_min": -7.3058490753173837, "_max": 5.7988376617431641 }, "geometry": { "type": "MultiPolygon", "coordinates": [ [ [ [ 769136.755080749280751, 4472687.206487091258168 ], [ 768974.51702055381611, 4472825.029080637730658 ], [ 768805.500817854888737, 4472987.853602619841695 ], [ 768686.521059782826342, 4473081.725196144543588 ], [ 768394.129101139958948, 4473272.752184266224504 ], [ 768039.005185381975025, 4473458.538238365203142 ], [ 767612.269428920466453, 4473657.366711795330048 ], [ 767571.869641713565215, 4473671.75292641390115 ], [ 767568.523699999786913, 4473675.763499999418855 ], [ 767545.301500000059605, 4473699.223099999129772 ], [ 767534.210699999704957, 4473708.809499999508262 ], [ 767513.433299999684095, 4473730.317500000819564 ], [ 767488.369900000281632, 4473752.55629999935627 ], [ 767485.796900000423193, 4473755.548100000247359 ], [ 767484.898900000378489, 4473755.469100000336766 ], [ 767462.957700000144541, 4473774.007500000298023 ], [ 767450.088499999605119, 4473791.434499999508262 ], [ 767444.507100000046194, 4473809.190700000151992 ], [ 767435.638100000098348, 4473832.536499999463558 ], [ 767430.593100000172853, 4473846.446100000292063 ], [ 767427.915300000458956, 4473858.045499999076128 ], [ 767425.349299999885261, 4473868.787900000810623 ], [ 767429.59250000026077, 4473872.638900000602007 ], [ 767383.404699999839067, 4473980.877499999478459 ], [ 767354.909300000406802, 4474051.961899999529123 ], [ 767349.142500000074506, 4474057.989499999210238 ], [ 767342.652700000442564, 4474065.318099999800324 ], [ 767338.380699999630451, 4474071.196900000795722 ], [ 767331.08490000013262, 4474083.603499999269843 ], [ 767319.989099999889731, 4474103.283700000494719 ], [ 767311.216099999845028, 4474120.724099999293685 ], [ 767306.828300000168383, 4474130.456700000911951 ], [ 767297.053299999795854, 4474156.4529 ], [ 767291.176300000399351, 4474173.7643 ], [ 767289.890300000086427, 4474177.555099999532104 ], [ 767286.776300000026822, 4474186.72690000012517 ], [ 767279.424300000071526, 4474210.479100000113249 ], [ 767272.96129999961704, 4474233.782299999147654 ], [ 767268.160299999639392, 4474253.763699999079108 ], [ 767264.653099999763072, 4474269.126299999654293 ], [ 767262.88329999987036, 4474274.377100000157952 ], [ 767254.597299999557436, 4474293.51549999974668 ], [ 767249.164300000295043, 4474304.86009999923408 ], [ 767240.346499999985099, 4474323.273499999195337 ], [ 767225.340699999593198, 4474354.182299999520183 ], [ 767217.346699999645352, 4474370.977700000628829 ], [ 767213.357699999585748, 4474380.590299999341369 ], [ 767209.567699999548495, 4474392.218100000172853 ], [ 767205.240699999965727, 4474409.442500000819564 ], [ 767205.374699999578297, 4474410.555500000715256 ], [ 767204.677699999883771, 4474424.371099999174476 ], [ 767202.203700000420213, 4474438.062699999660254 ], [ 767200.594499999657273, 4474450.799499999731779 ], [ 767200.548100000247359, 4474452.017699999734759 ], [ 767199.540500000119209, 4474460.371099999174476 ], [ 767197.488499999977648, 4474467.354900000616908 ], [ 767196.553299999795854, 4474475.198699999600649 ], [ 767195.705500000156462, 4474488.351700000464916 ], [ 767193.323300000280142, 4474498.095100000500679 ], [ 767192.751299999654293, 4474502.983899999409914 ], [ 767191.720297438907437, 4474512.344096656888723 ], [ 767450.148257946129888, 4474565.205019179731607 ], [ 767552.226705085369758, 4474575.23769037052989 ], [ 767606.815864951116964, 4474759.396443906240165 ], [ 767713.133125796564855, 4474890.504058458842337 ], [ 767999.722202725592069, 4475166.739925325848162 ], [ 768286.311373977921903, 4475408.874024078249931 ], [ 768589.95657975692302, 4475572.570141830481589 ], [ 768911.289481743006036, 4475617.676928584463894 ], [ 768981.130993589758873, 4475617.677121672779322 ], [ 768963.001817326177843, 4475579.92992074880749 ], [ 768952.992430922342464, 4475554.924772608093917 ], [ 768949.656003330368549, 4475534.087142089381814 ], [ 768947.987795015098527, 4475515.750057498924434 ], [ 768948.822046554065309, 4475471.574317717924714 ], [ 768959.683633134467527, 4475258.359223818406463 ], [ 768963.854436055407859, 4475178.342833150178194 ], [ 768977.203294007340446, 4474917.635022631846368 ], [ 768988.04742239206098, 4474720.928046492859721 ], [ 768989.715715350816026, 4474696.756430486217141 ], [ 769004.832299478817731, 4474634.523211781866848 ], [ 769019.846653368324041, 4474578.678471732884645 ], [ 769032.358641815721057, 4474514.498663709498942 ], [ 769058.285452731186524, 4474312.974811921827495 ], [ 769064.124473149189726, 4474247.961506536230445 ], [ 769069.963438310194761, 4474202.952280784025788 ], [ 769068.29534796345979, 4474153.775535114109516 ], [ 769050.779240942792967, 4473991.489318489097059 ], [ 769035.691148832673207, 4473714.170718938112259 ], [ 769031.667480875737965, 4473616.266510891728103 ], [ 769019.063284559408203, 4473522.577482140623033 ], [ 769029.066432157531381, 4473443.749160616658628 ], [ 769049.085693029104732, 4473317.056572296656668 ], [ 769059.220345489331521, 4473270.571276814676821 ], [ 769086.746591053437442, 4473185.553909970447421 ], [ 769111.770455054473132, 4473098.036036711186171 ], [ 769122.614201153977774, 4473039.690764768049121 ], [ 769128.453244553413242, 4472966.342398376204073 ], [ 769131.024238050566055, 4472917.319097169674933 ], [ 769130.120543837081641, 4472734.556861467659473 ], [ 769131.80311263690237, 4472702.051793054677546 ], [ 769136.755080749280751, 4472687.206487091258168 ] ] ] ] } },
{ "type": "Feature", "properties": { "fid": 13.0, "ogc_fid": 13.0, "district": "Borgo Pace", "_mean": -2.3427351361491211, "_stdev": 1.4078881055960419, "_min": -5.80533790588379, "_max": 2.33296799659729 }, "geometry": { "type": "MultiPolygon", "coordinates": [ [ [ [ 767265.448322415002622, 4472975.927264858968556 ], [ 767419.640612002462149, 4472905.458761337213218 ], [ 767442.824960043653846, 4472949.123944477178156 ], [ 767495.857838662690483, 4472929.512058775871992 ], [ 767489.179347503231838, 4472914.372559268027544 ], [ 767574.316083339392208, 4472883.180424177087843 ], [ 767561.823188569629565, 4472860.460669125430286 ], [ 767656.435851102345623, 4472819.955994563177228 ], [ 767696.287168630515225, 4472889.385638817213476 ], [ 767754.358234942657873, 4472871.170126933604479 ], [ 767748.661153714521788, 4472807.431006170809269 ], [ 767797.637125161243603, 4472784.669425252825022 ], [ 767834.061294475570321, 4472856.377331448718905 ], [ 767867.087843207758851, 4472844.996564591303468 ], [ 767860.26291720289737, 4472821.090444239787757 ], [ 767954.773056542268023, 4472781.257701953873038 ], [ 767976.404990049311891, 4472806.297749472782016 ], [ 768061.805435833055526, 4472744.826652985066175 ], [ 768033.333867504494265, 4472718.652700326405466 ], [ 768057.250776093569584, 4472666.294519570656121 ], [ 768087.992594972718507, 4472643.532888242043555 ], [ 768061.776629170170054, 4472569.189774663187563 ], [ 768031.035121553228237, 4472479.266211779788136 ], [ 767983.216450168285519, 4472403.012230217456818 ], [ 767901.111829819856212, 4472284.688874742016196 ], [ 767799.762058863998391, 4472322.243326704949141 ], [ 767718.916511786403134, 4472375.745735269971192 ], [ 767615.150090407114476, 4472440.807420709170401 ], [ 767497.865401128889062, 4472540.967047358863056 ], [ 767342.882030688924715, 4472684.550213050097227 ], [ 767299.617893284419551, 4472732.351797458715737 ], [ 767241.546764097874984, 4472773.329025618731976 ], [ 767329.216875556274317, 4472874.633604040369391 ], [ 767233.564339856151491, 4472920.156772199086845 ], [ 767265.448322415002622, 4472975.927264858968556 ] ] ] ] } },
{ "type": "Feature", "properties": { "fid": 14.0, "ogc_fid": 14.0, "district": "Rudiae - San Pio", "_mean": -0.79675851658409003, "_stdev": 3.3512701757307211, "_min": -6.7247867584228516, "_max": 8.0034618377685565 }, "geometry": { "type": "MultiPolygon", "coordinates": [ [ [ [ 765607.070108216023073, 4471369.142241787165403 ], [ 765607.070108219981194, 4471369.142241793684661 ], [ 765699.611893505556509, 4471517.379546709358692 ], [ 765828.229481887770817, 4471629.869679309427738 ], [ 766078.560827859444544, 4471841.074396600946784 ], [ 766274.486365565098822, 4471997.145721914246678 ], [ 766481.559871267527342, 4472138.462822744622827 ], [ 766612.999335692380555, 4472289.128978602588177 ], [ 766723.377156360307708, 4472430.701428538188338 ], [ 766802.000527341384441, 4472656.467806925997138 ], [ 766943.928372112452053, 4473089.976502357982099 ], [ 767088.523046632995829, 4473475.889911998063326 ], [ 767159.701978819794022, 4473614.391132084652781 ], [ 767249.020084110321477, 4473745.098461348563433 ], [ 767255.270105971721932, 4473753.996772629208863 ], [ 767281.472299999557436, 4473737.213899999856949 ], [ 767313.60950000025332, 4473718.006300000473857 ], [ 767353.137500000186265, 4473687.604299999773502 ], [ 767412.949300000444055, 4473645.162900000810623 ], [ 767473.823300000280142, 4473586.494699999690056 ], [ 767476.760099999606609, 4473584.246899999678135 ], [ 767502.155899999663234, 4473560.520700000226498 ], [ 767529.361700000241399, 4473538.372899999842048 ], [ 767566.75789999961853, 4473503.247899999842048 ], [ 767586.268699999898672, 4473485.887700000777841 ], [ 767618.133899999782443, 4473452.7215 ], [ 767662.451500000432134, 4473405.35950000025332 ], [ 767673.89809999987483, 4473397.600299999117851 ], [ 767683.038900000043213, 4473388.3169 ], [ 767694.601700000464916, 4473376.686300000175834 ], [ 767702.13150000013411, 4473369.526699999347329 ], [ 767707.313299999572337, 4473363.901100000366569 ], [ 767716.358099999837577, 4473354.511499999091029 ], [ 767722.7511, 4473347.6667 ], [ 767730.308899999596179, 4473339.169099999591708 ], [ 767738.053700000047684, 4473330.978499999269843 ], [ 767743.249499999918044, 4473325.42989999987185 ], [ 767747.299499999731779, 4473321.145099999383092 ], [ 767751.443300000391901, 4473316.0263 ], [ 767757.780299999751151, 4473309.126700000837445 ], [ 767766.999900000169873, 4473298.747099999338388 ], [ 767776.393699999898672, 4473288.412499999627471 ], [ 767781.568699999712408, 4473281.85190000012517 ], [ 767789.826500000432134, 4473272.746300000697374 ], [ 767799.340099999681115, 4473262.9517 ], [ 767805.707100000232458, 4473256.872099999338388 ], [ 767811.516900000162423, 4473251.267300000414252 ], [ 767819.83669999986887, 4473243.430700000375509 ], [ 767827.129499999806285, 4473236.659099999815226 ], [ 767829.65749999973923, 4473234.668299999088049 ], [ 767835.810300000011921, 4473229.8235 ], [ 767848.734899999573827, 4473218.534099999815226 ], [ 767865.935499999672174, 4473204.72690000012517 ], [ 767874.613300000317395, 4473197.428300000727177 ], [ 767883.895100000314415, 4473188.495699999853969 ], [ 767897.032700000330806, 4473176.834300000220537 ], [ 767914.872100000269711, 4473161.9221 ], [ 767930.393699999898672, 4473149.744899999350309 ], [ 767935.042700000107288, 4473147.056099999696016 ], [ 767936.251699999906123, 4473146.373700000345707 ], [ 767955.983099999837577, 4473167.471100000664592 ], [ 767954.200699999928474, 4473171.539899999275804 ], [ 767949.354700000025332, 4473181.021500000730157 ], [ 767944.38289999961853, 4473190.376299999654293 ], [ 767938.772900000214577, 4473200.605900000780821 ], [ 767933.189100000075996, 4473209.418500000610948 ], [ 767926.186300000175834, 4473220.05210000090301 ], [ 767920.941300000064075, 4473228.0417 ], [ 767914.215499999932945, 4473237.280500000342727 ], [ 767909.162499999627471, 4473243.82010000012815 ], [ 767902.321700000204146, 4473252.856699999421835 ], [ 767895.71169999986887, 4473262.317299999296665 ], [ 767880.688099999912083, 4473281.722500000149012 ], [ 767860.525500000454485, 4473306.652499999850988 ], [ 767841.720900000073016, 4473329.588500000536442 ], [ 767828.276300000026822, 4473345.728700000792742 ], [ 767812.38370000012219, 4473365.830700000748038 ], [ 767809.143699999898672, 4473369.509700000286102 ], [ 767803.050900000147521, 4473377.41330000013113 ], [ 767786.977300000376999, 4473396.3465 ], [ 767767.567699999548495, 4473419.05629999935627 ], [ 767752.522099999710917, 4473435.24070000089705 ], [ 767726.172500000335276, 4473465.079299999400973 ], [ 767705.924100000411272, 4473489.440099999308586 ], [ 767676.102699999697506, 4473524.762499999254942 ], [ 767672.183899999596179, 4473529.504300000146031 ], [ 767667.683899999596179, 4473532.682099999859929 ], [ 767662.206100000068545, 4473536.6919 ], [ 767658.4693, 4473540.436699999496341 ], [ 767654.346300000324845, 4473549.003499999642372 ], [ 767650.046299999579787, 4473557.253100000321865 ], [ 767638.416500000283122, 4473573.711500000208616 ], [ 767623.318900000303984, 4473596.867499999701977 ], [ 767611.761099999770522, 4473617.476700000464916 ], [ 767595.16509999986738, 4473643.8301 ], [ 767571.869641713565215, 4473671.75292641390115 ], [ 767612.269428920466453, 4473657.366711795330048 ], [ 768039.005185381975025, 4473458.538238365203142 ], [ 768394.129101139958948, 4473272.752184266224504 ], [ 768686.521059782826342, 4473081.725196144543588 ], [ 768805.500817854888737, 4472987.853602619841695 ], [ 768974.51702055381611, 4472825.029080637730658 ], [ 769136.755080749280751, 4472687.206487091258168 ], [ 769137.972269959980622, 4472683.557524530217052 ], [ 769174.396872195298783, 4472645.301474992185831 ], [ 768663.699247361626476, 4471478.462899507954717 ], [ 768530.231162410462275, 4471381.625551031902432 ], [ 768333.156136298552155, 4471292.812753029167652 ], [ 768055.78515241923742, 4471469.122582335025072 ], [ 768040.798129759496078, 4471445.198921056464314 ], [ 767962.600343693979084, 4471458.077368737198412 ], [ 767836.239447806030512, 4471453.502886542119086 ], [ 767203.418699184549041, 4471248.272805702872574 ], [ 766953.951780662871897, 4471290.28476756811142 ], [ 766729.534097989555448, 4471298.143374410457909 ], [ 766635.922834474476986, 4471253.484694776125252 ], [ 766483.199022518587299, 4471246.792096728459001 ], [ 766318.135911768767983, 4471176.082033299840987 ], [ 766228.426655297051184, 4471177.249731832183897 ], [ 766109.209472662536427, 4471211.6786541743204 ], [ 765932.021271646837704, 4471270.171264216303825 ], [ 765768.388079807860777, 4471300.531297282315791 ], [ 765607.070108216023073, 4471369.142241787165403 ] ], [ [ 767265.448322415002622, 4472975.927264858968556 ], [ 767233.564339856151491, 4472920.156772199086845 ], [ 767329.216875556274317, 4472874.633604040369391 ], [ 767241.546764097874984, 4472773.329025618731976 ], [ 767299.617893284419551, 4472732.351797458715737 ], [ 767342.882030688924715, 4472684.550213050097227 ], [ 767497.865401128889062, 4472540.967047358863056 ], [ 767615.150090407114476, 4472440.807420709170401 ], [ 767718.916511786403134, 4472375.745735269971192 ], [ 767799.762058863998391, 4472322.243326704949141 ], [ 767901.111829819856212, 4472284.688874742016196 ], [ 767983.216450168285519, 4472403.012230217456818 ], [ 768031.035121553228237, 4472479.266211779788136 ], [ 768061.776629170170054, 4472569.189774663187563 ], [ 768087.992594972718507, 4472643.532888242043555 ], [ 768057.250776093569584, 4472666.294519570656121 ], [ 768033.333867504494265, 4472718.652700326405466 ], [ 768061.805435833055526, 4472744.826652985066175 ], [ 767976.404990049311891, 4472806.297749472782016 ], [ 767954.773056542268023, 4472781.257701953873038 ], [ 767860.26291720289737, 4472821.090444239787757 ], [ 767867.087843207758851, 4472844.996564591303468 ], [ 767834.061294475570321, 4472856.377331448718905 ], [ 767797.637125161243603, 4472784.669425252825022 ], [ 767748.661153714521788, 4472807.431006170809269 ], [ 767754.358234942657873, 4472871.170126933604479 ], [ 767696.287168630515225, 4472889.385638817213476 ], [ 767656.435851102345623, 4472819.955994563177228 ], [ 767561.823188569629565, 4472860.460669125430286 ], [ 767574.316083339392208, 4472883.180424177087843 ], [ 767489.179347503231838, 4472914.372559268027544 ], [ 767495.857838662690483, 4472929.512058775871992 ], [ 767442.824960043653846, 4472949.123944477178156 ], [ 767419.640612002462149, 4472905.458761337213218 ], [ 767265.448322415002622, 4472975.927264858968556 ] ] ] ] } },
{ "type": "Feature", "properties": { "fid": 15.0, "ogc_fid": 15.0, "district": "Mazzini", "_mean": -5.4397365640256119, "_stdev": 1.5565765816484749, "_min": -8.3722705841064453, "_max": 2.27828049659729 }, "geometry": { "type": "MultiPolygon", "coordinates": [ [ [ [ 769721.173308243043721, 4472096.65286841057241 ], [ 769789.049177295295522, 4472192.814639179967344 ], [ 769805.360251766629517, 4472270.887701757252216 ], [ 769868.90802255354356, 4472242.105135079473257 ], [ 770181.204879842232913, 4472499.367046931758523 ], [ 770227.743487362051383, 4472490.102676362730563 ], [ 770318.921210400061682, 4472364.324508550576866 ], [ 770376.395159812644124, 4472277.281913359649479 ], [ 770406.520408525015227, 4472203.638882770203054 ], [ 770961.972097965190187, 4472437.866506326012313 ], [ 771001.616552472347394, 4472357.980783679522574 ], [ 771015.419657174497843, 4472278.425845122896135 ], [ 771021.971951256738976, 4472137.001775095239282 ], [ 771005.720501257339492, 4471974.064275114797056 ], [ 770987.5262012607418, 4471810.015075135044754 ], [ 770988.609062262345105, 4471770.646257056854665 ], [ 771009.413401250960305, 4471656.915175141766667 ], [ 771035.305401240591891, 4471555.07127514667809 ], [ 771074.012264209799469, 4471418.334077993407845 ], [ 771118.201173357665539, 4471313.851217734627426 ], [ 771166.158600996481255, 4471160.457194775342941 ], [ 771181.127666072454304, 4471124.421842187643051 ], [ 771143.938842874485999, 4471054.555749692954123 ], [ 771120.715826992993243, 4470993.178559652529657 ], [ 771120.715826992876828, 4470993.178559651598334 ], [ 770923.367513962439261, 4471067.848363404162228 ], [ 770526.504084516782314, 4471225.029962196946144 ], [ 770115.004824388190173, 4471316.800917177461088 ], [ 769917.710929902386852, 4471502.639533029869199 ], [ 769799.722997469245456, 4471589.733041610568762 ], [ 769799.722997469129041, 4471589.733041610568762 ], [ 769787.234607340069488, 4471640.606267605908215 ], [ 769721.173308243043721, 4472096.65286841057241 ] ] ] ] } },
{ "type": "Feature", "properties": { "fid": 16.0, "ogc_fid": 16.0, "district": "San Sabino", "_mean": -2.1165840207731139, "_stdev": 2.34394224306538, "_min": -8.0578136444091797, "_max": 3.8403151035308838 }, "geometry": { "type": "MultiPolygon", "coordinates": [ [ [ [ 770961.972097965190187, 4472437.866506326012313 ], [ 771270.050804961239919, 4472564.565698592923582 ], [ 771700.1145869132597, 4472745.087690484710038 ], [ 772794.388063800288364, 4473204.134124393574893 ], [ 773386.3043487573741, 4473450.79343335237354 ], [ 773444.888435524422675, 4473219.480354875326157 ], [ 773487.211300530354492, 4473091.50737461168319 ], [ 773474.226592117454857, 4472934.752587193623185 ], [ 773443.903048660140485, 4472781.311362257227302 ], [ 773394.176669579115696, 4472640.487237133085728 ], [ 773337.179182740510441, 4472572.352278650738299 ], [ 773141.828800620278344, 4472367.725774734281003 ], [ 772599.993708619149402, 4471834.678575846366584 ], [ 772515.830761332530528, 4471691.619792344048619 ], [ 772112.431502301129512, 4470924.838496587239206 ], [ 771870.267007944639772, 4470995.948576994240284 ], [ 771769.036215514410287, 4471003.755270559340715 ], [ 771616.67563852481544, 4470987.830778851173818 ], [ 771360.081014499301091, 4470964.262504199519753 ], [ 771218.295481255976483, 4470964.884856098331511 ], [ 771199.265704446472228, 4470964.863849847577512 ], [ 771129.676676920149475, 4470989.788082706741989 ], [ 771120.715826992876828, 4470993.178559651598334 ], [ 771120.715826992993243, 4470993.178559652529657 ], [ 771143.938842874485999, 4471054.555749692954123 ], [ 771181.127666072454304, 4471124.421842187643051 ], [ 771166.158600996481255, 4471160.457194775342941 ], [ 771118.201173357665539, 4471313.851217734627426 ], [ 771074.012264209799469, 4471418.334077993407845 ], [ 771035.305401240591891, 4471555.07127514667809 ], [ 771009.413401250960305, 4471656.915175141766667 ], [ 770988.609062262345105, 4471770.646257056854665 ], [ 770987.5262012607418, 4471810.015075135044754 ], [ 771005.720501257339492, 4471974.064275114797056 ], [ 771021.971951256738976, 4472137.001775095239282 ], [ 771015.419657174497843, 4472278.425845122896135 ], [ 771001.616552472347394, 4472357.980783679522574 ], [ 770961.972097965190187, 4472437.866506326012313 ] ] ] ] } },
{ "type": "Feature", "properties": { "fid": 17.0, "ogc_fid": 17.0, "district": "Salesiani", "_mean": -2.0818178622425099, "_stdev": 2.6436291264225629, "_min": -8.2116260528564453, "_max": 5.2690448760986337 }, "geometry": { "type": "MultiPolygon", "coordinates": [ [ [ [ 772047.818093136069365, 4474915.09881101641804 ], [ 771983.52109201636631, 4474873.688892885111272 ], [ 771862.470190661377273, 4474796.710557411424816 ], [ 771832.299011727329344, 4474784.422897600568831 ], [ 771791.855968616902828, 4474769.48978500533849 ], [ 771750.647355310851708, 4474754.222493006847799 ], [ 771718.867923724697903, 4474742.853378892876208 ], [ 771702.589921434875578, 4474734.717604103498161 ], [ 771688.245132330572233, 4474723.532248185016215 ], [ 771676.995687872287817, 4474707.299249092116952 ], [ 771631.034061048179865, 4474642.535213518887758 ], [ 771573.073967969277874, 4474552.048241624608636 ], [ 771551.376481932587922, 4474508.111741428263485 ], [ 771549.454346540849656, 4474488.566738745197654 ], [ 771546.284765225020237, 4474451.107380443252623 ], [ 771537.538603777997196, 4474423.760806381702423 ], [ 771519.880969820427708, 4474398.002862034365535 ], [ 771495.278118083486333, 4474372.482846732251346 ], [ 771471.283836419228464, 4474358.345856375060976 ], [ 771449.310879334108904, 4474345.470347126014531 ], [ 771435.924432933796197, 4474333.606141564436257 ], [ 771430.620567223988473, 4474313.66396595723927 ], [ 771422.904388264403678, 4474271.291664065793157 ], [ 771414.631897021317855, 4474241.229682139120996 ], [ 771397.087164936354384, 4474217.681507305242121 ], [ 771369.452348323538899, 4474182.305878025479615 ], [ 771342.657446468481794, 4474150.693682215176523 ], [ 771312.296288615092635, 4474125.035431081429124 ], [ 771300.694354531588033, 4474107.518210446462035 ], [ 771292.055586647009477, 4474082.600108296610415 ], [ 771266.924026260850951, 4474045.812543149106205 ], [ 771245.124604782555252, 4474017.410912587307394 ], [ 771237.093171048443764, 4474011.563018839806318 ], [ 771183.081549456808716, 4473967.025451552122831 ], [ 771119.617923192447051, 4473891.446513310074806 ], [ 771044.001810108195059, 4473783.476628962904215 ], [ 771019.47034098522272, 4473701.297536481171846 ], [ 771034.833109561586753, 4473663.544576385058463 ], [ 771046.413129344815388, 4473638.85573023557663 ], [ 771045.642114423564635, 4473615.710014197044075 ], [ 771022.870581139111891, 4473587.932995054870844 ], [ 770894.497379101580009, 4473440.63393996283412 ], [ 770775.454241962172091, 4473289.309036625549197 ], [ 770741.876732063596137, 4473209.984703417867422 ], [ 770629.39352768776007, 4472987.773771226406097 ], [ 770651.717589752515778, 4472954.298849035054445 ], [ 770686.808034065878019, 4472900.967792493291199 ], [ 770722.994853792246431, 4472881.33844683226198 ], [ 770801.629701338824816, 4472844.124875070527196 ], [ 770910.271696507232264, 4472820.919259023852646 ], [ 770972.613001285819337, 4472832.673375042155385 ], [ 770997.585796061670408, 4472781.48436741810292 ], [ 771057.073938915971667, 4472647.902607573196292 ], [ 771086.506025289185345, 4472571.897221274673939 ], [ 771114.88105453713797, 4472503.516732506453991 ], [ 771115.924483028124087, 4472501.180336175486445 ], [ 770961.972097965190187, 4472437.866506326012313 ], [ 770406.520408525015227, 4472203.638882770203054 ], [ 770376.395159812644124, 4472277.281913359649479 ], [ 770318.921210400061682, 4472364.324508550576866 ], [ 770227.743487362051383, 4472490.102676362730563 ], [ 770181.204879842232913, 4472499.367046931758523 ], [ 769868.90802255354356, 4472242.105135079473257 ], [ 769805.360251766629517, 4472270.887701757252216 ], [ 769789.049177295295522, 4472192.814639179967344 ], [ 769721.173308243043721, 4472096.65286841057241 ], [ 769626.288188650505617, 4472125.495373016223311 ], [ 769577.94135254889261, 4472134.194429136812687 ], [ 769577.941352549009025, 4472134.194429136812687 ], [ 769648.058655275031924, 4472412.575466910377145 ], [ 769661.185901679797098, 4472508.673875277861953 ], [ 769668.904782397672534, 4472569.067053442820907 ], [ 769708.142601669649594, 4472700.132875251583755 ], [ 769738.051901662372984, 4472817.080175236798823 ], [ 769783.878773625241593, 4472825.037163509987295 ], [ 769869.762601624242961, 4472915.609875204972923 ], [ 769904.123601614264771, 4472952.093275198712945 ], [ 770144.209369294461794, 4473286.833666350692511 ], [ 770369.872293472057208, 4473593.308645252138376 ], [ 770614.041601417819038, 4473951.545574991963804 ], [ 770369.441901494283229, 4474065.871375024318695 ], [ 769998.988096787710674, 4474210.355457120575011 ], [ 770069.436910269199871, 4474373.257993841543794 ], [ 770140.500279287807643, 4474494.717687953263521 ], [ 770227.248304775217548, 4474619.879637123085558 ], [ 770270.114301537163556, 4474742.319674977101386 ], [ 770323.518701524008065, 4474840.605074961669743 ], [ 770365.634121128357947, 4474900.244685050100088 ], [ 770422.353020129958168, 4474980.607768186368048 ], [ 770447.071148700779304, 4475037.567702431231737 ], [ 770464.961575548397377, 4475120.913431530818343 ], [ 770485.083401483716443, 4475235.193074901588261 ], [ 770505.16870147769805, 4475288.584874889813364 ], [ 770551.922691340208985, 4475377.149897861294448 ], [ 770574.065374492085539, 4475416.988803118467331 ], [ 770648.694110720185563, 4475402.780039022676647 ], [ 771116.260334063321352, 4475317.000668171793222 ], [ 771396.14749142434448, 4475254.850370620377362 ], [ 771513.872285358607769, 4475219.461649080738425 ], [ 772047.818093136069365, 4474915.09881101641804 ] ] ] ] } },
{ "type": "Feature", "properties": { "fid": 18.0, "ogc_fid": 18.0, "district": "Kolbe San Giovanni Battista", "_mean": -1.774282965023821, "_stdev": 2.9572166413374279, "_min": -9.5822505950927734, "_max": 6.1235523223876962 }, "geometry": { "type": "MultiPolygon", "coordinates": [ [ [ [ 771115.924483028124087, 4472501.180336175486445 ], [ 771114.88105453713797, 4472503.516732506453991 ], [ 771086.506025289185345, 4472571.897221274673939 ], [ 771057.073938915971667, 4472647.902607573196292 ], [ 770997.585796061670408, 4472781.48436741810292 ], [ 770972.613001285819337, 4472832.673375042155385 ], [ 770910.271696507232264, 4472820.919259023852646 ], [ 770801.629701338824816, 4472844.124875070527196 ], [ 770722.994853792246431, 4472881.33844683226198 ], [ 770686.808034065878019, 4472900.967792493291199 ], [ 770651.717589752515778, 4472954.298849035054445 ], [ 770629.39352768776007, 4472987.773771226406097 ], [ 770741.876732063596137, 4473209.984703417867422 ], [ 770775.454241962172091, 4473289.309036625549197 ], [ 770894.497379101580009, 4473440.63393996283412 ], [ 771022.870581139111891, 4473587.932995054870844 ], [ 771045.642114423564635, 4473615.710014197044075 ], [ 771046.413129344815388, 4473638.85573023557663 ], [ 771034.833109561586753, 4473663.544576385058463 ], [ 771019.47034098522272, 4473701.297536481171846 ], [ 771044.001810108195059, 4473783.476628962904215 ], [ 771119.617923192447051, 4473891.446513310074806 ], [ 771183.081549456808716, 4473967.025451552122831 ], [ 771237.093171048443764, 4474011.563018839806318 ], [ 771245.124604782555252, 4474017.410912587307394 ], [ 771266.924026260850951, 4474045.812543149106205 ], [ 771292.055586647009477, 4474082.600108296610415 ], [ 771300.694354531588033, 4474107.518210446462035 ], [ 771312.296288615092635, 4474125.035431081429124 ], [ 771342.657446468481794, 4474150.693682215176523 ], [ 771369.452348323538899, 4474182.305878025479615 ], [ 771397.087164936354384, 4474217.681507305242121 ], [ 771414.631897021317855, 4474241.229682139120996 ], [ 771422.904388264403678, 4474271.291664065793157 ], [ 771430.620567223988473, 4474313.66396595723927 ], [ 771435.924432933796197, 4474333.606141564436257 ], [ 771449.310879334108904, 4474345.470347126014531 ], [ 771471.283836419228464, 4474358.345856375060976 ], [ 771495.278118083486333, 4474372.482846732251346 ], [ 771519.880969820427708, 4474398.002862034365535 ], [ 771537.538603777997196, 4474423.760806381702423 ], [ 771546.284765225020237, 4474451.107380443252623 ], [ 771549.454346540849656, 4474488.566738745197654 ], [ 771551.376481932587922, 4474508.111741428263485 ], [ 771573.073967969277874, 4474552.048241624608636 ], [ 771631.034061048179865, 4474642.535213518887758 ], [ 771676.995687872287817, 4474707.299249092116952 ], [ 771688.245132330572233, 4474723.532248185016215 ], [ 771702.589921434875578, 4474734.717604103498161 ], [ 771718.867923724697903, 4474742.853378892876208 ], [ 771750.647355310851708, 4474754.222493006847799 ], [ 771791.855968616902828, 4474769.48978500533849 ], [ 771832.299011727329344, 4474784.422897600568831 ], [ 771862.470190661377273, 4474796.710557411424816 ], [ 771983.52109201636631, 4474873.688892885111272 ], [ 772047.818093136069365, 4474915.09881101641804 ], [ 772052.535390701144934, 4474912.409830123186111 ], [ 772201.795378080918454, 4474818.004141763783991 ], [ 772391.035355970496312, 4474709.525293859653175 ], [ 772582.882736741914414, 4474598.827153595164418 ], [ 772724.365521324099973, 4474511.617605629377067 ], [ 772896.274850699817762, 4474383.483582507818937 ], [ 772946.788990646367893, 4474330.588623366318643 ], [ 773063.519697760464624, 4474196.132134892977774 ], [ 773166.428110588109121, 4474087.435898223891854 ], [ 773251.897450449876487, 4473889.102385895326734 ], [ 773307.392081560334191, 4473722.134493495337665 ], [ 773356.485500584123656, 4473570.120874585583806 ], [ 773386.288484174758196, 4473450.85607298091054 ], [ 773386.3043487573741, 4473450.79343335237354 ], [ 772794.388063800288364, 4473204.134124393574893 ], [ 771700.1145869132597, 4472745.087690484710038 ], [ 771270.050804961239919, 4472564.565698592923582 ], [ 771115.924483028124087, 4472501.180336175486445 ] ] ] ] } },
{ "type": "Feature", "properties": { "fid": 19.0, "ogc_fid": 19.0, "district": "Contesto di Santa Maria Cerrate", "_mean": 3.1498606197526162, "_stdev": 2.513104197866793, "_min": -6.9708843231201181, "_max": 11.394136428833008 }, "geometry": { "type": "MultiPolygon", "coordinates": [ [ [ [ 760348.664451651275158, 4482106.122034864500165 ], [ 760263.734660195070319, 4482207.508474646136165 ], [ 760250.737116524367593, 4482222.187358237802982 ], [ 760144.735596195328981, 4482343.748438253067434 ], [ 760142.487168378895149, 4482353.287772910669446 ], [ 760121.174542198539712, 4482378.041414015926421 ], [ 760111.977713481988758, 4482381.805859360843897 ], [ 760077.050616111606359, 4482421.630491281859577 ], [ 760038.323926173150539, 4482465.716903872787952 ], [ 759993.506022536428645, 4482516.83024416025728 ], [ 759940.984478191589005, 4482584.570273473858833 ], [ 759901.025476753246039, 4482637.135617434047163 ], [ 759841.9024082289543, 4482726.179402954876423 ], [ 759839.991775528062135, 4482737.609724720939994 ], [ 759821.492032288457267, 4482767.549112905748188 ], [ 759811.66552124149166, 4482774.815001281909645 ], [ 759679.076363862142898, 4482993.850354551337659 ], [ 759563.887103108456358, 4483184.320040287449956 ], [ 759563.031870915205218, 4483192.850776557810605 ], [ 759543.870499636861496, 4483224.267857287079096 ], [ 759533.706450784346089, 4483234.205973078496754 ], [ 759484.60136616975069, 4483314.349739331752062 ], [ 759461.595963194733486, 4483352.32460845541209 ], [ 759455.787235849886201, 4483367.376798501238227 ], [ 759418.82776754104998, 4483426.250588037073612 ], [ 759403.082543816533871, 4483444.039814782328904 ], [ 759348.973090773914009, 4483520.817632370628417 ], [ 759327.006698908866383, 4483549.647466068156064 ], [ 759316.949176645604894, 4483565.768906530924141 ], [ 759286.285447998903692, 4483604.131363059394062 ], [ 759277.307998654316179, 4483610.807132694870234 ], [ 759256.82781162566971, 4483639.371605997905135 ], [ 759170.474826078279875, 4483748.965039656497538 ], [ 759081.010855831671506, 4483861.526685429736972 ], [ 759004.523986329557374, 4483958.384866287000477 ], [ 758957.927531631081365, 4484016.685032425448298 ], [ 758917.156317487824708, 4484068.748271446675062 ], [ 758883.15773303527385, 4484113.229972019791603 ], [ 758853.697074813651852, 4484151.386495189741254 ], [ 758828.523501047748141, 4484186.096038835123181 ], [ 758798.863716746913269, 4484230.788597653619945 ], [ 758754.335242310073227, 4484301.74795532040298 ], [ 758724.354834316065535, 4484350.780885740183294 ], [ 758677.648543248418719, 4484438.637346215546131 ], [ 758674.519610227434896, 4484450.908702753484249 ], [ 758656.089860511128791, 4484485.677997370250523 ], [ 758647.049990277038887, 4484494.987798614427447 ], [ 758562.443960635690019, 4484653.190171298570931 ], [ 758420.812307573505677, 4484917.148121513426304 ], [ 758377.470526903984137, 4484998.118246011435986 ], [ 758376.762958462699316, 4485009.542925473302603 ], [ 758353.911861564964056, 4485051.386740828864276 ], [ 758344.485257205436938, 4485059.874103918671608 ], [ 758330.755137945292518, 4485085.399564053863287 ], [ 758294.243124012951739, 4485153.586421624757349 ], [ 758238.567235730704851, 4485256.78471942897886 ], [ 758126.466540621360764, 4485466.375926523469388 ], [ 758091.924603628576733, 4485531.101656410843134 ], [ 758074.51767632458359, 4485563.719288996420801 ], [ 758072.357089538127184, 4485574.031467037275434 ], [ 758053.071666020201519, 4485611.146682464517653 ], [ 758046.06741719529964, 4485617.03021939471364 ], [ 757988.409777243854478, 4485724.409769861958921 ], [ 757958.050953092169948, 4485780.944251577369869 ], [ 757929.266173030948266, 4485834.66642819903791 ], [ 757917.849195781745948, 4485862.5556161981076 ], [ 757889.649574553128332, 4485916.954514735378325 ], [ 757876.836596643086523, 4485932.226867685094476 ], [ 757797.661243938142434, 4486079.936913316138089 ], [ 757789.820921949693002, 4486106.480673824436963 ], [ 757754.951909548835829, 4486162.359888914972544 ], [ 757742.907261569635011, 4486181.470846828073263 ], [ 757737.960124385426752, 4486190.627076644450426 ], [ 757684.965216034208424, 4486290.655689323320985 ], [ 757663.039226490887813, 4486332.412409982644022 ], [ 757667.663099999539554, 4486336.601099999621511 ], [ 757727.018500000238419, 4486399.745100000873208 ], [ 757761.243700000457466, 4486432.44789999909699 ], [ 757774.783099999651313, 4486446.543099999427795 ], [ 757788.024699999950826, 4486459.854299999773502 ], [ 757811.109699999913573, 4486410.690700000151992 ], [ 757844.804700000211596, 4486342.381300000473857 ], [ 757863.914099999703467, 4486286.841700000688434 ], [ 757868.07050000037998, 4486270.9693 ], [ 757878.664300000295043, 4486236.000900000333786 ], [ 757878.937699999660254, 4486233.729499999433756 ], [ 757892.195299999788404, 4486210.508899999782443 ], [ 757913.265700000338256, 4486149.655099999159575 ], [ 757917.856300000101328, 4486134.338700000196695 ], [ 757920.872700000181794, 4486127.246099999174476 ], [ 757924.251500000245869, 4486117.635299999266863 ], [ 757940.545099999755621, 4486062.297499999403954 ], [ 757940.984699999913573, 4486059.311899999156594 ], [ 757941.5159, 4486055.8717 ], [ 757942.32050000037998, 4486052.484099999070168 ], [ 757944.133100000210106, 4486048.085899999365211 ], [ 757945.92989999987185, 4486043.6787 ], [ 757947.69550000037998, 4486039.261900000274181 ], [ 757949.476700000464916, 4486034.754300000146031 ], [ 757951.226700000464916, 4486030.2369 ], [ 757952.961099999956787, 4486025.710899999365211 ], [ 757954.672100000083447, 4486021.175899999216199 ], [ 757957.96889999974519, 4486013.24349999986589 ], [ 757961.312699999660254, 4486005.329900000244379 ], [ 757964.703300000168383, 4485997.434699999168515 ], [ 757968.289300000295043, 4485989.2027000002563 ], [ 757971.921900000423193, 4485980.991100000217557 ], [ 757975.601700000464916, 4485972.801100000739098 ], [ 757979.336099999956787, 4485964.632500000298023 ], [ 757983.10950000025332, 4485956.485500000417233 ], [ 757987.546900000423193, 4485947.148900000378489 ], [ 757991.953099999576807, 4485937.796900000423193 ], [ 757997.585900000296533, 4485925.713300000876188 ], [ 758003.15610000025481, 4485913.604499999433756 ], [ 758004.648299999535084, 4485908.941700000315905 ], [ 758006.218700000084937, 4485904.30210000090301 ], [ 758007.859299999661744, 4485899.690099999308586 ], [ 758009.578099999576807, 4485895.10329999960959 ], [ 758011.36710000038147, 4485890.5449 ], [ 758013.179700000211596, 4485886.132099999114871 ], [ 758015.0625, 4485881.747500000521541 ], [ 758017.007699999958277, 4485877.393100000917912 ], [ 758018.6875, 4485872.2215 ], [ 758020.40610000025481, 4485867.059699999168515 ], [ 758022.15610000025481, 4485861.909499999135733 ], [ 758023.9375, 4485856.770099999383092 ], [ 758025.749900000169873, 4485851.64130000025034 ], [ 758027.593700000084937, 4485846.525299999862909 ], [ 758029.468700000084937, 4485841.420099999755621 ], [ 758031.374900000169873, 4485836.326500000432134 ], [ 758033.398299999535084, 4485831.019099999219179 ], [ 758035.460900000296533, 4485825.724500000476837 ], [ 758037.5625, 4485820.444299999624491 ], [ 758039.6875, 4485815.17710000090301 ], [ 758041.85149999987334, 4485809.9233 ], [ 758044.05449999962002, 4485804.684299999848008 ], [ 758046.288900000043213, 4485799.459899999201298 ], [ 758048.55449999962002, 4485794.25029999949038 ], [ 758050.85149999987334, 4485789.055099999532104 ], [ 758053.187300000339746, 4485783.875700000673532 ], [ 758054.702899999916553, 4485780.739099999889731 ], [ 758058.476300000213087, 4485771.888900000602007 ], [ 758059.773299999535084, 4485768.111700000241399 ], [ 758061.546699999831617, 4485763.302300000563264 ], [ 758063.40610000025481, 4485758.527300000190735 ], [ 758065.40610000025481, 4485753.673900000751019 ], [ 758067.351300000213087, 4485749.219100000336766 ], [ 758069.499900000169873, 4485744.525900000706315 ], [ 758071.42949999962002, 4485740.509500000625849 ], [ 758074.968500000424683, 4485733.74210000038147 ], [ 758078.2341, 4485728.14670000039041 ], [ 758080.93709999974817, 4485723.359899999573827 ], [ 758082.749699999578297, 4485718.738099999725819 ], [ 758086.655899999663234, 4485709.705299999564886 ], [ 758091.483900000341237, 4485698.396099999547005 ], [ 758098.640300000086427, 4485681.394899999722838 ], [ 758106.694899999536574, 4485661.86849999986589 ], [ 758109.522900000214577, 4485654.89809999987483 ], [ 758113.835500000044703, 4485643.843900000676513 ], [ 758115.81209999974817, 4485638.594100000336766 ], [ 758118.194899999536574, 4485632.385299999266863 ], [ 758119.710500000044703, 4485628.537900000810623 ], [ 758122.53870000038296, 4485621.465900000184774 ], [ 758124.061900000087917, 4485617.7369 ], [ 758124.569899999536574, 4485616.49349999986589 ], [ 758126.726099999621511, 4485611.3081 ], [ 758129.038499999791384, 4485605.852299999445677 ], [ 758131.429100000299513, 4485600.314500000327826 ], [ 758133.5307, 4485595.540300000458956 ], [ 758135.8277000002563, 4485590.408700000494719 ], [ 758138.351099999621511, 4485584.852299999445677 ], [ 758140.061900000087917, 4485581.128900000825524 ], [ 758142.33530000038445, 4485576.2961 ], [ 758144.686900000087917, 4485571.357699999585748 ], [ 758146.61670000012964, 4485567.363500000908971 ], [ 758150.472500000149012, 4485556.538699999451637 ], [ 758150.60869999974966, 4485556.239299999549985 ], [ 758157.94469999987632, 4485540.133500000461936 ], [ 758161.747299999929965, 4485531.799900000914931 ], [ 758164.400700000114739, 4485525.977900000289083 ], [ 758167.014899999834597, 4485520.241900000721216 ], [ 758173.241499999538064, 4485506.570699999108911 ], [ 758178.342899999581277, 4485498.4901 ], [ 758178.975700000301003, 4485496.358300000429153 ], [ 758180.678899999707937, 4485491.886700000613928 ], [ 758182.522699999623001, 4485487.469900000840425 ], [ 758184.499099999666214, 4485483.113700000569224 ], [ 758186.553899999707937, 4485478.943099999800324 ], [ 758188.725700000301003, 4485474.83669999986887 ], [ 758191.030299999751151, 4485470.798900000751019 ], [ 758193.452100000344217, 4485466.832299999892712 ], [ 758196.11629999987781, 4485461.748500000685453 ], [ 758198.202100000344217, 4485455.174699999392033 ], [ 758209.991100000217557, 4485433.666899999603629 ], [ 758216.897300000302494, 4485421.165500000119209 ], [ 758218.725499999709427, 4485418.192099999636412 ], [ 758220.381699999794364, 4485414.847500000149012 ], [ 758221.311300000175834, 4485412.4989 ], [ 758222.147300000302494, 4485409.911100000143051 ], [ 758223.327100000344217, 4485405.012900000438094 ], [ 758224.70990000013262, 4485400.287499999627471 ], [ 758225.522300000302494, 4485397.856899999082088 ], [ 758228.452100000344217, 4485390.9529 ], [ 758230.475499999709427, 4485385.719699999317527 ], [ 758232.46750000026077, 4485381.509099999442697 ], [ 758234.608300000429153, 4485377.232899999246001 ], [ 758236.451899999752641, 4485373.717299999669194 ], [ 758238.30350000038743, 4485370.368899999186397 ], [ 758240.811300000175834, 4485365.811499999836087 ], [ 758242.897300000302494, 4485361.676100000739098 ], [ 758244.80350000038743, 4485357.559100000187755 ], [ 758246.334699999541044, 4485353.91469999961555 ], [ 758247.787899999879301, 4485350.11009999923408 ], [ 758249.647300000302494, 4485344.879899999126792 ], [ 758251.772300000302494, 4485339.151499999687076 ], [ 758253.59250000026077, 4485334.446699999272823 ], [ 758255.6705, 4485329.259500000625849 ], [ 758257.678299999795854, 4485324.447100000455976 ], [ 758259.764299999922514, 4485319.610500000417233 ], [ 758262.00650000013411, 4485314.580299999564886 ], [ 758299.896900000050664, 4485236.042099999263883 ], [ 758312.865500000305474, 4485208.613500000908971 ], [ 758319.0921, 4485197.677699999883771 ], [ 758330.068500000052154, 4485180.356300000101328 ], [ 758334.919900000095367, 4485171.345899999141693 ], [ 758337.833899999968708, 4485166.510299999266863 ], [ 758340.552699999883771, 4485161.739099999889731 ], [ 758343.310499999672174, 4485156.637700000777841 ], [ 758345.544900000095367, 4485152.286299999803305 ], [ 758347.607300000265241, 4485148.0483 ], [ 758349.802699999883771, 4485143.323899999260902 ], [ 758351.646300000138581, 4485139.151100000366569 ], [ 758353.669700000435114, 4485134.327099999412894 ], [ 758355.372899999842048, 4485130.007099999114871 ], [ 758359.005699999630451, 4485121.77309999987483 ], [ 758362.607300000265241, 4485113.754899999126792 ], [ 758365.865100000053644, 4485106.633099999278784 ], [ 758369.990100000053644, 4485097.734099999070168 ], [ 758373.958700000308454, 4485089.336100000888109 ], [ 758377.622700000181794, 4485081.682099999859929 ], [ 758381.568099999800324, 4485073.58390000090003 ], [ 758384.982099999673665, 4485066.682700000703335 ], [ 758389.005499999970198, 4485058.671499999240041 ], [ 758391.935100000351667, 4485052.888499999418855 ], [ 758394.661700000055134, 4485047.590900000184774 ], [ 758398.450699999928474, 4485040.324699999764562 ], [ 758401.060100000351667, 4485034.393300000578165 ], [ 758402.067900000140071, 4485032.6853 ], [ 758403.270899999886751, 4485031.090700000524521 ], [ 758405.911500000394881, 4485028.556700000539422 ], [ 758413.466099999845028, 4485021.307299999520183 ], [ 758416.005099999718368, 4485019.155099999159575 ], [ 758420.505099999718368, 4485013.4923 ], [ 758423.567499999888241, 4485009.699500000104308 ], [ 758426.512699999846518, 4485005.779899999499321 ], [ 758429.247100000269711, 4485001.901100000366569 ], [ 758432.129900000058115, 4484997.496099999174476 ], [ 758434.629900000058115, 4484993.395700000226498 ], [ 758439.825100000016391, 4484983.294700000435114 ], [ 758444.723500000312924, 4484973.6711 ], [ 758450.207899999804795, 4484962.762499999254942 ], [ 758456.692099999636412, 4484949.681099999696016 ], [ 758462.762500000186265, 4484937.254899999126792 ], [ 758468.434299999848008, 4484925.4693 ], [ 758474.027900000102818, 4484913.855499999597669 ], [ 758480.488900000229478, 4484900.248700000345707 ], [ 758484.316899999976158, 4484892.0713 ], [ 758486.293499999679625, 4484887.786299999803305 ], [ 758488.496700000017881, 4484883.489700000733137 ], [ 758490.199699999764562, 4484880.4507 ], [ 758491.988699999637902, 4484877.4539 ], [ 758494.769899999722838, 4484873.023499999195337 ], [ 758496.949699999764562, 4484869.625099999830127 ], [ 758508.353099999949336, 4484853.090299999341369 ], [ 758514.997899999842048, 4484843.403899999335408 ], [ 758521.168899999931455, 4484836.465299999341369 ], [ 758531.047500000335276, 4484829.859899999573827 ], [ 758541.917299999855459, 4484823.468499999493361 ], [ 758548.882100000046194, 4484833.841499999165535 ], [ 758558.348699999973178, 4484845.270500000566244 ], [ 758572.879900000058115, 4484861.247700000181794 ], [ 758584.598500000312924, 4484874.131699999794364 ], [ 758588.994099999777973, 4484878.959899999201298 ], [ 758592.188900000415742, 4484882.272099999710917 ], [ 758597.797899999655783, 4484888.026100000366569 ], [ 758603.938299999572337, 4484894.239099999889731 ], [ 758627.851300000213087, 4484920.840900000184774 ], [ 758630.819899999536574, 4484924.838899999856949 ], [ 758634.093299999833107, 4484928.9737 ], [ 758637.327499999664724, 4484932.792099999263883 ], [ 758640.921099999919534, 4484936.763900000602007 ], [ 758644.460099999792874, 4484940.436699999496341 ], [ 758648.311499999836087, 4484944.158500000834465 ], [ 758652.50650000013411, 4484947.951500000432134 ], [ 758656.63150000013411, 4484951.430099999532104 ], [ 758660.865699999965727, 4484954.750499999150634 ], [ 758664.974899999797344, 4484957.91950000077486 ], [ 758668.896499999798834, 4484960.8893 ], [ 758672.990100000053644, 4484963.937100000679493 ], [ 758677.107300000265241, 4484966.949100000783801 ], [ 758681.325699999928474, 4484969.986099999397993 ], [ 758685.411700000055134, 4484972.874900000169873 ], [ 758689.544300000183284, 4484975.752100000157952 ], [ 758693.723699999973178, 4484979.105499999597669 ], [ 758697.918899999931455, 4484982.2873 ], [ 758702.278099999763072, 4484985.395899999886751 ], [ 758706.832700000144541, 4484988.463300000876188 ], [ 758711.402700000442564, 4484991.3531 ], [ 758716.074500000104308, 4484994.132500000298023 ], [ 758718.511900000274181, 4484995.507500000298023 ], [ 758721.027499999850988, 4484996.88150000013411 ], [ 758726.324099999852479, 4484999.701099999248981 ], [ 758731.253700000233948, 4485002.20890000090003 ], [ 758736.526899999938905, 4485004.779500000178814 ], [ 758741.495500000193715, 4485007.08809999935329 ], [ 758746.284300000406802, 4485009.221100000664592 ], [ 758747.831100000068545, 4485010.220100000500679 ], [ 758749.198300000280142, 4485011.454500000923872 ], [ 758781.156899999827147, 4485028.678300000727177 ], [ 758789.466699999757111, 4485033.213700000196695 ], [ 758801.408099999651313, 4485039.774900000542402 ], [ 758819.021499999798834, 4485049.272299999371171 ], [ 758828.947100000455976, 4485054.980499999597669 ], [ 758851.300300000235438, 4485070.0461 ], [ 758855.556300000287592, 4485072.80210000090301 ], [ 758897.72649999987334, 4485104.279699999839067 ], [ 758968.676900000311434, 4485146.429700000211596 ], [ 758972.425900000147521, 4485149.398700000718236 ], [ 758985.613499999977648, 4485160.425899999216199 ], [ 758999.376500000245869, 4485169.2423 ], [ 759014.904099999926984, 4485180.174699999392033 ], [ 759035.328099999576807, 4485208.847300000488758 ], [ 759045.851700000464916, 4485217.968100000172853 ], [ 759094.325899999588728, 4485252.7665 ], [ 759095.466500000096858, 4485248.026499999687076 ], [ 759096.958700000308454, 4485243.384099999442697 ], [ 759098.489900000393391, 4485239.557900000363588 ], [ 759100.247700000181794, 4485235.836500000208616 ], [ 759102.239900000393391, 4485232.232100000604987 ], [ 759109.583700000308454, 4485219.492499999701977 ], [ 759127.067900000140071, 4485185.5011 ], [ 759142.786500000394881, 4485156.864700000733137 ], [ 759151.473899999633431, 4485140.493300000205636 ], [ 759159.776300000026822, 4485124.737099999561906 ], [ 759019.11809999961406, 4485031.5077 ], [ 759056.295099999755621, 4484972.5373 ], [ 759006.809299999848008, 4484937.115299999713898 ], [ 759041.996500000357628, 4484877.572699999436736 ], [ 759185.560100000351667, 4484961.963700000196695 ], [ 759190.721099999733269, 4484912.7357 ], [ 759117.467299999669194, 4484858.467700000852346 ], [ 759169.705500000156462, 4484768.875099999830127 ], [ 759043.775899999774992, 4484675.3465 ], [ 759042.32050000037998, 4484670.984099999070168 ], [ 759011.36849999986589, 4484578.805099999532104 ], [ 758970.824900000356138, 4484462.292500000447035 ], [ 758972.255300000309944, 4484461.788100000470877 ], [ 758973.718299999833107, 4484463.105100000277162 ], [ 758977.996100000105798, 4484465.809299999848008 ], [ 758992.423700000159442, 4484473.692700000479817 ], [ 759007.300099999643862, 4484481.3059 ], [ 759027.884300000034273, 4484492.405500000342727 ], [ 759049.105499999597669, 4484503.439099999144673 ], [ 759065.722099999897182, 4484511.684499999508262 ], [ 759083.713299999944866, 4484521.4879 ], [ 759108.002500000409782, 4484534.739499999210238 ], [ 759132.773699999786913, 4484547.994100000709295 ], [ 759160.382699999958277, 4484562.830700000748038 ], [ 759184.185700000263751, 4484575.950300000607967 ], [ 759214.554700000211596, 4484592.417099999263883 ], [ 759243.051699999719858, 4484607.80489999987185 ], [ 759264.946899999864399, 4484619.517300000414252 ], [ 759289.393899999558926, 4484632.937100000679493 ], [ 759315.6261, 4484647.0307 ], [ 759340.47510000038892, 4484660.466299999505281 ], [ 759361.078300000168383, 4484671.7259 ], [ 759377.051900000311434, 4484680.392300000414252 ], [ 759389.174300000071526, 4484687.098500000312924 ], [ 759390.8443, 4484688.16950000077486 ], [ 759399.523699999786913, 4484690.1699 ], [ 759501.155100000090897, 4484749.643500000238419 ], [ 759517.873300000093877, 4484758.317700000479817 ], [ 759530.246100000105798, 4484738.357100000604987 ], [ 759531.347500000149012, 4484737.25650000013411 ], [ 759531.989900000393391, 4484737.16469999961555 ], [ 759552.089700000360608, 4484746.336300000548363 ], [ 759568.367700000293553, 4484753.332299999892712 ], [ 759582.226300000213087, 4484756.542300000786781 ], [ 759588.689299999736249, 4484748.798900000751019 ], [ 759637.244099999777973, 4484778.583499999716878 ], [ 759639.99309999961406, 4484777.798499999567866 ], [ 759677.25789999961853, 4484729.97550000064075 ], [ 759678.654500000178814, 4484728.269500000402331 ], [ 759680.051099999807775, 4484724.547700000926852 ], [ 759676.792100000195205, 4484707.334499999880791 ], [ 759676.156899999827147, 4484704.035900000482798 ], [ 759670.880699999630451, 4484696.127100000157952 ], [ 759656.134300000034273, 4484680.9057 ], [ 759643.564500000327826, 4484672.066299999132752 ], [ 759636.644899999722838, 4484663.9167 ], [ 759636.159699999727309, 4484662.947100000455976 ], [ 759636.220300000160933, 4484661.856300000101328 ], [ 759640.465300000272691, 4484654.46309999935329 ], [ 759640.82909999974072, 4484653.311499999836087 ], [ 759640.6091, 4484652.4869 ], [ 759622.536700000055134, 4484634.175899999216199 ], [ 759616.763500000350177, 4484629.4101 ], [ 759596.650299999862909, 4484617.521299999207258 ], [ 759606.188500000163913, 4484602.220300000160933 ], [ 759608.447700000368059, 4484598.206900000572205 ], [ 759600.164499999955297, 4484591.183499999344349 ], [ 759609.811300000175834, 4484578.801699999719858 ], [ 759608.789900000207126, 4484574.719100000336766 ], [ 759551.18790000025183, 4484457.454299999400973 ], [ 759520.020700000226498, 4484390.129499999806285 ], [ 759518.949900000356138, 4484381.331700000911951 ], [ 759517.444899999536574, 4484373.321900000795722 ], [ 759514.839100000448525, 4484365.1699 ], [ 759512.017300000414252, 4484357.412100000306964 ], [ 759506.476700000464916, 4484344.41609999909997 ], [ 759501.728900000452995, 4484331.752299999818206 ], [ 759500.421900000423193, 4484326.468499999493361 ], [ 759490.44550000037998, 4484306.962500000372529 ], [ 759484.301900000311434, 4484291.3267 ], [ 759475.60329999960959, 4484271.465900000184774 ], [ 759465.002899999730289, 4484246.096100000664592 ], [ 759454.939500000327826, 4484222.4583 ], [ 759447.102900000289083, 4484203.738500000908971 ], [ 759437.127500000409782, 4484180.405899999663234 ], [ 759430.864699999801815, 4484165.268899999558926 ], [ 759424.219100000336766, 4484149.613099999725819 ], [ 759418.222500000149012, 4484135.392300000414252 ], [ 759409.555100000463426, 4484114.72749999910593 ], [ 759401.617499999701977, 4484096.002699999138713 ], [ 759392.70990000013262, 4484073.7179000005126 ], [ 759386.533300000242889, 4484059.003100000321865 ], [ 759389.842299999669194, 4484058.663100000470877 ], [ 759394.880099999718368, 4484057.745500000193715 ], [ 759406.388700000010431, 4484054.428899999707937 ], [ 759417.083499999716878, 4484051.700500000268221 ], [ 759436.7659, 4484046.214299999177456 ], [ 759453.630499999970198, 4484040.981100000441074 ], [ 759471.597099999897182, 4484035.968100000172853 ], [ 759499.048299999907613, 4484028.506300000473857 ], [ 759522.977699999697506, 4484021.386299999430776 ], [ 759549.009899999946356, 4484014.603499999269843 ], [ 759562.440499999560416, 4484010.516100000590086 ], [ 759570.311300000175834, 4484008.442500000819564 ], [ 759577.361100000329316, 4484007.358899999409914 ], [ 759612.357499999925494, 4483847.966099999845028 ], [ 759632.287299999967217, 4483851.535900000482798 ], [ 759648.535699999891222, 4483838.763299999758601 ], [ 759663.313500000163913, 4483825.621300000697374 ], [ 759716.907300000078976, 4483781.35329999960959 ], [ 759724.757100000046194, 4483784.002499999478459 ], [ 759736.063699999824166, 4483788.552699999883771 ], [ 759749.031299999915063, 4483793.420099999755621 ], [ 759764.5477, 4483799.158700000494719 ], [ 759780.395299999974668, 4483805.890100000426173 ], [ 759800.431499999947846, 4483812.589700000360608 ], [ 759817.642900000326335, 4483818.253100000321865 ], [ 759835.946299999952316, 4483824.74269999936223 ], [ 759849.813900000415742, 4483829.6261 ], [ 759865.092299999669194, 4483834.436699999496341 ], [ 759878.974100000225008, 4483838.976299999281764 ], [ 759974.247499999590218, 4483703.314899999648333 ], [ 759999.696100000292063, 4483669.362099999561906 ], [ 760005.384100000374019, 4483661.219499999657273 ], [ 760015.821100000292063, 4483648.01549999974668 ], [ 760020.204300000332296, 4483641.1261 ], [ 760025.384899999946356, 4483632.420700000599027 ], [ 760075.436900000087917, 4483566.5581 ], [ 760157.833899999968708, 4483470.0811 ], [ 760228.322300000116229, 4483403.3103 ], [ 760247.805700000375509, 4483388.949100000783801 ], [ 760254.684100000187755, 4483384.046900000423193 ], [ 760257.0455, 4483389.224500000476837 ], [ 760263.678299999795854, 4483395.95549999922514 ], [ 760288.3443, 4483420.546900000423193 ], [ 760315.143099999986589, 4483446.795099999755621 ], [ 760325.255699999630451, 4483456.729299999773502 ], [ 760341.66509999986738, 4483472.849500000476837 ], [ 760344.455900000408292, 4483473.661699999123812 ], [ 760347.014899999834597, 4483474.915699999779463 ], [ 760351.545699999667704, 4483478.267699999734759 ], [ 760355.710500000044703, 4483481.338899999856949 ], [ 760373.895899999886751, 4483497.651100000366569 ], [ 760398.071899999864399, 4483518.490499999374151 ], [ 760423.196899999864399, 4483541.073899999260902 ], [ 760450.685700000263751, 4483565.246300000697374 ], [ 760468.297100000083447, 4483580.6327 ], [ 760484.641499999910593, 4483594.767899999395013 ], [ 760500.516699999570847, 4483607.882099999114871 ], [ 760519.311099999584258, 4483625.44649999961257 ], [ 760538.841300000436604, 4483643.0777000002563 ], [ 760559.613499999977648, 4483660.280099999159575 ], [ 760581.760499999858439, 4483680.3125 ], [ 760604.402700000442564, 4483700.025900000706315 ], [ 760630.825699999928474, 4483722.850299999117851 ], [ 760656.636500000022352, 4483746.211500000208616 ], [ 760685.701500000432134, 4483771.443099999800324 ], [ 760709.026499999687076, 4483790.643500000238419 ], [ 760731.924700000323355, 4483810.535900000482798 ], [ 760749.311900000087917, 4483826.619100000709295 ], [ 760761.422500000335276, 4483837.895300000905991 ], [ 760768.818099999800324, 4483845.592299999669194 ], [ 760759.975300000049174, 4483853.965900000184774 ], [ 760753.239299999549985, 4483862.484300000593066 ], [ 760742.76549999974668, 4483876.546700000762939 ], [ 760734.227699999697506, 4483886.259099999442697 ], [ 760730.156700000166893, 4483890.690700000151992 ], [ 760724.348899999633431, 4483895.874299999326468 ], [ 760723.658900000154972, 4483898.897299999371171 ], [ 760721.600899999961257, 4483901.765100000426173 ], [ 760715.702100000344217, 4483907.784700000658631 ], [ 760708.338100000284612, 4483916.963300000876188 ], [ 760695.532300000078976, 4483932.902300000190735 ], [ 760683.585500000044703, 4483947.617499999701977 ], [ 760667.127899999730289, 4483967.72829999960959 ], [ 760653.012099999934435, 4483984.522299999371171 ], [ 760638.941300000064075, 4484001.880300000309944 ], [ 760625.97649999987334, 4484018.646500000730157 ], [ 760609.794700000435114, 4484038.600299999117851 ], [ 760596.150100000202656, 4484055.057299999520183 ], [ 760588.792100000195205, 4484064.805700000375509 ], [ 760583.220300000160933, 4484073.079299999400973 ], [ 760577.181300000287592, 4484083.332900000736117 ], [ 760569.837299999780953, 4484097.368100000545382 ], [ 760563.907300000078976, 4484108.622700000181794 ], [ 760558.926500000059605, 4484118.755100000649691 ], [ 760553.700500000268221, 4484129.8267 ], [ 760550.0625, 4484136.455299999564886 ], [ 760545.331500000320375, 4484143.370100000873208 ], [ 760532.281700000166893, 4484160.700099999085069 ], [ 760518.525899999774992, 4484179.623099999502301 ], [ 760504.500099999830127, 4484198.887900000438094 ], [ 760492.318300000391901, 4484215.607100000604987 ], [ 760488.881299999542534, 4484220.177899999544024 ], [ 760486.482499999925494, 4484223.369699999690056 ], [ 760478.437699999660254, 4484234.072100000455976 ], [ 760466.057699999772012, 4484251.269099999219179 ], [ 760449.99309999961406, 4484272.968900000676513 ], [ 760443.739099999889731, 4484281.058499999344349 ], [ 760441.941100000403821, 4484283.38429999910295 ], [ 760431.738300000317395, 4484296.581499999389052 ], [ 760409.940700000151992, 4484324.582100000232458 ], [ 760388.533099999651313, 4484351.431500000879169 ], [ 760367.747299999929965, 4484378.8629 ], [ 760352.825500000268221, 4484397.307900000363588 ], [ 760353.438500000163913, 4484409.418700000271201 ], [ 760356.347299999557436, 4484415.1085 ], [ 760366.96169999986887, 4484433.933499999344349 ], [ 760376.66330000013113, 4484453.360500000417233 ], [ 760385.960699999704957, 4484471.7303 ], [ 760393.607300000265241, 4484487.034099999815226 ], [ 760402.230899999849498, 4484503.557099999859929 ], [ 760408.082700000144541, 4484515.913899999111891 ], [ 760415.592299999669194, 4484532.825899999588728 ], [ 760423.408900000154972, 4484549.964700000360608 ], [ 760431.317300000227988, 4484567.932499999180436 ], [ 760438.577899999916553, 4484583.47550000064075 ], [ 760451.602300000376999, 4484611.610300000756979 ], [ 760460.37569999974221, 4484631.509099999442697 ], [ 760464.604500000365078, 4484640.5439 ], [ 760469.462299999780953, 4484652.581900000572205 ], [ 760476.451899999752641, 4484670.081700000911951 ], [ 760483.040500000119209, 4484687.364499999210238 ], [ 760489.72510000038892, 4484705.278300000354648 ], [ 760496.602699999697506, 4484723.812100000679493 ], [ 760505.362099999561906, 4484747.463700000196695 ], [ 760509.67090000025928, 4484761.160700000822544 ], [ 760512.364699999801815, 4484770.925499999895692 ], [ 760514.405500000342727, 4484779.018300000578165 ], [ 760517.557300000451505, 4484791.448100000619888 ], [ 760520.472099999897182, 4484805.3619 ], [ 760524.580699999816716, 4484826.533500000834465 ], [ 760527.783499999903142, 4484839.2763 ], [ 760534.093100000172853, 4484861.265100000426173 ], [ 760539.89670000039041, 4484882.807700000703335 ], [ 760545.178299999795854, 4484901.376299999654293 ], [ 760551.614900000393391, 4484921.939099999144673 ], [ 760557.543499999679625, 4484942.156899999827147 ], [ 760564.426099999807775, 4484965.023499999195337 ], [ 760572.020499999634922, 4484991.912100000306964 ], [ 760578.653099999763072, 4485016.775699999183416 ], [ 760583.693699999712408, 4485036.17850000038743 ], [ 760590.879099999554455, 4485063.470100000500679 ], [ 760598.274500000290573, 4485095.438500000163913 ], [ 760605.432099999859929, 4485124.042099999263883 ], [ 760605.652900000102818, 4485139.5307 ], [ 760606.53969999961555, 4485141.665699999779463 ], [ 760607.566700000315905, 4485150.382500000298023 ], [ 760607.933500000275671, 4485157.149299999698997 ], [ 760609.031499999575317, 4485163.663100000470877 ], [ 760609.899500000290573, 4485167.4831000007689 ], [ 760611.989299999549985, 4485172.551100000739098 ], [ 760615.933100000023842, 4485180.236099999397993 ], [ 760621.880900000222027, 4485189.371899999678135 ], [ 760631.077499999664724, 4485201.151100000366569 ], [ 760635.686300000175834, 4485206.783099999651313 ], [ 760637.718100000172853, 4485209.628100000321865 ], [ 760656.194500000216067, 4485237.585100000724196 ], [ 760672.739299999549985, 4485272.729900000616908 ], [ 760674.695299999788404, 4485279.2577 ], [ 760676.844100000336766, 4485287.819700000807643 ], [ 760678.397099999710917, 4485292.363500000908971 ], [ 760681.666699999943376, 4485301.180500000715256 ], [ 760686.30449999962002, 4485311.820299999788404 ], [ 760691.106300000101328, 4485323.118300000205636 ], [ 760694.676099999807775, 4485332.0373 ], [ 760698.431900000199676, 4485339.324100000783801 ], [ 760705.430499999783933, 4485349.9551 ], [ 760713.074300000444055, 4485361.238099999725819 ], [ 760723.743700000457466, 4485376.7621 ], [ 760733.320299999788404, 4485391.736099999397993 ], [ 760739.140100000426173, 4485400.564099999144673 ], [ 760742.941899999976158, 4485407.004100000485778 ], [ 760744.890700000338256, 4485410.545099999755621 ], [ 760751.49129999987781, 4485422.904100000858307 ], [ 760756.881099999882281, 4485433.839099999517202 ], [ 760761.401899999938905, 4485443.181900000199676 ], [ 760766.223699999973178, 4485452.733899999409914 ], [ 760770.470300000160933, 4485461.201899999752641 ], [ 760776.513100000098348, 4485471.508899999782443 ], [ 760780.48589999973774, 4485478.260900000110269 ], [ 760787.047500000335276, 4485487.871899999678135 ], [ 760798.730100000277162, 4485504.768899999558926 ], [ 760809.024500000290573, 4485519.628900000825524 ], [ 760815.803299999795854, 4485529.365900000557303 ], [ 760821.769100000150502, 4485536.216900000348687 ], [ 760837.948300000280142, 4485551.3903 ], [ 760857.940499999560416, 4485571.197499999776483 ], [ 760877.58669999986887, 4485590.978700000792742 ], [ 760879.807699999772012, 4485593.191700000315905 ], [ 760898.38289999961853, 4485611.48509999923408 ], [ 760912.023299999535084, 4485624.057099999859929 ], [ 760918.861100000329316, 4485631.07630000077188 ], [ 760926.169700000435114, 4485638.578299999237061 ], [ 760932.370500000193715, 4485646.464500000700355 ], [ 760942.096900000236928, 4485658.799499999731779 ], [ 760952.147900000214577, 4485671.301100000739098 ], [ 760925.394299999810755, 4485695.560499999672174 ], [ 760906.905500000342727, 4485703.126299999654293 ], [ 760886.725499999709427, 4485686.216900000348687 ], [ 760870.251899999566376, 4485713.153100000694394 ], [ 760868.501899999566376, 4485716.017300000414252 ], [ 760841.291299999691546, 4485760.500499999150634 ], [ 760791.143299999646842, 4485861.238099999725819 ], [ 760721.128700000233948, 4485949.036699999123812 ], [ 760736.673700000159442, 4486076.883500000461936 ], [ 760752.758100000210106, 4486089.186899999156594 ], [ 760761.946299999952316, 4486096.215099999681115 ], [ 760869.692099999636412, 4486180.732899999246001 ], [ 760874.098100000061095, 4486185.499500000849366 ], [ 760877.621500000357628, 4486186.57289999909699 ], [ 760881.355700000189245, 4486188.367900000885129 ], [ 760888.105299999937415, 4486192.802699999883771 ], [ 760907.831299999728799, 4486207.232699999585748 ], [ 760946.306300000287592, 4486237.340700000524521 ], [ 760949.688900000415742, 4486239.991100000217557 ], [ 761002.530500000342727, 4486281.843699999153614 ], [ 761061.207899999804795, 4486327.733300000429153 ], [ 761107.073300000280142, 4486362.773299999535084 ], [ 761157.610500000417233, 4486401.042700000107288 ], [ 761253.598899999633431, 4486475.920499999076128 ], [ 761262.260900000110269, 4486482.352299999445677 ], [ 761276.865699999965727, 4486494.002299999818206 ], [ 761314.896900000050664, 4486522.859300000593066 ], [ 761338.688699999824166, 4486540.902699999511242 ], [ 761340.216900000348687, 4486542.548499999567866 ], [ 761340.713100000284612, 4486544.377699999138713 ], [ 761340.701100000180304, 4486545.917899999767542 ], [ 761340.612700000405312, 4486546.956499999389052 ], [ 761340.166699999943376, 4486548.079299999400973 ], [ 761338.529299999587238, 4486550.239299999549985 ], [ 761312.632500000298023, 4486582.418099999427795 ], [ 761281.36629999987781, 4486623.845499999821186 ], [ 761249.001899999566376, 4486667.08390000090003 ], [ 761230.607699999585748, 4486694.413899999111891 ], [ 761216.245099999941885, 4486713.426699999719858 ], [ 761211.725300000049174, 4486719.4101 ], [ 761206.549499999731779, 4486726.261499999091029 ], [ 761185.138700000010431, 4486756.710699999704957 ], [ 761177.981700000353158, 4486765.933499999344349 ], [ 761174.325899999588728, 4486769.815300000831485 ], [ 761146.410299999639392, 4486794.320699999108911 ], [ 761111.53969999961555, 4486824.415699999779463 ], [ 761071.122499999590218, 4486858.6031 ], [ 761065.31290000025183, 4486863.279999999329448 ], [ 761055.288099999539554, 4486870.981100000441074 ], [ 761028.194899999536574, 4486892.705900000408292 ], [ 761004.424899999983609, 4486911.0241 ], [ 761008.612700000405312, 4486923.0537 ], [ 761065.973100000061095, 4487062.098099999129772 ], [ 761119.258100000210106, 4487169.155099999159575 ], [ 761123.288099999539554, 4487183.692099999636412 ], [ 761152.188099999912083, 4487287.948100000619888 ], [ 761164.975499999709427, 4487306.341499999165535 ], [ 761216.111899999901652, 4487359.443299999460578 ], [ 761249.050699999555945, 4487502.192700000479817 ], [ 761334.587899999693036, 4487699.674100000411272 ], [ 761341.692300000227988, 4487814.747099999338388 ], [ 761342.993700000457466, 4487819.163899999111891 ], [ 761372.630699999630451, 4487880.290500000119209 ], [ 761373.291100000031292, 4487881.433299999684095 ], [ 761375.884700000286102, 4487885.864099999889731 ], [ 761387.837100000120699, 4487912.677300000563264 ], [ 761403.906299999915063, 4487949.493899999186397 ], [ 761419.788099999539554, 4487984.314099999144673 ], [ 761437.279299999587238, 4488018.150299999862909 ], [ 761457.317099999636412, 4488056.79109999909997 ], [ 761481.323499999940395, 4488098.454500000923872 ], [ 761508.220300000160933, 4488152.902899999171495 ], [ 761516.274500000290573, 4488169.317099999636412 ], [ 761529.648699999786913, 4488192.950899999588728 ], [ 761547.53830000013113, 4488225.99210000038147 ], [ 761569.529099999926984, 4488270.431700000539422 ], [ 761579.145700000226498, 4488290.248299999162555 ], [ 761592.496500000357628, 4488317.470899999141693 ], [ 761603.886500000022352, 4488340.890900000929832 ], [ 761615.479500000365078, 4488362.915500000119209 ], [ 761627.283499999903142, 4488383.147900000214577 ], [ 761629.080299999564886, 4488385.644099999219179 ], [ 761632.166100000031292, 4488389.921499999240041 ], [ 761635.376899999566376, 4488394.377699999138713 ], [ 761647.618300000205636, 4488410.424699999392033 ], [ 761660.258500000461936, 4488425.677899999544024 ], [ 761677.062300000339746, 4488444.9517 ], [ 761686.2807, 4488457.352299999445677 ], [ 761688.225899999961257, 4488459.8991 ], [ 761705.678100000135601, 4488483.260700000450015 ], [ 761724.841300000436604, 4488506.341299999505281 ], [ 761748.566700000315905, 4488533.246099999174476 ], [ 761765.809949105139822, 4488551.536300390027463 ], [ 761861.44047193415463, 4488454.732407279312611 ], [ 761862.635112621006556, 4488438.061078732833266 ], [ 762003.259977630805224, 4488305.266823648475111 ], [ 762037.890680482378229, 4488203.803630783222616 ], [ 762067.99415642535314, 4488100.088010294362903 ], [ 762006.614285532617941, 4488010.933163069188595 ], [ 762009.266241912730038, 4487992.664492702111602 ], [ 762056.633361133281142, 4487917.452399987727404 ], [ 762065.366012058919296, 4487922.439554800279438 ], [ 762111.180077146622352, 4487958.607603560201824 ], [ 762161.714155702618882, 4488007.766313922591507 ], [ 762176.292091555893421, 4488023.307005668058991 ], [ 762193.299675747286528, 4488044.189805774949491 ], [ 762204.476126486901194, 4488056.330971513874829 ], [ 762246.378377806860954, 4488084.004573006182909 ], [ 762408.502663483261131, 4487727.116432106122375 ], [ 762679.615771200507879, 4487849.940919301472604 ], [ 762699.570529919001274, 4487799.317045345902443 ], [ 762740.406417514197528, 4487700.974558599293232 ], [ 762779.746175087639131, 4487606.23510720115155 ], [ 762775.66268283536192, 4487591.537440501153469 ], [ 762879.439924484817311, 4487372.165645243600011 ], [ 762663.948096268461086, 4487134.178670688532293 ], [ 762864.696586897596717, 4486644.212671409361064 ], [ 762949.072369581786916, 4486697.749860025942326 ], [ 763028.348315540701151, 4486748.314998061396182 ], [ 763047.839289394207299, 4486763.745192085392773 ], [ 763063.351721422979608, 4486780.255235257558525 ], [ 763074.832055467297323, 4486802.983830942772329 ], [ 763166.008347744587809, 4486857.544497731141746 ], [ 763311.218532653758302, 4486842.620815093629062 ], [ 763311.199201048235409, 4486842.607535294257104 ], [ 763331.168912546476349, 4486814.65548450127244 ], [ 763363.818711280357093, 4486772.618335756473243 ], [ 763380.83584569930099, 4486750.864867377094924 ], [ 763393.847727787680924, 4486728.711138774640858 ], [ 763412.967005795799196, 4486686.08602999150753 ], [ 763424.732780040707439, 4486649.046267670579255 ], [ 763436.773082288447767, 4486597.259922951459885 ], [ 763445.967701583402231, 4486564.657324948348105 ], [ 763458.205398323945701, 4486532.916817173361778 ], [ 763470.156886618817225, 4486512.065751377493143 ], [ 763470.156939457170665, 4486492.992303532548249 ], [ 763474.381855355110019, 4486487.077372720465064 ], [ 763503.863074806518853, 4486487.077454441227019 ], [ 763629.589520147652365, 4486312.197534507140517 ], [ 763583.487416702788323, 4486193.120125125162303 ], [ 763572.5624521500431, 4486180.602506867609918 ], [ 763528.324487671721727, 4486149.116677855141461 ], [ 763496.969648154336028, 4486125.497418612241745 ], [ 763501.181557403644547, 4486105.152210805565119 ], [ 763505.627449427265674, 4486088.080927118659019 ], [ 763519.212601802893914, 4486062.287253457121551 ], [ 763528.572315077763051, 4486047.788374898023903 ], [ 763538.634036116534844, 4486027.910827229730785 ], [ 763553.375584847060964, 4485998.679268880747259 ], [ 763571.461914018611424, 4485979.093883136287332 ], [ 763634.233565886504948, 4485918.129629231989384 ], [ 763583.434319518972188, 4485865.992078965529799 ], [ 763594.934069755952805, 4485855.920323682948947 ], [ 763571.852415343048051, 4485833.96843175496906 ], [ 763567.94347875774838, 4485806.249602930620313 ], [ 763541.404136111959815, 4485781.801037111319602 ], [ 763466.074533466133289, 4485780.32709345035255 ], [ 763470.815273318905383, 4485712.258268865756691 ], [ 763505.908586961217225, 4485627.575174906291068 ], [ 763520.264066502917558, 4485597.345809150487185 ], [ 763510.6008103962522, 4485571.408690902404487 ], [ 763455.993665407877415, 4485527.615133727900684 ], [ 763543.824029454262927, 4485418.596371188759804 ], [ 763613.467430892866105, 4485483.243013880215585 ], [ 763643.813785307575017, 4485444.515045968815684 ], [ 763669.561114088632166, 4485475.125745739787817 ], [ 763598.725072474451736, 4485644.685250856913626 ], [ 763605.517893343116157, 4485652.126535788178444 ], [ 763728.625987980864011, 4485701.128072881139815 ], [ 763694.488598375814036, 4485753.480345917865634 ], [ 763705.253935048356652, 4485784.612602464854717 ], [ 763704.988267960958183, 4485801.788060327991843 ], [ 763685.971430979436263, 4485826.434307534247637 ], [ 763676.255063515156507, 4485878.223464582115412 ], [ 763671.485234039486386, 4485882.751707073301077 ], [ 764047.285491321585141, 4486319.864507877267897 ], [ 764276.887731271795928, 4486110.230526942759752 ], [ 764377.16222774470225, 4486298.096365337260067 ], [ 764599.227359955897555, 4486142.603687709197402 ], [ 764602.387235933565535, 4486148.204079984687269 ], [ 764970.643805081606843, 4485942.956882492639124 ], [ 764821.378300352836959, 4485500.691346337087452 ], [ 764731.880767350783572, 4485216.520659241825342 ], [ 764616.442471679067239, 4484875.70643424987793 ], [ 764557.260323185822926, 4484736.035592780448496 ], [ 764523.944918292807415, 4484619.238343658857048 ], [ 764458.700517396908253, 4484450.307744872756302 ], [ 764431.814556759316474, 4484358.891420066356659 ], [ 764399.657676453702152, 4484264.206414056010544 ], [ 764377.48401907691732, 4484187.75776846986264 ], [ 764351.543281266232952, 4484122.137836804613471 ], [ 764338.80146769748535, 4484073.662149885669351 ], [ 764314.716178512433544, 4484002.639981434680521 ], [ 764299.908036008360796, 4483940.160646078176796 ], [ 764539.911466117831878, 4483895.623085873201489 ], [ 764850.800283618271351, 4483851.214625581167638 ], [ 765395.193483963492326, 4483554.574968574568629 ], [ 765380.34981908055488, 4483531.218226525001228 ], [ 765380.349254197557457, 4483531.217478096485138 ], [ 765380.349499999545515, 4483531.218100000172853 ], [ 765372.588100000284612, 4483533.299900000914931 ], [ 765368.200299999676645, 4483530.638699999079108 ], [ 765365.334699999541044, 4483526.526699999347329 ], [ 765340.417299999855459, 4483502.989299999549985 ], [ 765330.904500000178814, 4483498.010500000789762 ], [ 765255.247700000181794, 4483507.515900000929832 ], [ 765118.733300000429153, 4483521.094499999657273 ], [ 765020.879300000146031, 4483532.410299999639392 ], [ 764976.932099999859929, 4483536.1689 ], [ 764976.214499999769032, 4483534.7369 ], [ 764973.347900000400841, 4483534.020099999383092 ], [ 764967.614500000141561, 4483531.156099999323487 ], [ 764959.730700000189245, 4483531.872099999338388 ], [ 764955.225899999961257, 4483517.618300000205636 ], [ 764916.8273, 4483404.582299999892712 ], [ 764890.025899999774992, 4483336.819499999284744 ], [ 764885.051500000059605, 4483333.6570999994874 ], [ 764894.830900000408292, 4483326.4233 ], [ 764902.568500000052154, 4483324.178899999707937 ], [ 764908.308699999935925, 4483322.682900000363588 ], [ 764913.051500000059605, 4483319.690500000491738 ], [ 764933.549300000071526, 4483302.395899999886751 ], [ 764936.783900000154972, 4483299.060699999332428 ], [ 764938.698900000192225, 4483289.562899999320507 ], [ 764941.855899999849498, 4483281.363700000569224 ], [ 764942.802299999631941, 4483272.847899999469519 ], [ 764941.855899999849498, 4483260.232899999246001 ], [ 764945.327899999916553, 4483251.7179000005126 ], [ 764957.321899999864399, 4483238.472100000828505 ], [ 764973.319500000216067, 4483214.138299999758601 ], [ 764979.878100000321865, 4483195.4901 ], [ 764980.887099999934435, 4483177.849899999797344 ], [ 764980.382500000298023, 4483171.297499999403954 ], [ 764954.128700000233948, 4483127.840900000184774 ], [ 764940.004900000058115, 4483111.208499999716878 ], [ 764927.394100000150502, 4483099.112700000405312 ], [ 764917.810100000351667, 4483087.520700000226498 ], [ 764922.208300000056624, 4483064.762499999254942 ], [ 764920.632699999958277, 4483053.112099999561906 ], [ 764921.577899999916553, 4483037.0537 ], [ 764921.262900000438094, 4483018.160499999299645 ], [ 764920.632699999958277, 4483007.454900000244379 ], [ 764921.653900000266731, 4483005.744100000709295 ], [ 764919.360700000077486, 4482985.274900000542402 ], [ 764914.075100000016391, 4482976.555500000715256 ], [ 764905.587100000120699, 4482966.096100000664592 ], [ 764880.252500000409782, 4482953.5055 ], [ 764867.807500000111759, 4482950.051300000399351 ], [ 764847.844700000248849, 4482942.5537 ], [ 764845.493700000457466, 4482941.586500000208616 ], [ 764841.760900000110269, 4482941.310100000351667 ], [ 764837.612300000153482, 4482941.44789999909699 ], [ 764825.996899999678135, 4482932.05350000038743 ], [ 764814.085699999704957, 4482922.896299999207258 ], [ 764807.585900000296533, 4482917.369899999350309 ], [ 764803.02350000012666, 4482912.119899999350309 ], [ 764795.832299999892712, 4482903.830299999564886 ], [ 764778.951500000432134, 4482891.097500000149012 ], [ 764769.548899999819696, 4482886.399900000542402 ], [ 764764.570299999788404, 4482884.880100000649691 ], [ 764756.550499999895692, 4482882.393300000578165 ], [ 764747.500500000081956, 4482881.655300000682473 ], [ 764748.370900000445545, 4482853.068900000303984 ], [ 764742.1557, 4482822.964500000700355 ], [ 764734.933100000023842, 4482809.45890000090003 ], [ 764722.39130000025034, 4482800.851299999281764 ], [ 764710.615299999713898, 4482792.194900000467896 ], [ 764701.55350000038743, 4482787.018300000578165 ], [ 764680.212899999693036, 4482777.251299999654293 ], [ 764667.502299999818206, 4482768.107100000604987 ], [ 764632.632500000298023, 4482744.86089999973774 ], [ 764614.771499999798834, 4482732.689099999144673 ], [ 764622.557900000363588, 4482709.551899999380112 ], [ 764657.521499999798834, 4482681.792500000447035 ], [ 764681.469100000336766, 4482647.810900000855327 ], [ 764731.759300000034273, 4482652.118300000205636 ], [ 764751.026499999687076, 4482608.621500000357628 ], [ 764796.471900000236928, 4482559.5987 ], [ 764828.606900000013411, 4482522.348099999129772 ], [ 764834.962700000032783, 4482511.379300000146031 ], [ 764836.118300000205636, 4482504.4517 ], [ 764845.940700000151992, 4482492.9057 ], [ 764853.452100000344217, 4482485.400900000706315 ], [ 764865.585699999704957, 4482476.74129999987781 ], [ 764872.519100000150502, 4482473.277499999850988 ], [ 764877.141499999910593, 4482471.545499999076128 ], [ 764889.364099999889731, 4482452.536299999803305 ], [ 764900.662899999879301, 4482437.654899999499321 ], [ 764917.097500000149012, 4482410.971300000324845 ], [ 764926.509499999694526, 4482394.2017 ], [ 764925.748300000093877, 4482392.173900000751019 ], [ 764924.987099999561906, 4482390.906300000846386 ], [ 764924.717699999921024, 4482387.911100000143051 ], [ 764927.473699999973178, 4482383.573300000280142 ], [ 764934.942099999636412, 4482377.08809999935329 ], [ 765060.066300000064075, 4482279.40430000051856 ], [ 765067.652700000442564, 4482265.386900000274181 ], [ 765054.094100000336766, 4482231.180700000375509 ], [ 765032.387900000438094, 4482171.134500000625849 ], [ 765006.594899999909103, 4482087.0055 ], [ 764992.668899999931455, 4482043.807900000363588 ], [ 764982.499900000169873, 4482006.55350000038743 ], [ 764957.393500000238419, 4481935.633500000461936 ], [ 764938.058299999684095, 4481881.648700000718236 ], [ 764932.973899999633431, 4481849.813100000843406 ], [ 764933.990699999965727, 4481834.5121 ], [ 764935.685499999672174, 4481816.562300000339746 ], [ 764945.466900000348687, 4481762.5779 ], [ 764946.153900000266731, 4481759.7643 ], [ 764948.159900000318885, 4481751.54869999922812 ], [ 764971.388700000010431, 4481627.868699999526143 ], [ 764972.182900000363588, 4481624.928300000727177 ], [ 764988.5625, 4481537.964299999177456 ], [ 764997.880300000309944, 4481491.687100000679493 ], [ 764982.049300000071526, 4481497.457900000736117 ], [ 764974.589900000020862, 4481491.370500000193715 ], [ 764870.186499999836087, 4481448.463899999856949 ], [ 764839.058299999684095, 4481395.9551 ], [ 764802.281700000166893, 4481363.947699999436736 ], [ 764785.443300000391901, 4481350.7668999992311 ], [ 764760.52309999987483, 4481335.015699999406934 ], [ 764704.520299999974668, 4481300.794700000435114 ], [ 764692.577899999916553, 4481296.753499999642372 ], [ 764664.851300000213087, 4481292.8531 ], [ 764518.027700000442564, 4481437.393699999898672 ], [ 764507.85190000012517, 4481460.636499999091029 ], [ 764468.102300000376999, 4481559.071900000795722 ], [ 764461.620500000193715, 4481619.58809999935329 ], [ 764455.448900000192225, 4481616.6623 ], [ 764448.004900000058115, 4481606.497500000521541 ], [ 764433.353500000201166, 4481589.574699999764562 ], [ 764417.473100000061095, 4481577.1787 ], [ 764405.562699999660254, 4481562.551300000399351 ], [ 764397.428899999707937, 4481550.965099999681115 ], [ 764378.193500000052154, 4481532.314899999648333 ], [ 764370.903500000014901, 4481527.679700000211596 ], [ 764354.335500000044703, 4481515.0987 ], [ 764335.759499999694526, 4481498.05210000090301 ], [ 764313.412299999967217, 4481478.788899999111891 ], [ 764304.134100000374019, 4481470.843100000172853 ], [ 764286.595099999569356, 4481454.909299999475479 ], [ 764272.137299999594688, 4481442.976099999621511 ], [ 764257.980899999849498, 4481431.000900000333786 ], [ 764241.637299999594688, 4481415.927500000223517 ], [ 764221.184899999760091, 4481391.684100000187755 ], [ 764205.784300000406802, 4481375.668500000610948 ], [ 764190.03830000013113, 4481356.0735 ], [ 764178.409099999815226, 4481335.975299999117851 ], [ 764177.151899999938905, 4481330.636900000274181 ], [ 764174.951899999752641, 4481325.612299999222159 ], [ 764158.608300000429153, 4481291.696900000795722 ], [ 764119.337299999780953, 4481221.390900000929832 ], [ 764090.563500000163913, 4481151.936300000175834 ], [ 764085.038499999791384, 4481143.987299999222159 ], [ 764082.828700000420213, 4481141.999900000169873 ], [ 764080.397699999623001, 4481140.012700000777841 ], [ 764030.552099999971688, 4481066.919099999591708 ], [ 764019.285099999979138, 4481028.793299999088049 ], [ 764024.729500000365078, 4481029.079700000584126 ], [ 764029.095499999821186, 4480964.752699999138713 ], [ 764020.721499999985099, 4480953.933299999684095 ], [ 764016.809700000099838, 4480946.084300000220537 ], [ 764015.676699999719858, 4480940.805500000715256 ], [ 764014.546900000423193, 4480921.075899999588728 ], [ 764022.292899999767542, 4480905.961500000208616 ], [ 764029.079900000244379, 4480886.733300000429153 ], [ 764035.566899999976158, 4480868.1579 ], [ 764041.852699999697506, 4480851.980499999597669 ], [ 764046.180700000375509, 4480841.935900000855327 ], [ 764054.418700000271201, 4480824.636499999091029 ], [ 764070.569299999624491, 4480795.436699999496341 ], [ 764089.134100000374019, 4480763.631100000813603 ], [ 764102.966699999757111, 4480739.548100000247359 ], [ 764112.630699999630451, 4480721.705900000408292 ], [ 764115.235700000077486, 4480716.903100000694394 ], [ 764117.904500000178814, 4480710.598300000652671 ], [ 764121.301500000059605, 4480701.216700000688434 ], [ 764126.133500000461936, 4480683.876299999654293 ], [ 764136.795699999667704, 4480642.017699999734759 ], [ 764147.9057, 4480599.075899999588728 ], [ 764156.404699999839067, 4480565.849099999293685 ], [ 764164.00870000012219, 4480540.445900000631809 ], [ 764176.870500000193715, 4480515.620899999514222 ], [ 764194.951299999840558, 4480483.394300000742078 ], [ 764212.42090000025928, 4480451.372700000181794 ], [ 764239.416500000283122, 4480401.5307 ], [ 764258.873300000093877, 4480366.186300000175834 ], [ 764284.193900000303984, 4480321.472100000828505 ], [ 764314.097299999557436, 4480271.110300000756979 ], [ 764341.319899999536574, 4480225.482300000265241 ], [ 764360.586500000208616, 4480191.944700000807643 ], [ 764374.389299999922514, 4480167.674699999392033 ], [ 764378.158099999651313, 4480160.325099999085069 ], [ 764382.121100000105798, 4480151.870500000193715 ], [ 764387.363099999725819, 4480138.992900000885129 ], [ 764394.377100000157952, 4480120.684499999508262 ], [ 764398.718100000172853, 4480108.31389999948442 ], [ 764404.226099999621511, 4480089.813500000163913 ], [ 764409.138100000098348, 4480072.221100000664592 ], [ 764409.702100000344217, 4480070.283299999311566 ], [ 764412.005099999718368, 4480062.374500000849366 ], [ 764421.525100000202656, 4480029.692500000819564 ], [ 764426.746100000105798, 4480013.402100000530481 ], [ 764431.483900000341237, 4480000.326500000432134 ], [ 764434.948900000192225, 4479992.477900000289083 ], [ 764438.720900000073016, 4479985.630100000649691 ], [ 764448.769700000062585, 4479971.116900000721216 ], [ 764458.019500000402331, 4479957.311499999836087 ], [ 764462.692300000227988, 4479950.1579 ], [ 764466.566300000064075, 4479943.4101 ], [ 764470.435300000011921, 4479936.060499999672174 ], [ 764474.397300000302494, 4479927.404699999839067 ], [ 764477.067099999636412, 4479920.865900000557303 ], [ 764479.430100000463426, 4479913.223300000652671 ], [ 764485.61710000038147, 4479890.905899999663234 ], [ 764493.849299999885261, 4479858.137900000438094 ], [ 764499.132299999706447, 4479835.62470000050962 ], [ 764500.977300000376999, 4479825.47690000012517 ], [ 764503.662499999627471, 4479804.886499999091029 ], [ 764507.307500000111759, 4479777.164300000295043 ], [ 764509.153699999675155, 4479767.016699999570847 ], [ 764511.785699999891222, 4479754.255100000649691 ], [ 764514.824699999764562, 4479742.394300000742078 ], [ 764517.581699999980628, 4479733.545700000599027 ], [ 764521.524500000290573, 4479721.779100000858307 ], [ 764524.286700000055134, 4479713.934299999848008 ], [ 764527.9545, 4479706.384700000286102 ], [ 764533.316499999724329, 4479696.818099999800324 ], [ 764543.26630000025034, 4479682.707699999213219 ], [ 764562.583899999968708, 4479657.499900000169873 ], [ 764579.290500000119209, 4479636.337099999189377 ], [ 764585.590300000272691, 4479628.356499999761581 ], [ 764610.088700000196695, 4479596.895899999886751 ], [ 764613.206699999980628, 4479592.920099999755621 ], [ 764634.289300000295043, 4479566.038499999791384 ], [ 764657.393699999898672, 4479536.492900000885129 ], [ 764672.03249999973923, 4479517.636900000274181 ], [ 764679.852300000376999, 4479506.712300000712276 ], [ 764680.690299999900162, 4479505.540300000458956 ], [ 764685.566300000064075, 4479498.58669999986887 ], [ 764691.132100000046194, 4479490.341099999845028 ], [ 764696.465099999681115, 4479481.947499999776483 ], [ 764700.306900000199676, 4479475.0767 ], [ 764702.763899999670684, 4479470.027899999171495 ], [ 764705.803899999707937, 4479463.26630000025034 ], [ 764707.947900000028312, 4479457.216499999165535 ], [ 764709.972900000400841, 4479449.460699999704957 ], [ 764711.111899999901652, 4479443.422900000587106 ], [ 764712.290900000371039, 4479431.759099999442697 ], [ 764712.627100000157952, 4479416.388499999418855 ], [ 764712.686300000175834, 4479394.091099999845028 ], [ 764712.132500000298023, 4479380.136299999430776 ], [ 764711.01549999974668, 4479369.703700000420213 ], [ 764709.813699999824166, 4479360.777699999511242 ], [ 764707.337899999693036, 4479345.538100000470877 ], [ 764702.770299999974668, 4479322.587300000712276 ], [ 764696.977699999697506, 4479297.8429000005126 ], [ 764690.654500000178814, 4479273.538100000470877 ], [ 764675.763500000350177, 4479253.063100000843406 ], [ 764671.794900000095367, 4479246.71309999935329 ], [ 764671.794900000095367, 4479239.569299999624491 ], [ 764684.811700000427663, 4479199.6513 ], [ 764685.8761, 4479190.997899999842048 ], [ 764688.341099999845028, 4479178.032299999147654 ], [ 764689.65610000025481, 4479173.032500000670552 ], [ 764696.478099999949336, 4479149.905300000682473 ], [ 764701.537100000306964, 4479135.179700000211596 ], [ 764702.922899999655783, 4479131.429300000891089 ], [ 764704.076100000180304, 4479127.788899999111891 ], [ 764708.8421, 4479113.916500000283122 ], [ 764714.035899999551475, 4479102.00789999961853 ], [ 764719.202899999916553, 4479091.817299999296665 ], [ 764723.422899999655783, 4479083.49269999936223 ], [ 764726.425900000147521, 4479077.568900000303984 ], [ 764740.995500000193715, 4479050.394099999219179 ], [ 764760.105299999937415, 4479015.837500000372529 ], [ 764768.722099999897182, 4479000.350099999457598 ], [ 764779.428899999707937, 4478981.11089999973774 ], [ 764783.550900000147521, 4478973.702099999412894 ], [ 764805.421500000171363, 4478934.395899999886751 ], [ 764819.583300000056624, 4478906.722899999469519 ], [ 764825.435100000351667, 4478894.293299999088049 ], [ 764827.635099999606609, 4478889.527499999850988 ], [ 764831.651100000366569, 4478880.377900000661612 ], [ 764836.352099999785423, 4478869.27930000051856 ], [ 764843.559899999760091, 4478848.612099999561906 ], [ 764850.929100000299513, 4478824.326899999752641 ], [ 764857.692900000140071, 4478799.7467 ], [ 764862.147900000214577, 4478784.533099999651313 ], [ 764865.17090000025928, 4478776.1645 ], [ 764867.619900000281632, 4478770.512700000777841 ], [ 764871.846900000236928, 4478762.030899999663234 ], [ 764880.731700000353158, 4478747.77250000089407 ], [ 764901.179299999959767, 4478716.216099999845028 ], [ 764920.240100000053644, 4478686.481300000101328 ], [ 764935.832899999804795, 4478661.002499999478459 ], [ 764952.983500000089407, 4478631.087899999693036 ], [ 764965.801300000399351, 4478608.268699999898672 ], [ 764967.356300000101328, 4478605.4989 ], [ 764977.660299999639392, 4478587.533700000494719 ], [ 764986.042100000195205, 4478573.88429999910295 ], [ 764991.293899999931455, 4478565.052699999883771 ], [ 764995.432900000363588, 4478559.13289999961853 ], [ 765006.330699999816716, 4478544.385700000450015 ], [ 765018.037499999627471, 4478528.032500000670552 ], [ 765024.096300000324845, 4478518.096899999305606 ], [ 765028.441300000064075, 4478510.067299999296665 ], [ 765032.593299999833107, 4478499.321699999272823 ], [ 765035.638299999758601, 4478488.976099999621511 ], [ 765038.485299999825656, 4478477.322300000116229 ], [ 765044.186499999836087, 4478451.402300000190735 ], [ 765053.472699999809265, 4478401.866699999198318 ], [ 765058.780899999663234, 4478372.727700000628829 ], [ 765063.783900000154972, 4478345.197499999776483 ], [ 765068.170099999755621, 4478322.288100000470877 ], [ 765071.323099999688566, 4478309.027699999511242 ], [ 765073.355100000277162, 4478301.392899999395013 ], [ 765076.798100000247359, 4478292.3553 ], [ 765082.466099999845028, 4478278.497700000181794 ], [ 765091.973899999633431, 4478257.614499999210238 ], [ 765103.910899999551475, 4478230.806500000879169 ], [ 765111.119699999690056, 4478214.786299999803305 ], [ 765112.450699999928474, 4478211.829299999400973 ], [ 765117.465699999593198, 4478200.685699999332428 ], [ 765131.122499999590218, 4478169.86089999973774 ], [ 765135.671500000171363, 4478160.82630000077188 ], [ 765140.92949999962002, 4478149.682700000703335 ], [ 765146.890300000086427, 4478139.244100000709295 ], [ 765151.446299999952316, 4478131.00650000013411 ], [ 765172.655100000090897, 4478086.510299999266863 ], [ 765172.295300000347197, 4478086.3059 ], [ 765175.218700000084937, 4478079.738099999725819 ], [ 765147.052699999883771, 4478070.850099999457598 ], [ 765142.285299999639392, 4478068.963700000196695 ], [ 765131.915699999779463, 4478065.206499999389052 ], [ 765118.767300000414252, 4478060.5483 ], [ 765108.5455, 4478056.707100000232458 ], [ 765094.461099999956787, 4478051.229699999094009 ], [ 765082.007699999958277, 4478047.0735 ], [ 765073.974899999797344, 4478043.934299999848008 ], [ 765060.641499999910593, 4478039.481899999082088 ], [ 765058.442499999888241, 4478038.531899999827147 ], [ 765056.171699999831617, 4478038.0929000005126 ], [ 764984.760300000198185, 4478010.032299999147654 ], [ 764980.924300000071526, 4478004.989099999889731 ], [ 764972.721900000236928, 4478001.7577 ], [ 764965.120900000445545, 4478001.588700000196695 ], [ 764956.00069999974221, 4478000.745300000533462 ], [ 764945.190700000151992, 4477999.226099999621511 ], [ 764927.286299999803305, 4477996.525699999183416 ], [ 764913.435700000263751, 4477995.344699999317527 ], [ 764905.321100000292063, 4477994.004100000485778 ], [ 764898.888100000098348, 4477993.777300000190735 ], [ 764897.904500000178814, 4477993.852700000628829 ], [ 764897.202100000344217, 4477994.13370000012219 ], [ 764885.046900000423193, 4477970.744899999350309 ], [ 764883.061300000175834, 4477960.821900000795722 ], [ 764878.426099999807775, 4477951.7807 ], [ 764869.574099999852479, 4477941.424900000914931 ], [ 764847.302699999883771, 4477909.950899999588728 ], [ 764833.525700000114739, 4477895.126499999314547 ], [ 764824.340099999681115, 4477886.301899999380112 ], [ 764807.383899999782443, 4477871.12470000050962 ], [ 764786.517099999822676, 4477855.187699999660254 ], [ 764750.429700000211596, 4477827.577099999412894 ], [ 764727.468100000172853, 4477811.693499999120831 ], [ 764701.615299999713898, 4477797.844900000840425 ], [ 764686.07149999961257, 4477787.255899999290705 ], [ 764650.333700000308454, 4477758.197699999436736 ], [ 764622.779500000178814, 4477738.784900000318885 ], [ 764605.115899999625981, 4477721.842299999669194 ], [ 764577.91469999961555, 4477692.89949999935925 ], [ 764551.663900000043213, 4477668.698100000619888 ], [ 764524.815899999812245, 4477642.226099999621511 ], [ 764508.565899999812245, 4477632.695900000631809 ], [ 764442.132699999958277, 4477614.300699999555945 ], [ 764436.480499999597669, 4477611.829700000584126 ], [ 764431.181499999947846, 4477607.947100000455976 ], [ 764425.175300000235438, 4477603.358899999409914 ], [ 764397.475300000049174, 4477583.845899999141693 ], [ 764355.049100000411272, 4477559.853700000792742 ], [ 764342.090699999593198, 4477554.361300000920892 ], [ 764350.337100000120699, 4477541.80629999935627 ], [ 764375.279699999839067, 4477515.692299999296665 ], [ 764381.47510000038892, 4477509.282500000670552 ], [ 764305.378700000233948, 4477401.788499999791384 ], [ 764273.683100000023842, 4477359.484300000593066 ], [ 764299.510499999858439, 4477339.649700000882149 ], [ 764311.910099999979138, 4477331.113299999386072 ], [ 764330.987499999813735, 4477317.0713 ], [ 764355.627899999730289, 4477298.595499999821186 ], [ 764365.822700000368059, 4477290.314099999144673 ], [ 764386.860100000165403, 4477274.543099999427795 ], [ 764405.96169999986887, 4477260.280099999159575 ], [ 764423.112300000153482, 4477247.227900000289083 ], [ 764435.416899999603629, 4477237.14049999974668 ], [ 764449.806499999947846, 4477226.849300000816584 ], [ 764476.331899999640882, 4477206.558499999344349 ], [ 764493.722500000149012, 4477192.534499999135733 ], [ 764502.558299999684095, 4477183.9189 ], [ 764520.907700000330806, 4477164.72690000012517 ], [ 764537.904500000178814, 4477147.133899999782443 ], [ 764552.65610000025481, 4477130.95890000090003 ], [ 764570.659699999727309, 4477108.807900000363588 ], [ 764578.660500000230968, 4477098.200500000268221 ], [ 764587.131299999542534, 4477083.393100000917912 ], [ 764601.723100000061095, 4477056.398299999535084 ], [ 764617.38910000026226, 4477026.366499999538064 ], [ 764629.97690000012517, 4477002.629499999806285 ], [ 764639.805700000375509, 4476985.0121 ], [ 764649.042500000447035, 4476967.241900000721216 ], [ 764651.677699999883771, 4476959.091299999505281 ], [ 764603.676099999807775, 4476959.811499999836087 ], [ 764512.769100000150502, 4476963.862700000405312 ], [ 764473.224700000137091, 4476965.119899999350309 ], [ 764456.0625, 4476966.065700000151992 ], [ 764437.802899999544024, 4476964.49129999987781 ], [ 764396.793700000271201, 4476959.25870000012219 ], [ 764303.214900000020862, 4476944.205900000408292 ], [ 764255.755099999718368, 4476937.222899999469519 ], [ 764199.516099999658763, 4476932.9551 ], [ 764091.4841, 4476931.974500000476837 ], [ 764110.025100000202656, 4476883.366900000721216 ], [ 764110.765700000338256, 4476882.034299999475479 ], [ 764111.357934450963512, 4476880.652422364801168 ], [ 764096.141956746578217, 4476897.004083429463208 ], [ 764060.342063174815848, 4476940.240821697749197 ], [ 763627.785650928271934, 4477675.671106925234199 ], [ 763622.008899999782443, 4477688.31110000051558 ], [ 763600.850499999709427, 4477694.321699999272823 ], [ 763566.085500000044703, 4477703.158299999311566 ], [ 763544.955299999564886, 4477708.057700000703335 ], [ 763523.206899999640882, 4477712.799699999392033 ], [ 763500.585699999704957, 4477718.011900000274181 ], [ 763484.171099999919534, 4477722.5603 ], [ 763471.433500000275671, 4477726.330700000748038 ], [ 763462.471900000236928, 4477729.317500000819564 ], [ 763452.039099999703467, 4477734.228900000452995 ], [ 763441.193500000052154, 4477740.382500000298023 ], [ 763429.712700000032783, 4477747.491900000721216 ], [ 763414.095300000160933, 4477757.3301 ], [ 763394.031700000166893, 4477769.819299999624491 ], [ 763387.728900000452995, 4477773.902899999171495 ], [ 763380.419099999591708, 4477778.637499999254942 ], [ 763379.782100000418723, 4477779.050499999895692 ], [ 763363.120500000193715, 4477789.773700000718236 ], [ 763345.499099999666214, 4477801.172900000587106 ], [ 763318.177699999883771, 4477817.833499999716878 ], [ 763297.215300000272691, 4477831.802500000223517 ], [ 763276.981900000013411, 4477844.707499999552965 ], [ 763260.286299999803305, 4477856.341700000688434 ], [ 763248.988699999637902, 4477864.680099999532104 ], [ 763246.605700000189245, 4477866.439099999144673 ], [ 763231.215099999681115, 4477877.976099999621511 ], [ 763226.417299999855459, 4477881.550899999216199 ], [ 763223.898299999535084, 4477883.427899999544024 ], [ 763217.827499999664724, 4477887.950500000268221 ], [ 763200.125900000333786, 4477900.97069999948144 ], [ 763184.887299999594688, 4477910.477900000289083 ], [ 763158.476099999621511, 4477927.172499999403954 ], [ 763141.39049999974668, 4477937.623700000345707 ], [ 763134.262699999846518, 4477942.081499999389052 ], [ 763131.641699999570847, 4477943.721300000324845 ], [ 763119.789099999703467, 4477951.134700000286102 ], [ 763095.804700000211596, 4477966.538499999791384 ], [ 763093.24170000012964, 4477968.9945 ], [ 763090.790900000371039, 4477970.724300000816584 ], [ 763072.322300000116229, 4477982.403300000354648 ], [ 763067.191499999724329, 4477986.1031 ], [ 763056.21169999986887, 4477994.021500000730157 ], [ 763044.202100000344217, 4478002.682900000363588 ], [ 763027.768500000238419, 4478013.71309999935329 ], [ 763019.678700000047684, 4478017.2179000005126 ], [ 763016.415900000371039, 4478018.440700000151992 ], [ 763012.430900000035763, 4478019.088500000536442 ], [ 762997.089499999769032, 4478021.6579 ], [ 762970.867300000041723, 4478025.430099999532104 ], [ 762955.714900000020862, 4478027.587500000372529 ], [ 762951.434899999760091, 4478028.1963 ], [ 762950.924899999983609, 4478028.269300000742078 ], [ 762928.1727, 4478031.011499999091029 ], [ 762917.778099999763072, 4478031.795099999755621 ], [ 762908.053299999795854, 4478031.751900000497699 ], [ 762889.806099999696016, 4478031.622300000861287 ], [ 762880.096300000324845, 4478031.979900000616908 ], [ 762874.709499999880791, 4478032.6787 ], [ 762868.544700000435114, 4478034.008500000461936 ], [ 762861.303899999707937, 4478036.079299999400973 ], [ 762852.995299999602139, 4478039.091900000348687 ], [ 762847.096300000324845, 4478042.215700000524521 ], [ 762832.962700000032783, 4478050.353900000452995 ], [ 762821.413099999539554, 4478057.895300000905991 ], [ 762808.569500000216067, 4478065.685699999332428 ], [ 762789.592899999581277, 4478075.705900000408292 ], [ 762783.8591, 4478078.323699999600649 ], [ 762770.962500000372529, 4478084.210100000724196 ], [ 762753.433100000023842, 4478092.6743 ], [ 762735.817499999888241, 4478101.541500000283122 ], [ 762734.337500000372529, 4478102.1963 ], [ 762730.124699999578297, 4478104.059299999848008 ], [ 762717.769100000150502, 4478109.523700000718236 ], [ 762698.80449999962002, 4478119.843699999153614 ], [ 762683.087100000120699, 4478128.542099999263883 ], [ 762669.313500000163913, 4478135.564500000327826 ], [ 762653.3739, 4478143.668700000271201 ], [ 762638.614299999549985, 4478151.128100000321865 ], [ 762623.772699999623001, 4478159.091299999505281 ], [ 762607.940100000239909, 4478167.392699999734759 ], [ 762600.276300000026822, 4478171.584300000220537 ], [ 762592.935499999672174, 4478176.364900000393391 ], [ 762584.140700000338256, 4478182.502499999478459 ], [ 762575.760900000110269, 4478189.025100000202656 ], [ 762570.495099999941885, 4478193.027699999511242 ], [ 762559.700299999676645, 4478201.840099999681115 ], [ 762538.799899999983609, 4478217.107100000604987 ], [ 762514.386500000022352, 4478233.885900000110269 ], [ 762489.023299999535084, 4478250.911499999463558 ], [ 762462.362900000065565, 4478266.683299999684095 ], [ 762446.685499999672174, 4478274.770500000566244 ], [ 762423.041100000031292, 4478284.950500000268221 ], [ 762405.206699999980628, 4478291.707699999213219 ], [ 762376.372499999590218, 4478301.601500000804663 ], [ 762352.357300000265241, 4478310.011499999091029 ], [ 762328.00789999961853, 4478317.3235 ], [ 762303.463700000196695, 4478325.124500000849366 ], [ 762288.407100000418723, 4478331.482899999246001 ], [ 762280.548299999907613, 4478334.723500000312924 ], [ 762269.717699999921024, 4478339.446100000292063 ], [ 762265.156899999827147, 4478341.433900000527501 ], [ 762241.214499999769032, 4478354.214700000360608 ], [ 762227.197900000028312, 4478362.247099999338388 ], [ 762211.409300000406802, 4478370.996300000697374 ], [ 762189.580900000408292, 4478383.535299999639392 ], [ 762166.286700000055134, 4478396.636299999430776 ], [ 762146.763100000098348, 4478407.781300000846386 ], [ 762125.38370000012219, 4478419.64130000025034 ], [ 762106.7972999997437, 4478428.273499999195337 ], [ 762075.644100000150502, 4478444.18889999948442 ], [ 762049.070899999700487, 4478456.717700000852346 ], [ 762043.28110000025481, 4478459.662499999627471 ], [ 762042.034099999815226, 4478460.3465 ], [ 762030.620500000193715, 4478466.469900000840425 ], [ 762029.083499999716878, 4478467.269899999722838 ], [ 762010.642900000326335, 4478477.459899999201298 ], [ 761993.38150000013411, 4478486.732100000604987 ], [ 761972.57010000012815, 4478497.961100000888109 ], [ 761956.689500000327826, 4478506.511499999091029 ], [ 761940.625900000333786, 4478515.9627 ], [ 761921.988499999977648, 4478526.255699999630451 ], [ 761900.594100000336766, 4478538.2917 ], [ 761882.552500000223517, 4478548.473899999633431 ], [ 761858.1091, 4478562.6557 ], [ 761845.793499999679625, 4478570.0471 ], [ 761833.7829, 4478577.831499999389052 ], [ 761823.545099999755621, 4478584.488900000229478 ], [ 761810.959499999880791, 4478593.47829999960959 ], [ 761799.455699999816716, 4478601.751700000837445 ], [ 761791.013899999670684, 4478608.575099999085069 ], [ 761783.265100000426173, 4478615.187699999660254 ], [ 761775.605299999937415, 4478621.20130000077188 ], [ 761767.374499999918044, 4478628.7179000005126 ], [ 761758.548700000159442, 4478636.345300000160933 ], [ 761748.357900000177324, 4478645.590900000184774 ], [ 761742.966099999845028, 4478650.36849999986589 ], [ 761741.220099999569356, 4478652.989299999549985 ], [ 761740.545099999755621, 4478654.1963 ], [ 761740.183100000023842, 4478656.195299999788404 ], [ 761731.308299999684095, 4478662.793700000271201 ], [ 761729.025500000454485, 4478663.23369999974966 ], [ 761725.67949999962002, 4478665.48450000025332 ], [ 761722.540699999779463, 4478668.130300000309944 ], [ 761717.346699999645352, 4478672.804099999368191 ], [ 761696.674300000071526, 4478691.797900000587106 ], [ 761677.468700000084937, 4478709.2719 ], [ 761659.529099999926984, 4478725.129899999126792 ], [ 761646.605499999597669, 4478737.5121 ], [ 761625.154900000430644, 4478757.515900000929832 ], [ 761610.059299999848008, 4478770.932099999859929 ], [ 761580.262099999934435, 4478797.559499999508262 ], [ 761561.739500000141561, 4478814.224500000476837 ], [ 761538.288099999539554, 4478833.766100000590086 ], [ 761518.481499999761581, 4478851.05210000090301 ], [ 761496.327100000344217, 4478870.67090000025928 ], [ 761467.1239, 4478897.087300000712276 ], [ 761440.665500000119209, 4478922.773700000718236 ], [ 761425.222900000400841, 4478938.016699999570847 ], [ 761407.18030000012368, 4478955.128699999302626 ], [ 761389.045699999667704, 4478971.927699999883771 ], [ 761374.814100000075996, 4478984.800899999216199 ], [ 761363.561300000175834, 4478995.3103 ], [ 761343.773699999786913, 4479013.5143 ], [ 761323.292299999855459, 4479032.344100000336766 ], [ 761312.334499999880791, 4479043.363299999386072 ], [ 761294.242899999953806, 4479060.314300000667572 ], [ 761276.890300000086427, 4479076.201500000432134 ], [ 761257.533900000154972, 4479092.93129999935627 ], [ 761239.464300000108778, 4479107.8213 ], [ 761220.868700000457466, 4479123.347300000488758 ], [ 761216.95990000013262, 4479126.6711 ], [ 761198.072300000116229, 4479143.587099999189377 ], [ 761180.574699999764562, 4479159.426100000739098 ], [ 761167.330099999904633, 4479171.482300000265241 ], [ 761159.350300000049174, 4479178.916899999603629 ], [ 761157.822100000455976, 4479180.311699999496341 ], [ 761389.587500000372529, 4479455.631899999454618 ], [ 761360.001500000245869, 4479486.470300000160933 ], [ 761217.644500000402331, 4479635.4529 ], [ 761137.910500000230968, 4479718.629300000146031 ], [ 761376.474700000137091, 4480026.703700000420213 ], [ 761424.165300000458956, 4479971.49269999936223 ], [ 761438.028500000014901, 4479954.711500000208616 ], [ 761465.787899999879301, 4479922.7061 ], [ 761525.933100000023842, 4479855.051300000399351 ], [ 761844.8591, 4479484.174699999392033 ], [ 761926.976700000464916, 4479389.479100000113249 ], [ 762000.810100000351667, 4479300.581499999389052 ], [ 762011.331699999980628, 4479324.622099999338388 ], [ 762010.768699999898672, 4479328.539100000634789 ], [ 762009.868300000205636, 4479359.640100000426173 ], [ 762007.041899999603629, 4479409.012900000438094 ], [ 762004.71750000026077, 4479458.481499999761581 ], [ 762002.105100000277162, 4479509.357100000604987 ], [ 762000.603500000201166, 4479560.923900000751019 ], [ 761998.770100000314415, 4479609.284499999135733 ], [ 761996.979700000025332, 4479651.927500000223517 ], [ 761995.784300000406802, 4479693.762299999594688 ], [ 761994.098899999633431, 4479736.80629999935627 ], [ 761992.61849999986589, 4479770.018300000578165 ], [ 761990.255300000309944, 4479805.245300000533462 ], [ 761985.599100000225008, 4479849.169099999591708 ], [ 761985.599837296991609, 4479849.168807275593281 ], [ 761985.599420084618032, 4479849.169227318838239 ], [ 761822.578435764880851, 4480078.729694796726108 ], [ 761637.425063890172169, 4480292.361887976527214 ], [ 761466.880908164428547, 4480524.634549211710691 ], [ 761257.372317658737302, 4480812.960581542924047 ], [ 761038.520168585469946, 4481132.951203246600926 ], [ 760859.960009778849781, 4481455.084106649272144 ], [ 760699.351275121443905, 4481687.483440560288727 ], [ 760348.664451651275158, 4482106.122034864500165 ] ] ] ] } },
{ "type": "Feature", "properties": { "fid": 20.0, "ogc_fid": 20.0, "district": "Contesto Rudiae Villaconvento", "_mean": 2.097856829278629, "_stdev": 2.2937323612289759, "_min": -7.1759662628173837, "_max": 8.5742702484130859 }, "geometry": { "type": "MultiPolygon", "coordinates": [ [ [ [ 762485.751156704034656, 4476121.189843764528632 ], [ 763529.280483777518384, 4475511.575710156932473 ], [ 763650.703580995555967, 4475419.610287412069738 ], [ 763882.054097588406876, 4475142.277059447020292 ], [ 764228.720632545067929, 4474725.738357599824667 ], [ 764295.718879974447191, 4474664.487949091941118 ], [ 764398.461500697303563, 4474609.164999471977353 ], [ 764504.078040880966, 4474584.018204190768301 ], [ 764780.333549048751593, 4474557.973309077322483 ], [ 764883.076169771607965, 4474531.389554064720869 ], [ 764977.91551197739318, 4474489.71772188320756 ], [ 765081.556232531787828, 4474415.534675802104175 ], [ 766511.690404202905484, 4473223.756199410185218 ], [ 766563.061714564450085, 4473198.250164194963872 ], [ 766928.990181400906295, 4473044.348841500468552 ], [ 766802.000527341384441, 4472656.467806925997138 ], [ 766723.377156360307708, 4472430.701428538188338 ], [ 766612.999335692380555, 4472289.128978602588177 ], [ 766481.559871267527342, 4472138.462822744622827 ], [ 766274.486365565098822, 4471997.145721914246678 ], [ 766078.560827859444544, 4471841.074396600946784 ], [ 765828.229481887770817, 4471629.869679309427738 ], [ 765699.611893505556509, 4471517.379546709358692 ], [ 765607.070108219981194, 4471369.142241793684661 ], [ 765607.070108216023073, 4471369.142241787165403 ], [ 765477.471326418919489, 4471424.262540771625936 ], [ 765345.600995284621604, 4471429.487788403406739 ], [ 765244.359724875772372, 4471334.239108495414257 ], [ 765101.667439199518412, 4471285.237837393768132 ], [ 765102.403099999763072, 4471299.925300000235438 ], [ 765093.254499999806285, 4471295.967299999669194 ], [ 765092.210699999704957, 4471295.456299999728799 ], [ 765076.558299999684095, 4471287.075099999085069 ], [ 765052.061300000175834, 4471274.243699999526143 ], [ 765038.153900000266731, 4471266.692500000819564 ], [ 765030.345300000160933, 4471262.9035 ], [ 765024.512500000186265, 4471260.638299999758601 ], [ 765020.858500000089407, 4471259.8903 ], [ 765007.883100000210106, 4471257.631100000813603 ], [ 764985.599899999797344, 4471254.162499999627471 ], [ 764962.2977, 4471250.965099999681115 ], [ 764925.453099999576807, 4471244.88230000063777 ], [ 764902.157100000418723, 4471240.6129 ], [ 764880.924700000323355, 4471237.7763 ], [ 764861.60950000025332, 4471235.069900000467896 ], [ 764857.266699999570847, 4471234.626900000497699 ], [ 764853.650899999774992, 4471234.760700000450015 ], [ 764850.141900000162423, 4471235.091700000688434 ], [ 764847.064100000075996, 4471236.211500000208616 ], [ 764840.731100000441074, 4471239.061300000175834 ], [ 764828.194500000216067, 4471245.561899999156594 ], [ 764810.624099999666214, 4471254.662100000306964 ], [ 764798.776499999687076, 4471260.73369999974966 ], [ 764793.66370000038296, 4471263.941500000655651 ], [ 764790.351700000464916, 4471266.880300000309944 ], [ 764787.166699999943376, 4471270.519099999219179 ], [ 764782.674899999983609, 4471276.922900000587106 ], [ 764777.695899999700487, 4471283.747700000181794 ], [ 764769.610100000165403, 4471293.604100000113249 ], [ 764760.117300000041723, 4471303.511700000613928 ], [ 764752.135499999858439, 4471310.749299999326468 ], [ 764747.13370000012219, 4471314.254100000485778 ], [ 764742.694899999536574, 4471316.630899999290705 ], [ 764735.655100000090897, 4471319.406700000166893 ], [ 764725.109299999661744, 4471322.613299999386072 ], [ 764718.124699999578297, 4471324.180099999532104 ], [ 764706.116899999789894, 4471325.931700000539422 ], [ 764702.307099999859929, 4471326.273700000718236 ], [ 764700.089300000108778, 4471326.154500000178814 ], [ 764698.36629999987781, 4471325.815500000491738 ], [ 764695.401499999687076, 4471324.5175 ], [ 764693.64850000012666, 4471323.374500000849366 ], [ 764687.222900000400841, 4471315.563500000163913 ], [ 764680.447100000455976, 4471306.458499999716878 ], [ 764677.411299999803305, 4471303.250499999150634 ], [ 764675.037499999627471, 4471301.627499999478459 ], [ 764672.685499999672174, 4471300.6085 ], [ 764669.9545, 4471300.206499999389052 ], [ 764664.525899999774992, 4471300.30629999935627 ], [ 764648.670300000347197, 4471301.395899999886751 ], [ 764635.144899999722838, 4471302.901499999687076 ], [ 764625.425099999643862, 4471303.965299999341369 ], [ 764621.317300000227988, 4471304.419099999591708 ], [ 764616.32050000037998, 4471305.307900000363588 ], [ 764610.429700000211596, 4471306.531700000166893 ], [ 764604.837899999693036, 4471307.6447 ], [ 764595.452100000344217, 4471309.27930000051856 ], [ 764593.842299999669194, 4471309.5603 ], [ 764589.239299999549985, 4471310.233300000429153 ], [ 764584.319500000216067, 4471310.516100000590086 ], [ 764576.077899999916553, 4471310.719900000840425 ], [ 764569.134100000374019, 4471310.674699999392033 ], [ 764559.672500000335276, 4471310.521500000730157 ], [ 764547.493900000117719, 4471310.368100000545382 ], [ 764541.458100000396371, 4471310.390900000929832 ], [ 764518.056900000199676, 4471311.457299999892712 ], [ 764497.498499999754131, 4471313.223899999633431 ], [ 764481.7511, 4471314.510299999266863 ], [ 764476.542299999855459, 4471315.1053 ], [ 764469.769899999722838, 4471315.887299999594688 ], [ 764462.844700000248849, 4471317.422900000587106 ], [ 764447.175300000235438, 4471320.818299999460578 ], [ 764431.115899999625981, 4471324.530899999663234 ], [ 764424.737099999561906, 4471325.578700000420213 ], [ 764405.786700000055134, 4471328.5691 ], [ 764397.060899999924004, 4471329.2939 ], [ 764354.322499999776483, 4471329.355699999257922 ], [ 764323.712500000372529, 4471328.6941 ], [ 764299.691499999724329, 4471328.209499999880791 ], [ 764279.201100000180304, 4471327.297900000587106 ], [ 764259.436900000087917, 4471326.86849999986589 ], [ 764251.694099999964237, 4471326.770300000905991 ], [ 764248.824300000444055, 4471326.734099999070168 ], [ 764242.3125, 4471326.650900000706315 ], [ 764211.102500000037253, 4471326.213300000876188 ], [ 764180.600700000301003, 4471325.750499999150634 ], [ 764154.459699999541044, 4471325.439899999648333 ], [ 764128.530500000342727, 4471325.426100000739098 ], [ 764107.457299999892712, 4471325.244699999690056 ], [ 764090.137900000438094, 4471325.237299999222159 ], [ 764074.5455, 4471325.371899999678135 ], [ 764066.979700000025332, 4471326.241699999198318 ], [ 764062.646900000050664, 4471326.89750000089407 ], [ 764057.335099999792874, 4471328.499299999326468 ], [ 764045.198499999940395, 4471333.394899999722838 ], [ 764039.92850000038743, 4471336.41469999961555 ], [ 764032.638700000010431, 4471339.124299999326468 ], [ 764024.119099999777973, 4471341.534099999815226 ], [ 764013.809500000439584, 4471343.853900000452995 ], [ 764004.669700000435114, 4471344.783500000834465 ], [ 763998.469899999909103, 4471345.713300000876188 ], [ 763989.790300000458956, 4471346.873099999502301 ], [ 763981.110500000417233, 4471348.972899999469519 ], [ 763975.356700000353158, 4471350.794700000435114 ], [ 763947.271499999798834, 4471358.347699999809265 ], [ 763920.709499999880791, 4471365.256899999454618 ], [ 763898.791100000031292, 4471371.168299999088049 ], [ 763874.268899999558926, 4471377.595300000160933 ], [ 763870.275100000202656, 4471378.62529999949038 ], [ 763835.089300000108778, 4471387.701099999248981 ], [ 763813.305900000035763, 4471393.613500000908971 ], [ 763798.775500000454485, 4471397.252900000661612 ], [ 763784.569899999536574, 4471400.884500000625849 ], [ 763767.146499999798834, 4471405.118899999186397 ], [ 763751.20409999974072, 4471409.723500000312924 ], [ 763738.868300000205636, 4471413.457900000736117 ], [ 763721.1409, 4471418.122500000521541 ], [ 763710.324300000444055, 4471421.309100000187755 ], [ 763613.435499999672174, 4471448.6009 ], [ 763608.923499999567866, 4471449.904699999839067 ], [ 763597.864900000393391, 4471453.098300000652671 ], [ 763597.380900000222027, 4471453.238299999386072 ], [ 763587.291299999691546, 4471456.241100000217557 ], [ 763577.874699999578297, 4471458.842700000852346 ], [ 763566.790900000371039, 4471461.87529999949038 ], [ 763558.078300000168383, 4471463.886099999770522 ], [ 763547.186499999836087, 4471466.205700000748038 ], [ 763537.936900000087917, 4471467.916500000283122 ], [ 763525.876299999654293, 4471469.6381 ], [ 763515.137699999846518, 4471470.929700000211596 ], [ 763508.874900000169873, 4471471.311699999496341 ], [ 763499.198300000280142, 4471471.4803 ], [ 763492.314500000327826, 4471471.2193 ], [ 763485.765700000338256, 4471470.645099999383092 ], [ 763479.619900000281632, 4471469.962899999693036 ], [ 763469.155299999751151, 4471468.181700000539422 ], [ 763448.194099999964237, 4471464.785299999639392 ], [ 763426.393899999558926, 4471461.006899999454618 ], [ 763417.875300000421703, 4471459.445699999108911 ], [ 763407.502700000070035, 4471457.406500000506639 ], [ 763402.215900000184774, 4471456.531300000846386 ], [ 763395.435100000351667, 4471455.129100000485778 ], [ 763384.472500000149012, 4471452.330900000408292 ], [ 763367.832299999892712, 4471447.989700000733137 ], [ 763349.119900000281632, 4471442.698300000280142 ], [ 763332.040500000119209, 4471438.029100000858307 ], [ 763320.747899999842048, 4471435.288899999111891 ], [ 763307.885499999858439, 4471432.712500000372529 ], [ 763264.194099999964237, 4471426.709699999541044 ], [ 763236.343100000172853, 4471423.321100000292063 ], [ 763210.811099999584258, 4471420.348500000312924 ], [ 763155.202100000344217, 4471414.682099999859929 ], [ 763122.194299999624491, 4471412.273499999195337 ], [ 763102.423100000247359, 4471410.997899999842048 ], [ 763093.021300000138581, 4471410.391699999570847 ], [ 763067.483300000429153, 4471408.531099999323487 ], [ 763042.651300000026822, 4471406.875499999150634 ], [ 763016.6091, 4471405.010900000110269 ], [ 762998.741899999789894, 4471403.799499999731779 ], [ 762993.031899999827147, 4471404.032299999147654 ], [ 762989.840699999593198, 4471405.685900000855327 ], [ 762988.4222999997437, 4471407.280300000682473 ], [ 762987.240500000305474, 4471409.111099999397993 ], [ 762986.918100000359118, 4471410.727099999785423 ], [ 762987.151899999938905, 4471422.84569999948144 ], [ 762989.193500000052154, 4471454.767899999395013 ], [ 762990.720300000160933, 4471470.63150000013411 ], [ 762993.414900000207126, 4471494.174900000914931 ], [ 762996.866499999538064, 4471526.711100000888109 ], [ 762997.41330000013113, 4471537.115900000557303 ], [ 762997.335099999792874, 4471550.949500000104308 ], [ 762996.663099999539554, 4471562.6601 ], [ 762995.921099999919534, 4471568.916899999603629 ], [ 762993.63289999961853, 4471580.819499999284744 ], [ 762988.138899999670684, 4471605.932700000703335 ], [ 762983.695700000040233, 4471623.681099999696016 ], [ 762970.282700000330806, 4471674.298499999567866 ], [ 762961.110700000077486, 4471707.065300000831485 ], [ 762951.117499999701977, 4471742.151100000366569 ], [ 762940.208499999716878, 4471778.442900000140071 ], [ 762927.059500000439584, 4471817.953500000759959 ], [ 762918.115500000305474, 4471846.077500000596046 ], [ 762903.310499999672174, 4471892.849700000137091 ], [ 762894.201500000432134, 4471925.014699999243021 ], [ 762874.756299999542534, 4471992.079299999400973 ], [ 762866.075299999676645, 4472022.410299999639392 ], [ 762860.5472999997437, 4472038.647700000554323 ], [ 762853.611299999989569, 4472056.194900000467896 ], [ 762846.964499999769032, 4472072.550499999895692 ], [ 762830.311499999836087, 4472111.174900000914931 ], [ 762819.623700000345707, 4472134.499099999666214 ], [ 762808.136699999682605, 4472159.076099999248981 ], [ 762802.212899999693036, 4472172.4605 ], [ 762797.107900000177324, 4472184.293099999427795 ], [ 762794.448900000192225, 4472191.661699999123812 ], [ 762790.805900000035763, 4472204.205299999564886 ], [ 762786.7489, 4472216.916899999603629 ], [ 762785.078900000080466, 4472224.563699999824166 ], [ 762782.366899999789894, 4472236.768300000578165 ], [ 762776.849499999545515, 4472277.526900000870228 ], [ 762775.676500000059605, 4472286.197699999436736 ], [ 762775.107499999925494, 4472290.402499999850988 ], [ 762770.567099999636412, 4472328.598500000312924 ], [ 762767.81290000025183, 4472349.6097 ], [ 762766.114900000393391, 4472362.070299999788404 ], [ 762764.140700000338256, 4472379.378900000825524 ], [ 762763.668700000271201, 4472388.520700000226498 ], [ 762763.436499999836087, 4472397.18129999935627 ], [ 762762.110500000417233, 4472404.246099999174476 ], [ 762760.017500000074506, 4472412.16190000064671 ], [ 762756.19550000037998, 4472424.3893 ], [ 762755.117499999701977, 4472429.455299999564886 ], [ 762755.067499999888241, 4472432.881100000813603 ], [ 762755.368300000205636, 4472437.039100000634789 ], [ 762756.164300000295043, 4472444.057900000363588 ], [ 762757.08629999961704, 4472449.370699999853969 ], [ 762758.054100000299513, 4472456.804500000551343 ], [ 762759.374900000169873, 4472470.419299999251962 ], [ 762758.806900000199676, 4472475.4211 ], [ 762758.057900000363588, 4472477.38289999961853 ], [ 762754.959499999880791, 4472517.079900000244379 ], [ 762753.23450000025332, 4472531.182499999180436 ], [ 762750.354299999773502, 4472551.059900000691414 ], [ 762741.662899999879301, 4472611.770899999886751 ], [ 762738.0777000002563, 4472637.250099999830127 ], [ 762735.555499999783933, 4472654.944499999284744 ], [ 762732.553100000135601, 4472705.526100000366569 ], [ 762726.954699999652803, 4472756.933499999344349 ], [ 762726.628700000233948, 4472759.932499999180436 ], [ 762724.85149999987334, 4472776.247899999842048 ], [ 762721.597500000149012, 4472798.902300000190735 ], [ 762718.97829999960959, 4472807.568900000303984 ], [ 762713.688299999572337, 4472827.722300000488758 ], [ 762709.750300000421703, 4472844.127699999138713 ], [ 762708.341300000436604, 4472852.85950000025332 ], [ 762707.574300000444055, 4472860.433299999684095 ], [ 762707.270100000314415, 4472865.016100000590086 ], [ 762706.693994451430626, 4472912.915445202961564 ], [ 762681.245687974966131, 4473005.470587251707911 ], [ 761181.778930939268321, 4473336.516141864471138 ], [ 760748.690100000239909, 4473547.394300000742078 ], [ 760750.288900000043213, 4473551.070299999788404 ], [ 760764.874099999666214, 4473584.605699999257922 ], [ 760770.00690000038594, 4473593.9627 ], [ 760779.707499999552965, 4473608.228499999269843 ], [ 760785.63329999987036, 4473615.342499999329448 ], [ 760800.763500000350177, 4473634.241499999538064 ], [ 760823.773699999786913, 4473664.065500000491738 ], [ 760830.512299999594688, 4473675.106300000101328 ], [ 760888.91370000038296, 4473770.782500000670552 ], [ 760893.059299999848008, 4473778.657500000670552 ], [ 760906.78969999961555, 4473805.294099999591708 ], [ 760941.827100000344217, 4473867.068499999120831 ], [ 760977.882299999706447, 4473932.069900000467896 ], [ 761003.634100000374019, 4473978.0735 ], [ 761013.10950000025332, 4473995.002299999818206 ], [ 761043.485100000165403, 4474046.7719 ], [ 761089.67989999987185, 4474124.665300000458956 ], [ 761131.367899999953806, 4474197.111700000241399 ], [ 761164.182300000451505, 4474252.295099999755621 ], [ 761212.36710000038147, 4474329.004499999806285 ], [ 761255.178100000135601, 4474398.214099999517202 ], [ 761302.464499999769032, 4474473.330299999564886 ], [ 761340.846499999985099, 4474534.340500000864267 ], [ 761376.029500000178814, 4474589.92989999987185 ], [ 761416.850300000049174, 4474657.5461 ], [ 761460.388100000098348, 4474721.458699999377131 ], [ 761493.557500000111759, 4474771.654100000858307 ], [ 761503.678299999795854, 4474786.177699999883771 ], [ 761520.160099999979138, 4474788.343900000676513 ], [ 761521.417700000107288, 4474788.740299999713898 ], [ 761524.788099999539554, 4474788.872500000521541 ], [ 761536.881299999542534, 4474793.140699999406934 ], [ 761558.933699999935925, 4474807.130699999630451 ], [ 761562.964700000360608, 4474812.110300000756979 ], [ 761568.418499999679625, 4474823.966499999165535 ], [ 761573.460500000044703, 4474840.720899999141693 ], [ 761575.539099999703467, 4474844.578700000420213 ], [ 761582.68790000025183, 4474867.384099999442697 ], [ 761589.818500000052154, 4474893.768500000238419 ], [ 761593.542500000447035, 4474902.9715 ], [ 761612.411700000055134, 4474931.183900000527501 ], [ 761616.453499999828637, 4474941.086500000208616 ], [ 761609.582299999892712, 4474971.198100000619888 ], [ 761608.970700000412762, 4474978.029100000858307 ], [ 761615.551500000059605, 4474988.214500000700355 ], [ 761628.823900000192225, 4475007.611300000920892 ], [ 761641.690100000239909, 4475026.812100000679493 ], [ 761656.184500000439584, 4475047.197100000455976 ], [ 761668.951700000092387, 4475065.614900000393391 ], [ 761674.485500000417233, 4475073.640900000929832 ], [ 761681.642099999822676, 4475082.814899999648333 ], [ 761648.069500000216067, 4475106.4901 ], [ 761650.909500000067055, 4475115.256100000813603 ], [ 761711.025700000114739, 4475181.083100000396371 ], [ 761736.900100000202656, 4475198.828500000759959 ], [ 761746.501500000245869, 4475207.520300000905991 ], [ 761762.822100000455976, 4475226.851299999281764 ], [ 761805.183500000275671, 4475267.3903 ], [ 761819.353099999949336, 4475291.400100000202656 ], [ 761819.984699999913573, 4475291.637499999254942 ], [ 761821.242899999953806, 4475290.928300000727177 ], [ 761827.624900000169873, 4475285.184100000187755 ], [ 761835.154299999587238, 4475291.396500000730157 ], [ 761836.625300000421703, 4475293.364299999549985 ], [ 761843.231900000013411, 4475297.927500000223517 ], [ 761852.676500000059605, 4475304.454500000923872 ], [ 761860.611100000329316, 4475310.874500000849366 ], [ 761873.349700000137091, 4475321.00870000012219 ], [ 761882.551300000399351, 4475327.913699999451637 ], [ 761888.408900000154972, 4475333.1217 ], [ 761895.871700000017881, 4475340.7357 ], [ 761900.598500000312924, 4475345.849700000137091 ], [ 761903.601300000213087, 4475349.648700000718236 ], [ 761904.894100000150502, 4475352.36570000089705 ], [ 761905.485100000165403, 4475355.397700000554323 ], [ 762013.657700000330806, 4475323.005699999630451 ], [ 762050.885499999858439, 4475311.4847 ], [ 762071.221099999733269, 4475303.758500000461936 ], [ 762112.770899999886751, 4475286.394500000402331 ], [ 762119.192300000227988, 4475287.023900000378489 ], [ 762149.860299999825656, 4475309.5987 ], [ 762160.195700000040233, 4475264.418299999088049 ], [ 762207.72829999960959, 4475277.692099999636412 ], [ 762246.946100000292063, 4475282.241699999198318 ], [ 762256.224700000137091, 4475287.665100000798702 ], [ 762274.648900000378489, 4475303.506300000473857 ], [ 762296.278300000354648, 4475333.063699999824166 ], [ 762313.729100000113249, 4475349.144899999722838 ], [ 762330.192099999636412, 4475369.827099999412894 ], [ 762346.251500000245869, 4475391.431500000879169 ], [ 762360.613900000229478, 4475400.424100000411272 ], [ 762500.062300000339746, 4475691.476700000464916 ], [ 762510.008899999782443, 4475704.36710000038147 ], [ 762565.238900000229478, 4475762.517699999734759 ], [ 762586.634300000034273, 4475788.152499999850988 ], [ 762602.959699999541044, 4475824.342499999329448 ], [ 762573.856499999761581, 4475851.9835 ], [ 762469.741499999538064, 4475848.489700000733137 ], [ 762428.067699999548495, 4475861.104699999094009 ], [ 762424.105100000277162, 4475863.475299999117851 ], [ 762398.876899999566376, 4475896.506699999794364 ], [ 762363.413099999539554, 4475941.0285 ], [ 762393.064699999988079, 4475969.473899999633431 ], [ 762414.627700000070035, 4475990.91330000013113 ], [ 762420.149699999950826, 4475996.948100000619888 ], [ 762423.480499999597669, 4476000.869100000709295 ], [ 762425.862499999813735, 4476004.295099999755621 ], [ 762427.964300000108778, 4476009.520899999886751 ], [ 762430.82010000012815, 4476017.337899999693036 ], [ 762437.884700000286102, 4476040.427500000223517 ], [ 762444.652300000190735, 4476060.025100000202656 ], [ 762445.698099999688566, 4476062.834699999541044 ], [ 762452.229100000113249, 4476083.9123 ], [ 762472.811700000427663, 4476105.97690000012517 ], [ 762484.027099999599159, 4476119.429700000211596 ], [ 762485.751156704034656, 4476121.189843764528632 ] ] ] ] } },
{ "type": "Feature", "properties": { "fid": 21.0, "ogc_fid": 21.0, "district": "Industriale", "_mean": -0.63639435651738896, "_stdev": 2.4303387288225111, "_min": -11.110105514526367, "_max": 7.68216896057129 }, "geometry": { "type": "MultiPolygon", "coordinates": [ [ [ [ 766928.990181400906295, 4473044.348841500468552 ], [ 766563.061714564450085, 4473198.250164194963872 ], [ 766511.690404202905484, 4473223.756199410185218 ], [ 765081.556232531787828, 4474415.534675802104175 ], [ 764977.91551197739318, 4474489.71772188320756 ], [ 764883.076169771607965, 4474531.389554064720869 ], [ 764780.333549048751593, 4474557.973309077322483 ], [ 764504.078040880966, 4474584.018204190768301 ], [ 764398.461500697303563, 4474609.164999471977353 ], [ 764295.718879974447191, 4474664.487949091941118 ], [ 764228.720632545067929, 4474725.738357599824667 ], [ 763882.054097588406876, 4475142.277059447020292 ], [ 763650.703580995555967, 4475419.610287412069738 ], [ 763529.280483777518384, 4475511.575710156932473 ], [ 762485.751156704034656, 4476121.189843764528632 ], [ 762490.734699999913573, 4476126.277699999511242 ], [ 762499.133500000461936, 4476135.395700000226498 ], [ 762512.910699999891222, 4476149.097699999809265 ], [ 762534.56969999987632, 4476170.9847 ], [ 762559.649699999950826, 4476196.353900000452995 ], [ 762580.666699999943376, 4476217.424900000914931 ], [ 762582.772499999962747, 4476218.783900000154972 ], [ 762583.991499999538064, 4476219.303899999707937 ], [ 762586.613300000317395, 4476219.962899999693036 ], [ 762606.853699999861419, 4476224.223500000312924 ], [ 762631.654699999839067, 4476230.0461 ], [ 762633.784699999727309, 4476231.247099999338388 ], [ 762635.114699999801815, 4476232.618100000545382 ], [ 762636.152499999850988, 4476234.203099999576807 ], [ 762636.90749999973923, 4476236.301100000739098 ], [ 762637.061099999584258, 4476263.21030000038445 ], [ 762638.160899999551475, 4476279.281899999827147 ], [ 762638.54590000025928, 4476287.6097 ], [ 762638.869900000281632, 4476290.35249999910593 ], [ 762639.683699999935925, 4476291.86769999936223 ], [ 762639.880099999718368, 4476292.022900000214577 ], [ 762644.671699999831617, 4476322.745500000193715 ], [ 762643.73450000025332, 4476337.741699999198318 ], [ 762648.108300000429153, 4476357.736700000241399 ], [ 762652.794700000435114, 4476367.109300000593066 ], [ 762654.356700000353158, 4476376.16950000077486 ], [ 762657.280299999751151, 4476391.012700000777841 ], [ 762658.482900000177324, 4476402.835100000724196 ], [ 762659.895700000226498, 4476410.011900000274181 ], [ 762658.600300000049174, 4476429.306700000539422 ], [ 762658.139499999582767, 4476453.5943 ], [ 762657.344899999909103, 4476474.901900000870228 ], [ 762658.853099999949336, 4476500.163100000470877 ], [ 762658.506299999542534, 4476521.219100000336766 ], [ 762655.461500000208616, 4476539.606699999421835 ], [ 762652.411100000143051, 4476568.641100000590086 ], [ 762651.7511, 4476615.288899999111891 ], [ 762652.941899999976158, 4476624.630300000309944 ], [ 762662.208499999716878, 4476640.901699999347329 ], [ 762663.482300000265241, 4476644.657299999147654 ], [ 762664.856100000441074, 4476648.707100000232458 ], [ 762663.450699999928474, 4476657.949500000104308 ], [ 762671.63190000038594, 4476660.8235 ], [ 762661.019500000402331, 4476687.46309999935329 ], [ 762702.386300000362098, 4476704.356300000101328 ], [ 762696.322100000455976, 4476727.530500000342727 ], [ 762716.745500000193715, 4476732.226299999281764 ], [ 762708.709099999628961, 4476749.947100000455976 ], [ 762692.901100000366569, 4476793.057099999859929 ], [ 762689.43709999974817, 4476818.925100000575185 ], [ 762690.067099999636412, 4476843.7961 ], [ 762688.684100000187755, 4476844.914100000634789 ], [ 762692.431099999696016, 4476848.015100000426173 ], [ 762715.257100000046194, 4476851.161100000143051 ], [ 762749.497100000269711, 4476856.469100000336766 ], [ 762784.524100000038743, 4476860.991100000217557 ], [ 762791.619500000029802, 4476861.569900000467896 ], [ 762807.652499999850988, 4476863.546299999579787 ], [ 762807.551099999807775, 4476863.804099999368191 ], [ 762830.016099999658763, 4476867.210100000724196 ], [ 762830.065100000239909, 4476867.04109999909997 ], [ 762841.661700000055134, 4476868.063100000843406 ], [ 762841.815100000239909, 4476868.13910000026226 ], [ 762850.844100000336766, 4476870.099099999293685 ], [ 762870.141099999658763, 4476873.05210000090301 ], [ 762875.021099999547005, 4476874.003100000321865 ], [ 762876.64809999987483, 4476875.230100000277162 ], [ 762878.306099999696016, 4476877.5581 ], [ 762879.729100000113249, 4476881.196100000292063 ], [ 762884.684100000187755, 4476895.856100000441074 ], [ 762888.874099999666214, 4476907.66609999909997 ], [ 762891.901499999687076, 4476915.057299999520183 ], [ 762895.178299999795854, 4476913.317900000140071 ], [ 762928.860299999825656, 4476905.51630000025034 ], [ 762970.809700000099838, 4476897.991499999538064 ], [ 763000.50789999961853, 4476895.180299999192357 ], [ 763040.297100000083447, 4476896.44510000012815 ], [ 763067.970900000073016, 4476902.046499999240041 ], [ 763065.998700000345707, 4476916.6107 ], [ 763064.359699999913573, 4476922.6535 ], [ 763059.385700000450015, 4476939.489900000393391 ], [ 763054.321700000204146, 4476954.989299999549985 ], [ 763049.033699999563396, 4476972.070699999108911 ], [ 763044.888700000010431, 4476984.839299999177456 ], [ 763037.900700000114739, 4477005.288499999791384 ], [ 763034.191700000315905, 4477013.450099999085069 ], [ 763029.174899999983609, 4477023.062699999660254 ], [ 763020.697900000028312, 4477038.3991 ], [ 763013.186099999584258, 4477051.959499999880791 ], [ 763000.52309999987483, 4477076.91330000013113 ], [ 762988.925499999895692, 4477097.154500000178814 ], [ 762985.468500000424683, 4477103.0493 ], [ 762976.449500000104308, 4477123.078500000759959 ], [ 762971.964499999769032, 4477132.997899999842048 ], [ 762968.087500000372529, 4477145.345499999821186 ], [ 762964.218500000424683, 4477159.806099999696016 ], [ 762959.46750000026077, 4477176.432499999180436 ], [ 762953.154500000178814, 4477199.180700000375509 ], [ 762950.316499999724329, 4477227.265900000929832 ], [ 762950.712500000372529, 4477232.249099999666214 ], [ 762951.313699999824166, 4477235.63910000026226 ], [ 762953.360500000417233, 4477236.601099999621511 ], [ 763018.542899999767542, 4477252.956499999389052 ], [ 763167.925499999895692, 4477298.0131 ], [ 763224.467899999581277, 4477313.472699999809265 ], [ 763237.420099999755621, 4477322.609300000593066 ], [ 763437.618300000205636, 4477459.660499999299645 ], [ 763439.813699999824166, 4477461.904699999839067 ], [ 763449.574300000444055, 4477470.126900000497699 ], [ 763460.6557, 4477478.922900000587106 ], [ 763468.553299999795854, 4477484.777100000530481 ], [ 763474.870099999941885, 4477488.241100000217557 ], [ 763476.935499999672174, 4477488.564500000327826 ], [ 763482.481900000013411, 4477492.593299999833107 ], [ 763490.838499999605119, 4477499.137299999594688 ], [ 763495.635300000198185, 4477503.928300000727177 ], [ 763501.137900000438094, 4477512.804300000891089 ], [ 763510.261500000022352, 4477526.961300000548363 ], [ 763522.281899999827147, 4477543.426100000739098 ], [ 763530.722500000149012, 4477556.5241 ], [ 763537.85010000038892, 4477566.894099999219179 ], [ 763546.062699999660254, 4477578.293099999427795 ], [ 763553.607300000265241, 4477588.83390000090003 ], [ 763562.008899999782443, 4477598.705900000408292 ], [ 763572.033300000242889, 4477614.107899999246001 ], [ 763578.447100000455976, 4477623.0168999992311 ], [ 763587.336500000208616, 4477635.374900000169873 ], [ 763600.003899999894202, 4477652.397700000554323 ], [ 763611.344499999657273, 4477668.476700000464916 ], [ 763616.309430320747197, 4477677.597097045741975 ], [ 763622.008899999782443, 4477688.31110000051558 ], [ 763627.785650928271934, 4477675.671106925234199 ], [ 764060.342063174815848, 4476940.240821697749197 ], [ 764096.141956746578217, 4476897.004083429463208 ], [ 764111.357934450963512, 4476880.652422364801168 ], [ 764125.1239, 4476848.531899999827147 ], [ 764144.933299999684095, 4476802.310100000351667 ], [ 764166.939100000075996, 4476750.963500000536442 ], [ 764114.234899999573827, 4476715.944900000467896 ], [ 764092.048299999907613, 4476694.8871 ], [ 764070.653500000014901, 4476678.063300000503659 ], [ 764093.031499999575317, 4476549.38429999910295 ], [ 764130.395100000314415, 4476560.750900000333786 ], [ 764132.940499999560416, 4476556.937699999660254 ], [ 764154.263100000098348, 4476330.5471 ], [ 764165.227500000037253, 4476305.622099999338388 ], [ 764314.598500000312924, 4476099.576099999248981 ], [ 764323.363499999977648, 4476086.580900000408292 ], [ 764331.680700000375509, 4476074.945900000631809 ], [ 764325.376500000245869, 4476070.055700000375509 ], [ 764324.6579, 4476063.162900000810623 ], [ 764325.951500000432134, 4476053.111099999397993 ], [ 764337.152499999850988, 4476027.433900000527501 ], [ 764353.384499999694526, 4475984.8277000002563 ], [ 764368.769500000402331, 4475943.9679000005126 ], [ 764378.770299999974668, 4475935.668099999427795 ], [ 764382.1875, 4475929.61629999987781 ], [ 764386.786500000394881, 4475921.470499999821186 ], [ 764394.209300000220537, 4475908.321100000292063 ], [ 764413.694899999536574, 4475876.371500000357628 ], [ 764425.187699999660254, 4475858.607300000265241 ], [ 764431.641699999570847, 4475850.424699999392033 ], [ 764444.531299999915063, 4475835.579500000923872 ], [ 764450.563299999572337, 4475828.400900000706315 ], [ 764485.337500000372529, 4475786.761900000274181 ], [ 764496.956299999728799, 4475773.302699999883771 ], [ 764503.916100000031292, 4475765.239099999889731 ], [ 764506.89809999987483, 4475761.785299999639392 ], [ 764512.307900000363588, 4475755.5175 ], [ 764522.705699999816716, 4475743.472100000828505 ], [ 764528.974499999545515, 4475736.362500000745058 ], [ 764541.600300000049174, 4475721.074300000444055 ], [ 764557.155899999663234, 4475700.988299999386072 ], [ 764572.9227, 4475672.868300000205636 ], [ 764574.622700000181794, 4475669.8355 ], [ 764575.285699999891222, 4475668.652499999850988 ], [ 764589.302500000223517, 4475643.562699999660254 ], [ 764592.791500000283122, 4475638.652899999171495 ], [ 764596.627299999818206, 4475634.557099999859929 ], [ 764604.081100000068545, 4475629.066500000655651 ], [ 764626.575500000268221, 4475617.0143 ], [ 764651.558699999935925, 4475605.277499999850988 ], [ 764670.031299999915063, 4475595.50929999910295 ], [ 764675.433100000023842, 4475593.0965 ], [ 764687.892699999734759, 4475585.835899999365211 ], [ 764693.0777000002563, 4475580.697300000116229 ], [ 764698.094499999657273, 4475575.152499999850988 ], [ 764704.634300000034273, 4475567.098899999633431 ], [ 764714.239099999889731, 4475553.750499999150634 ], [ 764722.963100000284612, 4475539.993100000545382 ], [ 764743.205699999816716, 4475509.134500000625849 ], [ 764748.921500000171363, 4475498.402100000530481 ], [ 764749.856100000441074, 4475496.042500000447035 ], [ 764742.415300000458956, 4475489.979499999433756 ], [ 764676.817900000140071, 4475439.671900000423193 ], [ 764688.549499999731779, 4475428.434100000187755 ], [ 764692.036299999803305, 4475425.510099999606609 ], [ 764709.181900000199676, 4475411.874900000169873 ], [ 764731.177299999631941, 4475394.729100000113249 ], [ 764755.514700000174344, 4475375.063300000503659 ], [ 764780.128100000321865, 4475353.4035 ], [ 764786.076899999752641, 4475348.878900000825524 ], [ 764791.174700000323355, 4475345.996099999174476 ], [ 764796.638700000010431, 4475343.5483 ], [ 764815.114099999889731, 4475338.912900000810623 ], [ 764835.126299999654293, 4475334.00870000012219 ], [ 764852.706899999640882, 4475328.845300000160933 ], [ 764860.338700000196695, 4475326.623500000685453 ], [ 764870.283300000242889, 4475322.798900000751019 ], [ 764877.535099999979138, 4475318.319299999624491 ], [ 764885.538900000043213, 4475312.171700000762939 ], [ 764897.142699999734759, 4475304.002100000157952 ], [ 764907.558299999684095, 4475297.10869999974966 ], [ 764923.389899999834597, 4475287.061300000175834 ], [ 764941.131299999542534, 4475276.630100000649691 ], [ 764954.176099999807775, 4475268.667700000107288 ], [ 764978.026300000026822, 4475254.063699999824166 ], [ 764995.546900000423193, 4475242.538499999791384 ], [ 765001.266699999570847, 4475238.3059 ], [ 765004.607499999925494, 4475235.942099999636412 ], [ 765008.497499999590218, 4475231.735300000756979 ], [ 765014.162499999627471, 4475226.579500000923872 ], [ 765018.517300000414252, 4475221.549699999392033 ], [ 765027.535099999979138, 4475210.859300000593066 ], [ 765037.938900000415742, 4475195.577099999412894 ], [ 765048.158699999563396, 4475179.159700000658631 ], [ 765054.480700000189245, 4475169.25870000012219 ], [ 765055.475300000049174, 4475168.039100000634789 ], [ 765055.605499999597669, 4475167.725299999117851 ], [ 765060.399500000290573, 4475159.989499999210238 ], [ 765067.730299999937415, 4475148.394099999219179 ], [ 765076.087299999780953, 4475134.686699999496341 ], [ 765084.143099999986589, 4475122.937100000679493 ], [ 765103.859299999661744, 4475099.392899999395013 ], [ 765147.035500000230968, 4475064.30629999935627 ], [ 765147.918499999679625, 4475063.476500000804663 ], [ 765170.939100000075996, 4475040.875700000673532 ], [ 765172.894299999810755, 4475038.372700000181794 ], [ 765180.882299999706447, 4475024.061300000175834 ], [ 765180.882299999706447, 4475008.908900000154972 ], [ 765210.078499999828637, 4474964.190899999812245 ], [ 765272.994300000369549, 4474918.743899999186397 ], [ 765364.720300000160933, 4474865.7467 ], [ 765386.326899999752641, 4474855.147299999371171 ], [ 765397.064100000075996, 4474853.316500000655651 ], [ 765443.266699999570847, 4474845.438699999824166 ], [ 765474.791500000283122, 4474840.063500000163913 ], [ 765528.722500000149012, 4474824.693099999800324 ], [ 765556.325699999928474, 4474816.826099999248981 ], [ 765586.900899999774992, 4474808.672700000926852 ], [ 765655.7972999997437, 4474790.327500000596046 ], [ 765724.285899999551475, 4474755.675499999895692 ], [ 765773.614099999889731, 4474714.908500000834465 ], [ 765840.472099999897182, 4474656.2039 ], [ 765874.691499999724329, 4474622.252100000157952 ], [ 765892.654099999926984, 4474604.429700000211596 ], [ 765957.135900000110269, 4474550.379499999806285 ], [ 765985.845300000160933, 4474516.919700000435114 ], [ 765993.503899999894202, 4474522.600700000301003 ], [ 766021.025899999774992, 4474543.018100000917912 ], [ 766117.645700000226498, 4474613.633099999278784 ], [ 766151.017300000414252, 4474635.77250000089407 ], [ 766197.205099999904633, 4474589.732899999246001 ], [ 766232.914300000295043, 4474553.44789999909699 ], [ 766245.916899999603629, 4474540.4715 ], [ 766253.124900000169873, 4474533.277899999171495 ], [ 766275.040300000458956, 4474511.405899999663234 ], [ 766310.254300000146031, 4474477.225700000301003 ], [ 766375.087700000032783, 4474416.861099999397993 ], [ 766409.802899999544024, 4474386.466700000688434 ], [ 766454.855700000189245, 4474347.326899999752641 ], [ 766463.840499999932945, 4474342.695299999788404 ], [ 766469.900299999862909, 4474338.371500000357628 ], [ 766487.104899999685585, 4474323.308299999684095 ], [ 766494.188699999824166, 4474314.034700000658631 ], [ 766521.629900000058115, 4474292.121099999174476 ], [ 766529.068900000303984, 4474286.844499999657273 ], [ 766540.501699999906123, 4474263.16330000013113 ], [ 766545.710900000296533, 4474258.937300000339746 ], [ 766552.460900000296533, 4474253.461500000208616 ], [ 766563.442699999548495, 4474244.552500000223517 ], [ 766569.870900000445545, 4474239.3377 ], [ 766599.431099999696016, 4474214.841099999845028 ], [ 766617.561700000427663, 4474199.939899999648333 ], [ 766638.394100000150502, 4474182.57289999909699 ], [ 766658.944500000216067, 4474165.624900000169873 ], [ 766683.875900000333786, 4474145.414100000634789 ], [ 766718.681099999696016, 4474116.800699999555945 ], [ 766778.57149999961257, 4474067.058499999344349 ], [ 766803.889700000174344, 4474046.524700000882149 ], [ 766826.575100000016391, 4474027.846699999645352 ], [ 766844.677099999971688, 4474013.30210000090301 ], [ 766845.013700000010431, 4474013.031700000166893 ], [ 766863.212299999780953, 4473999.441500000655651 ], [ 766877.162899999879301, 4473989.714099999517202 ], [ 766893.864299999549985, 4473978.426699999719858 ], [ 766909.837899999693036, 4473968.694499999284744 ], [ 766929.447300000116229, 4473956.952299999073148 ], [ 766949.979700000025332, 4473945.465099999681115 ], [ 766969.684100000187755, 4473935.537900000810623 ], [ 766993.57149999961257, 4473924.380699999630451 ], [ 767014.416699999943376, 4473915.001499999314547 ], [ 767024.970499999821186, 4473910.501900000497699 ], [ 767065.205299999564886, 4473892.343499999493361 ], [ 767074.708499999716878, 4473888.11769999936223 ], [ 767098.83669999986887, 4473856.200899999588728 ], [ 767160.138500000350177, 4473814.92989999987185 ], [ 767255.270105971721932, 4473753.996772629208863 ], [ 767249.020084110321477, 4473745.098461348563433 ], [ 767159.701978819794022, 4473614.391132084652781 ], [ 767088.523046632995829, 4473475.889911998063326 ], [ 766943.928372112452053, 4473089.976502357982099 ], [ 766928.990181400906295, 4473044.348841500468552 ] ] ] ] } }
]
}
